id_a,id_b,similarity,Name_a,Class_a,Location_a,Name_b,Class_b,Location_b
287,293,1.0000008,Banker,Human,Bank,Banker,Werewolf,Canifis
287,298,1.0000008,Banker,Human,Bank,Banker,Human,Draynor Village
287,317,1.0000008,Banker,Human,Bank,Banker,Human,Tutorial Island
287,1520,1.0000008,Banker,Human,Bank,Fry,Human,Rabbit Hole
298,1520,1.0000008,Banker,Human,Draynor Village,Fry,Human,Rabbit Hole
298,317,1.0000008,Banker,Human,Draynor Village,Banker,Human,Tutorial Island
293,298,1.0000008,Banker,Werewolf,Canifis,Banker,Human,Draynor Village
293,1520,1.0000008,Banker,Werewolf,Canifis,Fry,Human,Rabbit Hole
293,317,1.0000008,Banker,Werewolf,Canifis,Banker,Human,Tutorial Island
317,1520,1.0000008,Banker,Human,Tutorial Island,Fry,Human,Rabbit Hole
649,3111,1.0000007,Captain Wimto,Gnome,? (edit),Portobello,Gnome,
1996,3407,1.0000007,Hudon,Human,Baxtorian Falls,Sammy Servil,Human,Fight Arena prison
2588,4147,1.0000006,Marmor quo Narga,Kahlith,Mount Karuulm,Uurrak quo Narga,Kahlith,Mount Karuulm
2548,4226,1.0000006,Mallak quo Keran,Kahlith,Mount Karuulm,Vortas quo Keran,Kahlith,Mount Karuulm
2548,4225,1.0000006,Mallak quo Keran,Kahlith,Mount Karuulm,Vornas quo Maten,Kahlith,Mount Karuulm
2548,4147,1.0000006,Mallak quo Keran,Kahlith,Mount Karuulm,Uurrak quo Narga,Kahlith,Mount Karuulm
2548,2588,1.0000006,Mallak quo Keran,Kahlith,Mount Karuulm,Marmor quo Narga,Kahlith,Mount Karuulm
2461,2588,1.0000006,Lornor quo Narga,Kahlith,Mount Karuulm,Marmor quo Narga,Kahlith,Mount Karuulm
2461,4147,1.0000006,Lornor quo Narga,Kahlith,Mount Karuulm,Uurrak quo Narga,Kahlith,Mount Karuulm
2461,4225,1.0000006,Lornor quo Narga,Kahlith,Mount Karuulm,Vornas quo Maten,Kahlith,Mount Karuulm
4147,4225,1.0000006,Uurrak quo Narga,Kahlith,Mount Karuulm,Vornas quo Maten,Kahlith,Mount Karuulm
4147,4226,1.0000006,Uurrak quo Narga,Kahlith,Mount Karuulm,Vortas quo Keran,Kahlith,Mount Karuulm
2588,4225,1.0000006,Marmor quo Narga,Kahlith,Mount Karuulm,Vornas quo Maten,Kahlith,Mount Karuulm
2588,4226,1.0000006,Marmor quo Narga,Kahlith,Mount Karuulm,Vortas quo Keran,Kahlith,Mount Karuulm
4225,4226,1.0000006,Vornas quo Maten,Kahlith,Mount Karuulm,Vortas quo Keran,Kahlith,Mount Karuulm
1471,1707,1.0000006,Fornek quo Maten,Kahlith,Mount Karuulm,Gorhak quo Narga,Kahlith,Mount Karuulm
85,94,1.0000006,Ali the Carter,Human,Nardah,Ali the Sandsweeper,Human,
1471,2588,1.0000006,Fornek quo Maten,Kahlith,Mount Karuulm,Marmor quo Narga,Kahlith,Mount Karuulm
1471,4147,1.0000006,Fornek quo Maten,Kahlith,Mount Karuulm,Uurrak quo Narga,Kahlith,Mount Karuulm
1471,2548,1.0000006,Fornek quo Maten,Kahlith,Mount Karuulm,Mallak quo Keran,Kahlith,Mount Karuulm
2461,4226,1.0000006,Lornor quo Narga,Kahlith,Mount Karuulm,Vortas quo Keran,Kahlith,Mount Karuulm
2461,2548,1.0000006,Lornor quo Narga,Kahlith,Mount Karuulm,Mallak quo Keran,Kahlith,Mount Karuulm
2375,4226,1.0000006,Leke quo Keran,Kahlith,Great Kourend,Vortas quo Keran,Kahlith,Mount Karuulm
2375,2461,1.0000006,Leke quo Keran,Kahlith,Great Kourend,Lornor quo Narga,Kahlith,Mount Karuulm
2375,4147,1.0000006,Leke quo Keran,Kahlith,Great Kourend,Uurrak quo Narga,Kahlith,Mount Karuulm
929,1864,1.0000006,Darcor quo Narga,Kahlith,Mount Karuulm,Haldor quo Keran,Kahlith,Mount Karuulm
929,1707,1.0000006,Darcor quo Narga,Kahlith,Mount Karuulm,Gorhak quo Narga,Kahlith,Mount Karuulm
929,1471,1.0000006,Darcor quo Narga,Kahlith,Mount Karuulm,Fornek quo Maten,Kahlith,Mount Karuulm
2375,2588,1.0000006,Leke quo Keran,Kahlith,Great Kourend,Marmor quo Narga,Kahlith,Mount Karuulm
2375,2548,1.0000006,Leke quo Keran,Kahlith,Great Kourend,Mallak quo Keran,Kahlith,Mount Karuulm
2375,4225,1.0000006,Leke quo Keran,Kahlith,Great Kourend,Vornas quo Maten,Kahlith,Mount Karuulm
1864,2461,1.0000006,Haldor quo Keran,Kahlith,Mount Karuulm,Lornor quo Narga,Kahlith,Mount Karuulm
1864,2375,1.0000006,Haldor quo Keran,Kahlith,Mount Karuulm,Leke quo Keran,Kahlith,Great Kourend
929,4226,1.0000006,Darcor quo Narga,Kahlith,Mount Karuulm,Vortas quo Keran,Kahlith,Mount Karuulm
1864,4226,1.0000006,Haldor quo Keran,Kahlith,Mount Karuulm,Vortas quo Keran,Kahlith,Mount Karuulm
1864,2548,1.0000006,Haldor quo Keran,Kahlith,Mount Karuulm,Mallak quo Keran,Kahlith,Mount Karuulm
1864,2588,1.0000006,Haldor quo Keran,Kahlith,Mount Karuulm,Marmor quo Narga,Kahlith,Mount Karuulm
1864,4147,1.0000006,Haldor quo Keran,Kahlith,Mount Karuulm,Uurrak quo Narga,Kahlith,Mount Karuulm
1864,4225,1.0000006,Haldor quo Keran,Kahlith,Mount Karuulm,Vornas quo Maten,Kahlith,Mount Karuulm
929,4225,1.0000006,Darcor quo Narga,Kahlith,Mount Karuulm,Vornas quo Maten,Kahlith,Mount Karuulm
1707,4225,1.0000006,Gorhak quo Narga,Kahlith,Mount Karuulm,Vornas quo Maten,Kahlith,Mount Karuulm
1707,4226,1.0000006,Gorhak quo Narga,Kahlith,Mount Karuulm,Vortas quo Keran,Kahlith,Mount Karuulm
929,2375,1.0000006,Darcor quo Narga,Kahlith,Mount Karuulm,Leke quo Keran,Kahlith,Great Kourend
929,2461,1.0000006,Darcor quo Narga,Kahlith,Mount Karuulm,Lornor quo Narga,Kahlith,Mount Karuulm
929,2548,1.0000006,Darcor quo Narga,Kahlith,Mount Karuulm,Mallak quo Keran,Kahlith,Mount Karuulm
929,2588,1.0000006,Darcor quo Narga,Kahlith,Mount Karuulm,Marmor quo Narga,Kahlith,Mount Karuulm
929,4147,1.0000006,Darcor quo Narga,Kahlith,Mount Karuulm,Uurrak quo Narga,Kahlith,Mount Karuulm
1471,2375,1.0000006,Fornek quo Maten,Kahlith,Mount Karuulm,Leke quo Keran,Kahlith,Great Kourend
1707,2548,1.0000006,Gorhak quo Narga,Kahlith,Mount Karuulm,Mallak quo Keran,Kahlith,Mount Karuulm
1707,2461,1.0000006,Gorhak quo Narga,Kahlith,Mount Karuulm,Lornor quo Narga,Kahlith,Mount Karuulm
1707,2375,1.0000006,Gorhak quo Narga,Kahlith,Mount Karuulm,Leke quo Keran,Kahlith,Great Kourend
1707,1864,1.0000006,Gorhak quo Narga,Kahlith,Mount Karuulm,Haldor quo Keran,Kahlith,Mount Karuulm
1471,2461,1.0000006,Fornek quo Maten,Kahlith,Mount Karuulm,Lornor quo Narga,Kahlith,Mount Karuulm
1471,1864,1.0000006,Fornek quo Maten,Kahlith,Mount Karuulm,Haldor quo Keran,Kahlith,Mount Karuulm
1707,4147,1.0000006,Gorhak quo Narga,Kahlith,Mount Karuulm,Uurrak quo Narga,Kahlith,Mount Karuulm
1707,2588,1.0000006,Gorhak quo Narga,Kahlith,Mount Karuulm,Marmor quo Narga,Kahlith,Mount Karuulm
1658,1673,1.0000006,Gnome,Gnome,Taverley,Gnome trainer,Gnome,Tree Gnome Stronghold
1471,4226,1.0000006,Fornek quo Maten,Kahlith,Mount Karuulm,Vortas quo Keran,Kahlith,Mount Karuulm
1471,4225,1.0000006,Fornek quo Maten,Kahlith,Mount Karuulm,Vornas quo Maten,Kahlith,Mount Karuulm
190,2076,1.0000005,Aretha,Citizen of Arceuus,Soul Altar,Istoria,Citizen of Arceuus,Library Historical Archive
2940,3301,1.0000005,Ordan,Dwarf,Keldagrim,Richard Flintmaul,Dwarf,
190,4205,1.0000005,Aretha,Citizen of Arceuus,Soul Altar,Villia,Citizen of Arceuus,Arceuus Library
190,2405,1.0000005,Aretha,Citizen of Arceuus,Soul Altar,Lillia,Citizen of Arceuus,Catacombs of Kourend
2405,4205,1.0000005,Lillia,Citizen of Arceuus,Catacombs of Kourend,Villia,Citizen of Arceuus,Arceuus Library
2076,2405,1.0000005,Istoria,Citizen of Arceuus,Library Historical Archive,Lillia,Citizen of Arceuus,Catacombs of Kourend
2044,4238,1.0000005,Immenizz,Impling,Puro-Puro,Wandering impling,Impling,Wheat field in Zanaris
2076,4205,1.0000005,Istoria,Citizen of Arceuus,Library Historical Archive,Villia,Citizen of Arceuus,Arceuus Library
297,1710,1.0000005,Banker,Dorgeshuun,Dorgesh-Kaan,Gourmet,Dorgeshuun,Dorgesh-Kaan
2294,3889,1.0000005,Kormar quo Maten,Kahlith,Karuulm Slayer Dungeon,Tarfol quo Maten,Kahlith,Karuulm Slayer Dungeon
297,1694,1.0000005,Banker,Dorgeshuun,Dorgesh-Kaan,Goblin scribe,Dorgeshuun,Dorgesh-Kaan
348,3770,1.0000005,Bartak,Dorgeshuun,Dorgesh-Kaan,Spit goblin,Dorgeshuun,Southern Dorgesh-Kaan
3437,3438,1.0000005,Sassilik,Human,Rellekka,Sassilik,Human,Jatizso
1694,1710,1.0000005,Goblin scribe,Dorgeshuun,Dorgesh-Kaan,Gourmet,Dorgeshuun,Dorgesh-Kaan
1546,2294,1.0000005,Garbek quo Maten,Kahlith,Karuulm Slayer Dungeon,Kormar quo Maten,Kahlith,Karuulm Slayer Dungeon
1546,3889,1.0000005,Garbek quo Maten,Kahlith,Karuulm Slayer Dungeon,Tarfol quo Maten,Kahlith,Karuulm Slayer Dungeon
1115,3301,1.0000005,Dwarven Ferryman,Dwarf,Keldagrim,Richard Flintmaul,Dwarf,
1115,2940,1.0000005,Dwarven Ferryman,Dwarf,Keldagrim,Ordan,Dwarf,Keldagrim
1111,3843,1.0000005,Dwarf,Dwarf,Dorgesh-Kaan–Keldagrim train system,Sune,Dwarf,Keldagrim
2815,2816,1.0000005,Ned,Human,Draynor Village,Ned,Human,"Lady Lumbridge , Crandor"
4228,4231,1.0000004,Vulcan Orvoros,Vampyre,Ver Sinhaza,Vyrelord,Vampyre,Ver Sinhaza
2743,4231,1.0000004,Mort Nightshade,Vampyre,North Darkmeyer,Vyrelord,Vampyre,Ver Sinhaza
2743,4228,1.0000004,Mort Nightshade,Vampyre,North Darkmeyer,Vulcan Orvoros,Vampyre,Ver Sinhaza
4336,4341,1.0000004,Worker,Dwarf ( Imcando-descendant ),Cam Torum,Worker,Dwarf ( Imcando-descendant ),Stonecutter Outpost
4336,4343,1.0000004,Worker,Dwarf ( Imcando-descendant ),Cam Torum,Worker,Dwarf ( Imcando-descendant ),"The Windbreaker , Quetzacalli Gorge"
4155,4231,1.0000004,Valentin Rasputin,Vampyre,North Darkmeyer,Vyrelord,Vampyre,Ver Sinhaza
4155,4228,1.0000004,Valentin Rasputin,Vampyre,North Darkmeyer,Vulcan Orvoros,Vampyre,Ver Sinhaza
2591,3987,1.0000004,Martha Rehnison,Human,West Ardougne,Tina,Human,Falador
2591,3786,1.0000004,Martha Rehnison,Human,West Ardougne,Squire,Human,Void Knight Outpost
2591,3522,1.0000004,Martha Rehnison,Human,West Ardougne,Shayda,Human,Shayzien
1071,3415,1.0000004,Druid,Human,,Sanfew,Human,Taverley
4341,4343,1.0000004,Worker,Dwarf ( Imcando-descendant ),Stonecutter Outpost,Worker,Dwarf ( Imcando-descendant ),"The Windbreaker , Quetzacalli Gorge"
2446,4224,1.0000004,Lord Alexei Jovkai,Vampyre,South-west Darkmeyer,Vormar Vakan,Vampyre,North-west Darkmeyer
2446,4213,1.0000004,Lord Alexei Jovkai,Vampyre,South-west Darkmeyer,Vlad Diaemus,Vampyre,North-west Darkmeyer
657,4231,1.0000004,Carnivus Belamorta,Vampyre,North-west Darkmeyer,Vyrelord,Vampyre,Ver Sinhaza
657,4228,1.0000004,Carnivus Belamorta,Vampyre,North-west Darkmeyer,Vulcan Orvoros,Vampyre,Ver Sinhaza
657,4155,1.0000004,Carnivus Belamorta,Vampyre,North-west Darkmeyer,Valentin Rasputin,Vampyre,North Darkmeyer
657,3751,1.0000004,Carnivus Belamorta,Vampyre,North-west Darkmeyer,Spectator,Vampyre,West Darkmeyer
657,2743,1.0000004,Carnivus Belamorta,Vampyre,North-west Darkmeyer,Mort Nightshade,Vampyre,North Darkmeyer
2446,4166,1.0000004,Lord Alexei Jovkai,Vampyre,South-west Darkmeyer,Vampyrus Diaemus,Vampyre,North Darkmeyer
2316,3987,1.0000004,Lady Servil,Human,Fight Arena,Tina,Human,Falador
2316,3786,1.0000004,Lady Servil,Human,Fight Arena,Squire,Human,Void Knight Outpost
2316,3522,1.0000004,Lady Servil,Human,Fight Arena,Shayda,Human,Shayzien
2316,2591,1.0000004,Lady Servil,Human,Fight Arena,Martha Rehnison,Human,West Ardougne
3786,3987,1.0000004,Squire,Human,Void Knight Outpost,Tina,Human,Falador
3751,4231,1.0000004,Spectator,Vampyre,West Darkmeyer,Vyrelord,Vampyre,Ver Sinhaza
3751,4228,1.0000004,Spectator,Vampyre,West Darkmeyer,Vulcan Orvoros,Vampyre,Ver Sinhaza
3751,4155,1.0000004,Spectator,Vampyre,West Darkmeyer,Valentin Rasputin,Vampyre,North Darkmeyer
1071,3908,1.0000004,Druid,Human,,Tegid,Human,Taverley
1071,3479,1.0000004,Druid,Human,,Seer,Human,Seers' Village
2222,3987,1.0000004,Kaylee,Human,Falador,Tina,Human,Falador
2222,3786,1.0000004,Kaylee,Human,Falador,Squire,Human,Void Knight Outpost
2222,3522,1.0000004,Kaylee,Human,Falador,Shayda,Human,Shayzien
904,3987,1.0000004,Customer,Human,Keldagrim Library,Tina,Human,Falador
904,3786,1.0000004,Customer,Human,Keldagrim Library,Squire,Human,Void Knight Outpost
904,3522,1.0000004,Customer,Human,Keldagrim Library,Shayda,Human,Shayzien
904,2591,1.0000004,Customer,Human,Keldagrim Library,Martha Rehnison,Human,West Ardougne
904,2316,1.0000004,Customer,Human,Keldagrim Library,Lady Servil,Human,Fight Arena
904,2222,1.0000004,Customer,Human,Keldagrim Library,Kaylee,Human,Falador
2222,2591,1.0000004,Kaylee,Human,Falador,Martha Rehnison,Human,West Ardougne
2222,2316,1.0000004,Kaylee,Human,Falador,Lady Servil,Human,Fight Arena
350,353,1.0000004,Bartender,Human,Blue Moon Inn,Bartender,Human,Varrock
1856,4224,1.0000004,Haemas Lamescus,Vampyre,West Darkmeyer,Vormar Vakan,Vampyre,North-west Darkmeyer
1856,4213,1.0000004,Haemas Lamescus,Vampyre,West Darkmeyer,Vlad Diaemus,Vampyre,North-west Darkmeyer
1856,4166,1.0000004,Haemas Lamescus,Vampyre,West Darkmeyer,Vampyrus Diaemus,Vampyre,North Darkmeyer
1856,2446,1.0000004,Haemas Lamescus,Vampyre,West Darkmeyer,Lord Alexei Jovkai,Vampyre,South-west Darkmeyer
609,638,1.0000004,Captain Barnaby,Human,"East Ardougne docks, Brimhaven , Rimmington",Captain Reuben,Human,Varies
77,4231,1.0000004,Alek Constantine,Vampyre,West Darkmeyer,Vyrelord,Vampyre,Ver Sinhaza
77,4228,1.0000004,Alek Constantine,Vampyre,West Darkmeyer,Vulcan Orvoros,Vampyre,Ver Sinhaza
77,4155,1.0000004,Alek Constantine,Vampyre,West Darkmeyer,Valentin Rasputin,Vampyre,North Darkmeyer
77,3751,1.0000004,Alek Constantine,Vampyre,West Darkmeyer,Spectator,Vampyre,West Darkmeyer
77,2743,1.0000004,Alek Constantine,Vampyre,West Darkmeyer,Mort Nightshade,Vampyre,North Darkmeyer
77,657,1.0000004,Alek Constantine,Vampyre,West Darkmeyer,Carnivus Belamorta,Vampyre,North-west Darkmeyer
982,4224,1.0000004,Desmodus Lasiurus,Vampyre,West Darkmeyer,Vormar Vakan,Vampyre,North-west Darkmeyer
982,4213,1.0000004,Desmodus Lasiurus,Vampyre,West Darkmeyer,Vlad Diaemus,Vampyre,North-west Darkmeyer
510,3896,1.0000004,Branwen,Elf,Prifddinas,Tatie,Elf,Prifddinas
982,4166,1.0000004,Desmodus Lasiurus,Vampyre,West Darkmeyer,Vampyrus Diaemus,Vampyre,North Darkmeyer
982,2446,1.0000004,Desmodus Lasiurus,Vampyre,West Darkmeyer,Lord Alexei Jovkai,Vampyre,South-west Darkmeyer
982,1856,1.0000004,Desmodus Lasiurus,Vampyre,West Darkmeyer,Haemas Lamescus,Vampyre,West Darkmeyer
982,1047,1.0000004,Desmodus Lasiurus,Vampyre,West Darkmeyer,Draconis Sanguine,Vampyre,North Darkmeyer
1682,1693,1.0000004,Goblin,Goblin,Falador,Goblin Recruiter,Goblin,Falador
1681,1693,1.0000004,Goblin,Goblin,Falador,Goblin Recruiter,Goblin,Falador
1681,1682,1.0000004,Goblin,Goblin,Falador,Goblin,Goblin,Falador
3415,3908,1.0000004,Sanfew,Human,Taverley,Tegid,Human,Taverley
3415,3479,1.0000004,Sanfew,Human,Taverley,Seer,Human,Seers' Village
1663,1889,1.0000004,Gnome child,Gnome,Catherby beach,Happy gnome child,Gnome,East Varrock
1661,1676,1.0000004,Gnome baller,Gnome,Tree Gnome Stronghold,Gnome winger,Gnome,Gnome Ball pitch
3479,3908,1.0000004,Seer,Human,Seers' Village,Tegid,Human,Taverley
429,3177,1.0000004,Billy Rehnison,Human,West Ardougne,Quartermaster,Human,Tyras Camp
3522,3987,1.0000004,Shayda,Human,Shayzien,Tina,Human,Falador
3522,3786,1.0000004,Shayda,Human,Shayzien,Squire,Human,Void Knight Outpost
1514,1889,1.0000004,Froono,Gnome,Tree Gnome Stronghold,Happy gnome child,Gnome,East Varrock
1514,1663,1.0000004,Froono,Gnome,Tree Gnome Stronghold,Gnome child,Gnome,Catherby beach
1047,4224,1.0000004,Draconis Sanguine,Vampyre,North Darkmeyer,Vormar Vakan,Vampyre,North-west Darkmeyer
1047,4213,1.0000004,Draconis Sanguine,Vampyre,North Darkmeyer,Vlad Diaemus,Vampyre,North-west Darkmeyer
1047,4166,1.0000004,Draconis Sanguine,Vampyre,North Darkmeyer,Vampyrus Diaemus,Vampyre,North Darkmeyer
1047,2446,1.0000004,Draconis Sanguine,Vampyre,North Darkmeyer,Lord Alexei Jovkai,Vampyre,South-west Darkmeyer
1047,1856,1.0000004,Draconis Sanguine,Vampyre,North Darkmeyer,Haemas Lamescus,Vampyre,West Darkmeyer
2743,4155,1.0000004,Mort Nightshade,Vampyre,North Darkmeyer,Valentin Rasputin,Vampyre,North Darkmeyer
2743,3751,1.0000004,Mort Nightshade,Vampyre,North Darkmeyer,Spectator,Vampyre,West Darkmeyer
4213,4224,1.0000004,Vlad Diaemus,Vampyre,North-west Darkmeyer,Vormar Vakan,Vampyre,North-west Darkmeyer
4166,4224,1.0000004,Vampyrus Diaemus,Vampyre,North Darkmeyer,Vormar Vakan,Vampyre,North-west Darkmeyer
4166,4213,1.0000004,Vampyrus Diaemus,Vampyre,North Darkmeyer,Vlad Diaemus,Vampyre,North-west Darkmeyer
4414,4415,1.0000002,Zeke,Human,Al Kharid,Zeke,Human,Lumbridge Castle ground floor [ UK ] 1 st floor [ US ]
4161,4162,1.0000002,Vampyre Juvinate,Vampyre,Daeyalt essence mine,Vampyre Juvinate,Vampyre,Meiyerditch mine
4203,4237,1.0000002,Villa Guard,Human,Villa Lucens,Wandering Guard,Human,Aldarin
36,607,1.0000002,Adventurer Ada,Human,The Pandemonium,Captain Ada,Human,? (edit)
40,984,1.0000002,Aemad,Human,East Ardougne,Devan Rutter,Human,The Warrens
40,3449,1.0000002,Aemad,Human,East Ardougne,Scavvo,Human,Champions' Guild
718,1965,1.0000002,Charles Charlington,Human,Fossil Island,Historian Minas,Human,Varrock Museum
718,2151,1.0000002,Charles Charlington,Human,Fossil Island,John,Human,Museum Camp
718,2811,1.0000002,Charles Charlington,Human,Fossil Island,Natural historian,Human,Varrock Museum
2844,3058,1.0000002,The Nightmare,Unknown,Sisterhood Sanctuary,Phosani's Nightmare,Unknown,Sisterhood Sanctuary
2826,3021,1.0000002,Nesty,Human,Woodcutting Guild,Perry,Human,Woodcutting Guild
2812,3041,1.0000002,Natural Historian,Human,Mount Quidamortem,Petrified Pete,Human,Fossil Island
2811,3041,1.0000002,Natural historian,Human,Varrock Museum,Petrified Pete,Human,Fossil Island
2811,2812,1.0000002,Natural historian,Human,Varrock Museum,Natural Historian,Human,Mount Quidamortem
3900,4418,1.0000002,Tayten,Human,Mansion in a faraway island.,Zenesha,Human,East Ardougne
3900,4329,1.0000002,Tayten,Human,Mansion in a faraway island.,Woman,Human,Dorgeshuun Mines
3878,3974,1.0000002,Tamayu,Human,Tai Bwo Wannai village,Tiadeche,Human,Tai Bwo Wannai village
995,2624,1.0000002,Diol,Elf,Prifddinas,Meddwl Ymlaen Llaw,Elf,North of Prifddinas
995,2403,1.0000002,Diol,Elf,Prifddinas,Lilifang,Elf,Grand Library
995,1382,1.0000002,Diol,Elf,Prifddinas,Findis,Elf,Prifddinas
984,3449,1.0000002,Devan Rutter,Human,The Warrens,Scavvo,Human,Champions' Guild
1447,3981,1.0000002,Flippa,Troll,Pinball random event,Tilt,Troll,Pinball random event
1407,1442,1.0000002,Fish monger,Human,Rellekka,Fishmonger,Human,Miscellania
1382,2624,1.0000002,Findis,Elf,Prifddinas,Meddwl Ymlaen Llaw,Elf,North of Prifddinas
2723,2724,1.0000002,Monkey,Monkey,Ardougne Zoo,Monkey,Monkey,Trouble Brewing
2704,2705,1.0000002,Mofina,Citizen of Arceuus,Arceuus church,Mofina,Citizen of Arceuus,Lumbridge Castle
1351,2326,1.0000002,Felfiz Yaryus,Gnome,Farming Guild,Lammy Langle,Gnome,Hosidius
1351,1504,1.0000002,Felfiz Yaryus,Gnome,Farming Guild,Frizzy Skernip,Gnome,Port Sarim
3651,3652,1.0000002,Sister Naoj,Human,Sisterhood Sanctuary,Sister Salohcin,Human,Sisterhood Sanctuary
3650,3652,1.0000002,Sister Aseret,Human,Sisterhood Sanctuary,Sister Salohcin,Human,Sisterhood Sanctuary
3650,3651,1.0000002,Sister Aseret,Human,Sisterhood Sanctuary,Sister Naoj,Human,Sisterhood Sanctuary
1525,1592,1.0000002,Fur trader,Human,East Ardougne,Gerald,Human,South of Baxtorian Falls
1504,3142,1.0000002,Frizzy Skernip,Gnome,Port Sarim,Prissy Scilla,Gnome,Tree Gnome Stronghold
1504,3118,1.0000002,Frizzy Skernip,Gnome,Port Sarim,Praistan Ebola,Gnome,Brimhaven
1504,2345,1.0000002,Frizzy Skernip,Gnome,Port Sarim,Latlink Fastbell,Gnome,Farming Guild
1504,2326,1.0000002,Frizzy Skernip,Gnome,Port Sarim,Lammy Langle,Gnome,Hosidius
456,1756,1.0000002,Bloodhound,Dog,Master Treasure Trails,Gruff McScruff,Dog,Hosidius
2541,2654,1.0000002,Malcolm,Ghost,Farm west of Port Phasmatys,Metarialus,Ghost,Port Phasmatys
2537,3495,1.0000002,Major Heal,Human,Barbarian Assault tutorial,Sergeant Sambur,Human,Barbarian Assault Waiting Rooms
2537,3143,1.0000002,Major Heal,Human,Barbarian Assault tutorial,Private Paldo,Human,Main room of the Barbarian Assault basement
2534,3495,1.0000002,Major Attack,Human,Barbarian Assault tutorial,Sergeant Sambur,Human,Barbarian Assault Waiting Rooms
2534,3143,1.0000002,Major Attack,Human,Barbarian Assault tutorial,Private Paldo,Human,Main room of the Barbarian Assault basement
2534,2537,1.0000002,Major Attack,Human,Barbarian Assault tutorial,Major Heal,Human,Barbarian Assault tutorial
1566,1576,1.0000002,Gee,Human,Lumbridge,General Babacus,Human,Shayzien
1525,3906,1.0000002,Fur trader,Human,East Ardougne,Ted Rehnison,Human,West Ardougne
1525,3595,1.0000002,Fur trader,Human,East Ardougne,Siegfried Erkle,Human,2 nd floor [ UK ] 3 rd floor [ US ] of Legends' Guild (west side)
1525,1966,1.0000002,Fur trader,Human,East Ardougne,Hiylik Myna,Human,Paterdomus
1382,2403,1.0000002,Findis,Elf,Prifddinas,Lilifang,Elf,Grand Library
3595,3906,1.0000002,Siegfried Erkle,Human,2 nd floor [ UK ] 3 rd floor [ US ] of Legends' Guild (west side),Ted Rehnison,Human,West Ardougne
1351,4396,1.0000002,Felfiz Yaryus,Gnome,Farming Guild,Yulf Squecks,Gnome,Etceteria
1351,3142,1.0000002,Felfiz Yaryus,Gnome,Farming Guild,Prissy Scilla,Gnome,Tree Gnome Stronghold
1351,2345,1.0000002,Felfiz Yaryus,Gnome,Farming Guild,Latlink Fastbell,Gnome,Farming Guild
483,1504,1.0000002,Bolongo,Gnome,Tree Gnome Stronghold,Frizzy Skernip,Gnome,Port Sarim
483,1351,1.0000002,Bolongo,Gnome,Tree Gnome Stronghold,Felfiz Yaryus,Gnome,Farming Guild
2529,3603,1.0000002,Magnus Gram,Human,Jatizso,Sigmund The Merchant,Human,Rellekka market
2455,4212,1.0000002,Lord Mischa Myrmel,Vampyre,South-west Darkmeyer,Vlad Bechstein,Vampyre,North-east Darkmeyer
2455,2692,1.0000002,Lord Mischa Myrmel,Vampyre,South-west Darkmeyer,Misdrievus Shadum,Vampyre,West Darkmeyer
834,2624,1.0000002,Conwenna,Elf,Prifddinas,Meddwl Ymlaen Llaw,Elf,North of Prifddinas
834,2403,1.0000002,Conwenna,Elf,Prifddinas,Lilifang,Elf,Grand Library
834,1382,1.0000002,Conwenna,Elf,Prifddinas,Findis,Elf,Prifddinas
834,995,1.0000002,Conwenna,Elf,Prifddinas,Diol,Elf,Prifddinas
4107,4108,1.0000002,TzHaar-Mej-Bal,TzHaar,Mor Ul Rek,TzHaar-Mej-Dir,TzHaar,Mor Ul Rek
4106,4110,1.0000002,TzHaar-Mej,TzHaar,Mor Ul Rek,TzHaar-Mej-Kah,TzHaar,Mor Ul Rek
4104,4105,1.0000002,TzHaar-Ket-Yil,TzHaar,Mor Ul Rek,TzHaar-Ket-Zuh,TzHaar,Mor Ul Rek
828,3219,1.0000002,Competition Judge,Human,Ranging Guild,Ranging Guild Doorman,Human,Ranging Guild
1626,2654,1.0000002,Ghost villager,Ghost,Port Phasmatys,Metarialus,Ghost,Port Phasmatys
1625,2654,1.0000002,Ghost shopkeeper,Ghost,Port Phasmatys,Metarialus,Ghost,Port Phasmatys
1624,2654,1.0000002,Ghost sailor,Ghost,Port Phasmatys,Metarialus,Ghost,Port Phasmatys
1623,2654,1.0000002,Ghost innkeeper,Ghost,Port Phasmatys,Metarialus,Ghost,Port Phasmatys
1616,2654,1.0000002,Ghost banker,Ghost,Port Phasmatys Bank,Metarialus,Ghost,Port Phasmatys
3447,3661,1.0000002,Scared skavid,Skavid,Skavid caves,Skavid,Skavid,Skavid caves
1592,3906,1.0000002,Gerald,Human,South of Baxtorian Falls,Ted Rehnison,Human,West Ardougne
1592,3595,1.0000002,Gerald,Human,South of Baxtorian Falls,Siegfried Erkle,Human,2 nd floor [ UK ] 3 rd floor [ US ] of Legends' Guild (west side)
1592,1966,1.0000002,Gerald,Human,South of Baxtorian Falls,Hiylik Myna,Human,Paterdomus
1578,2865,1.0000002,General Hining,Human,Tyras Camp,Norman,Human,Falador
1576,1855,1.0000002,General Babacus,Human,Shayzien,Hadley,Human,Tourist Information Centre
1576,1705,1.0000002,General Babacus,Human,Shayzien,Gordon,Human,Farm south of Farming Guild
1566,1855,1.0000002,Gee,Human,Lumbridge,Hadley,Human,Tourist Information Centre
1566,1705,1.0000002,Gee,Human,Lumbridge,Gordon,Human,Farm south of Farming Guild
506,1003,1.0000002,Brambickle,Gnome,Near Trollweiss Mountain,Dobwinkle,Gnome,Port Piscarilius
1243,2902,1.0000002,Eniola,Human,Ourania Cave,Odovacar,Human,The Lair of Tarn Razorlor
941,2865,1.0000002,Daryl,Human,Shayzien,Norman,Human,Falador
1678,2705,1.0000002,Gnosi,Citizen of Arceuus,Mount Quidamortem,Mofina,Citizen of Arceuus,Lumbridge Castle
1678,2704,1.0000002,Gnosi,Citizen of Arceuus,Mount Quidamortem,Mofina,Citizen of Arceuus,Arceuus church
1678,2434,1.0000002,Gnosi,Citizen of Arceuus,Mount Quidamortem,Logosia,Citizen of Arceuus,Arceuus Library
1678,2039,1.0000002,Gnosi,Citizen of Arceuus,Mount Quidamortem,Imerominia,Citizen of Arceuus,Library Historical Archive
1629,3984,1.0000002,Gianne jnr.,Gnome,Grand Tree,Timble,Gnome,Tree Gnome Stronghold
1629,2761,1.0000002,Gianne jnr.,Gnome,Grand Tree,Mounted terrorchick gnome,Gnome,Wherever summoned
2434,2705,1.0000002,Logosia,Citizen of Arceuus,Arceuus Library,Mofina,Citizen of Arceuus,Lumbridge Castle
2434,2704,1.0000002,Logosia,Citizen of Arceuus,Arceuus Library,Mofina,Citizen of Arceuus,Arceuus church
2971,2973,1.0000002,Oziach,Human,North-west Edgeville,Oziach,Human,Blue Moon Inn
2403,2624,1.0000002,Lilifang,Elf,Grand Library,Meddwl Ymlaen Llaw,Elf,North of Prifddinas
2381,4212,1.0000002,Lenyig Karna,Vampyre,North Darkmeyer,Vlad Bechstein,Vampyre,North-east Darkmeyer
2381,2692,1.0000002,Lenyig Karna,Vampyre,North Darkmeyer,Misdrievus Shadum,Vampyre,West Darkmeyer
2381,2455,1.0000002,Lenyig Karna,Vampyre,North Darkmeyer,Lord Mischa Myrmel,Vampyre,South-west Darkmeyer
2345,4396,1.0000002,Latlink Fastbell,Gnome,Farming Guild,Yulf Squecks,Gnome,Etceteria
2345,3142,1.0000002,Latlink Fastbell,Gnome,Farming Guild,Prissy Scilla,Gnome,Tree Gnome Stronghold
2326,3142,1.0000002,Lammy Langle,Gnome,Hosidius,Prissy Scilla,Gnome,Tree Gnome Stronghold
2326,3118,1.0000002,Lammy Langle,Gnome,Hosidius,Praistan Ebola,Gnome,Brimhaven
122,580,1.0000002,Amergin,Human,East of the Chaos Druid Tower,Cabin Boy Percy,Human,
1705,1855,1.0000002,Gordon,Human,Farm south of Farming Guild,Hadley,Human,Tourist Information Centre
80,354,1.0000002,Alfonse the waiter,Human,Brimhaven,Bartender,Human,Varrock
483,3142,1.0000002,Bolongo,Gnome,Tree Gnome Stronghold,Prissy Scilla,Gnome,Tree Gnome Stronghold
483,3118,1.0000002,Bolongo,Gnome,Tree Gnome Stronghold,Praistan Ebola,Gnome,Brimhaven
483,2345,1.0000002,Bolongo,Gnome,Tree Gnome Stronghold,Latlink Fastbell,Gnome,Farming Guild
483,2326,1.0000002,Bolongo,Gnome,Tree Gnome Stronghold,Lammy Langle,Gnome,Hosidius
1337,1338,1.0000002,Father Aereck,Human,Lumbridge,Father Aereck,Human,Lumbridge
1267,2823,1.0000002,Erodoeht,Human,Slepe,Nemishka,Human,Slepe
1783,1784,1.0000002,Guard,Human,Miscellania Castle,Guard,Human,Miscellania market
1776,1784,1.0000002,Guard,Human,Southern Etceteria,Guard,Human,Miscellania market
1776,1783,1.0000002,Guard,Human,Southern Etceteria,Guard,Human,Miscellania Castle
362,876,1.0000002,Bartender,Human,Port Sarim,Crafting tutor,Human,Lumbridge Castle
1768,3726,1.0000002,Guard,Human,Varrock Palace,Soldier,Human,Northern Ocean
1761,4040,1.0000002,Grundt,Dwarf,Jatizso,Trader,Dwarf,Trade Octagon
362,3725,1.0000002,Bartender,Human,Port Sarim,Soldier,Human,Death Plateau (south)
3292,4393,1.0000002,Rhiannon,Elf,Prifddinas,Ysbeid,Elf,Prifddinas
3380,3399,1.0000002,Sadwrn,Elf,Prifddinas,Salgant,Elf,Prifddinas
2326,2345,1.0000002,Lammy Langle,Gnome,Hosidius,Latlink Fastbell,Gnome,Farming Guild
2315,4164,1.0000002,Lady Nadezhda Shadum,Vampyre,West Darkmeyer,Vampyressa van Von,Vampyre,North-east Darkmeyer
296,319,1.0000002,Banker,Vampyre,Darkmeyer,Banker,Vampyre,Ver Sinhaza
3748,3879,1.0000002,Spang,Gnome,Tree Gnome Stronghold,Tamble,Gnome,Tree Gnome Stronghold
2249,3955,1.0000002,"Khorvak, a dwarven engineer",Dwarf,Under White Wolf Mountain,Thirus,Dwarf ( Imcando-descendant ),Lovakengj
919,1487,1.0000002,Dale,Human,Hosidius,Fred the Farmer,Human,Lumbridge
64,593,1.0000002,Al Kharid Camel,Camel,,Camel,Camel,Kharidian Desert
1200,2462,1.0000002,Elizabeth,Human,Port Piscarilius,Lorraine,Human,Port Piscarilius
92,4204,1.0000002,Ali the Mayor,Human,Pollnivneach,Villager,Human,Pollnivneach
1155,3535,1.0000002,Eggus manus,Human,"Varrock , Church of Ayaster",Shifty looking priest,Human,Varrock
1126,4393,1.0000002,Earwen,Elf,Prifddinas,Ysbeid,Elf,Prifddinas
1126,3292,1.0000002,Earwen,Elf,Prifddinas,Rhiannon,Elf,Prifddinas
941,1578,1.0000002,Daryl,Human,Shayzien,General Hining,Human,Tyras Camp
938,3617,1.0000002,Darren,Human,Port Piscarilius,Simon,Human,Port Piscarilius
938,2638,1.0000002,Darren,Human,Port Piscarilius,Melvin,Human,Port Piscarilius
614,3495,1.0000002,Captain Cain,Human,Barbarian Assault,Sergeant Sambur,Human,Barbarian Assault Waiting Rooms
614,3143,1.0000002,Captain Cain,Human,Barbarian Assault,Private Paldo,Human,Main room of the Barbarian Assault basement
614,2537,1.0000002,Captain Cain,Human,Barbarian Assault,Major Heal,Human,Barbarian Assault tutorial
614,2534,1.0000002,Captain Cain,Human,Barbarian Assault,Major Attack,Human,Barbarian Assault tutorial
1787,1804,1.0000002,Guard,Human,Mountain Camp,Guardian of Armadyl,Human,Varies
876,3725,1.0000002,Crafting tutor,Human,Lumbridge Castle,Soldier,Human,Death Plateau (south)
639,3338,1.0000002,Captain Rimor,Human,Mount Quidamortem,Rommik,Human,Rimmington
645,1005,1.0000002,Captain Tobias,Human,Port Sarim docks,Dockmaster,Human,Port Piscarilius
2177,2932,1.0000002,Jumaane,Monkey,Marim,Oobapohk,Monkey,Marim
2163,3955,1.0000002,Jorzik,Dwarf,Keldagrim,Thirus,Dwarf ( Imcando-descendant ),Lovakengj
2151,3041,1.0000002,John,Human,Museum Camp,Petrified Pete,Human,Fossil Island
2151,2812,1.0000002,John,Human,Museum Camp,Natural Historian,Human,Mount Quidamortem
2151,2811,1.0000002,John,Human,Museum Camp,Natural historian,Human,Varrock Museum
2039,2705,1.0000002,Imerominia,Citizen of Arceuus,Library Historical Archive,Mofina,Citizen of Arceuus,Lumbridge Castle
2039,2704,1.0000002,Imerominia,Citizen of Arceuus,Library Historical Archive,Mofina,Citizen of Arceuus,Arceuus church
2039,2434,1.0000002,Imerominia,Citizen of Arceuus,Library Historical Archive,Logosia,Citizen of Arceuus,Arceuus Library
2028,2932,1.0000002,Ifaba,Monkey,Ape Atoll,Oobapohk,Monkey,Marim
2028,2177,1.0000002,Ifaba,Monkey,Ape Atoll,Jumaane,Monkey,Marim
1966,3906,1.0000002,Hiylik Myna,Human,Paterdomus,Ted Rehnison,Human,West Ardougne
1966,3595,1.0000002,Hiylik Myna,Human,Paterdomus,Siegfried Erkle,Human,2 nd floor [ UK ] 3 rd floor [ US ] of Legends' Guild (west side)
1965,3041,1.0000002,Historian Minas,Human,Varrock Museum,Petrified Pete,Human,Fossil Island
1965,2812,1.0000002,Historian Minas,Human,Varrock Museum,Natural Historian,Human,Mount Quidamortem
1965,2811,1.0000002,Historian Minas,Human,Varrock Museum,Natural historian,Human,Varrock Museum
1965,2151,1.0000002,Historian Minas,Human,Varrock Museum,John,Human,Museum Camp
335,2785,1.0000002,Barge guard,Human,Digsite barge,Museum guard,Human,Varrock
1917,1995,1.0000002,Heckel Funch,Gnome,"Grand Tree , 1 st floor [ UK ] 2 nd floor [ US ]",Hudo,Gnome,"The Grand Tree, near Aluft Gianne and the bank."
3118,4396,1.0000002,Praistan Ebola,Gnome,Brimhaven,Yulf Squecks,Gnome,Etceteria
3118,3142,1.0000002,Praistan Ebola,Gnome,Brimhaven,Prissy Scilla,Gnome,Tree Gnome Stronghold
2146,3564,1.0000002,Joe,Human,Draynor Village jail,Shop assistant,Human,Rimmington
2132,3127,1.0000002,Jex,Human,Temple of the Lesser Gods,Priest,Human,Great Temple
2113,2414,1.0000002,"Jatziri, Teoki of Ralos",Human,"Tal Teok , south-eastern corner.","Litlihui, Teoki of Ralos",,Auburn Valley
2101,4193,1.0000002,Jam,Demon,Yama's Lair,Vial,Demon,Yama's Lair
2060,4193,1.0000002,Insane,Demon,Yama's Lair,Vial,Demon,Yama's Lair
2060,2101,1.0000002,Insane,Demon,Yama's Lair,Jam,Demon,Yama's Lair
3143,3495,1.0000002,Private Paldo,Human,Main room of the Barbarian Assault basement,Sergeant Sambur,Human,Barbarian Assault Waiting Rooms
2046,4193,1.0000002,Imp,Demon,Yama's Lair,Vial,Demon,Yama's Lair
2046,2101,1.0000002,Imp,Demon,Yama's Lair,Jam,Demon,Yama's Lair
2046,2060,1.0000002,Imp,Demon,Yama's Lair,Insane,Demon,Yama's Lair
4329,4418,1.0000002,Woman,Human,Dorgeshuun Mines,Zenesha,Human,East Ardougne
770,1804,1.0000002,Chris,Human,Emir's Arena,Guardian of Armadyl,Human,Varies
770,1787,1.0000002,Chris,Human,Emir's Arena,Guard,Human,Mountain Camp
718,3041,1.0000002,Charles Charlington,Human,Fossil Island,Petrified Pete,Human,Fossil Island
718,2812,1.0000002,Charles Charlington,Human,Fossil Island,Natural Historian,Human,Mount Quidamortem
242,2455,1.0000002,Auctioneer,Vampyre,West Darkmeyer,Lord Mischa Myrmel,Vampyre,South-west Darkmeyer
242,2381,1.0000002,Auctioneer,Vampyre,West Darkmeyer,Lenyig Karna,Vampyre,North Darkmeyer
2692,4212,1.0000002,Misdrievus Shadum,Vampyre,West Darkmeyer,Vlad Bechstein,Vampyre,North-east Darkmeyer
2638,3617,1.0000002,Melvin,Human,Port Piscarilius,Simon,Human,Port Piscarilius
2619,3910,1.0000002,Maze Guardian,Golem,Mage Training Arena,Telekinetic Guardian,Golem,Mage Training Arena
242,4212,1.0000002,Auctioneer,Vampyre,West Darkmeyer,Vlad Bechstein,Vampyre,North-east Darkmeyer
242,2692,1.0000002,Auctioneer,Vampyre,West Darkmeyer,Misdrievus Shadum,Vampyre,West Darkmeyer
801,3812,1.0000002,Clodius,Human,Villa Lucens,Stradius,Human,Villa Lucens
668,4418,1.0000002,Cassie,Human,Northern Falador,Zenesha,Human,East Ardougne
668,4329,1.0000002,Cassie,Human,Northern Falador,Woman,Human,Dorgeshuun Mines
668,3900,1.0000002,Cassie,Human,Northern Falador,Tayten,Human,Mansion in a faraway island.
675,1598,1.0000002,Cat,Cat,Farming Guild,Gertrude's cat,Cat,Lumber Yard
2804,4164,1.0000002,Nakasa Jovkai,Vampyre,South-west Darkmeyer,Vampyressa van Von,Vampyre,North-east Darkmeyer
2795,2796,1.0000002,Mysterious Stranger,Unknown,Ver Sinhaza,Mysterious Stranger,Unknown,Hallowed Sepulchre
2761,3984,1.0000002,Mounted terrorchick gnome,Gnome,Wherever summoned,Timble,Gnome,Tree Gnome Stronghold
2755,3962,1.0000001,Mountain Dwarf,Dwarf,Near White Wolf Mountain,Thorgel,Dwarf,Temple of Light
808,1744,1.0000001,Cochu,Tortugan,,Griems,Tortugan,
2634,2999,1.0000001,Melana Moonlander,Human,Lunar Isle,Pauline Polaris,Human,Lunar Isle
247,1065,1.0000001,Austri,Dwarf,Taverley,Drogo dwarf,Dwarf,Dwarven Mine
719,1057,1.0000001,Charles Charlington II,Human,,Draven Quillshade,Human,
719,1363,1.0000001,Charles Charlington II,Human,,Fenric Hollowspire,Human,
716,4416,1.0000001,Charles,Human,Port Piscarilius,Zembo,Human,"Musa Point, Karamja"
2754,2755,1.0000001,Mountain Dwarf,Dwarf,Lumbridge dining hall,Mountain Dwarf,Dwarf,Near White Wolf Mountain
49,3095,1.0000001,Agility Instructor,Penguin,Iceberg,Pong,Penguin,KGP Headquarters
49,3528,1.0000001,Agility Instructor,Penguin,Iceberg,Sheep,Penguin,Lumbridge sheep farm
10,4058,1.0000001,Aberab,Monkey,Ape Atoll,Trefaji,Monkey,Ape Atoll
2754,3962,1.0000001,Mountain Dwarf,Dwarf,Lumbridge dining hall,Thorgel,Dwarf,Temple of Light
3142,4396,1.0000001,Prissy Scilla,Gnome,Tree Gnome Stronghold,Yulf Squecks,Gnome,Etceteria
3148,3150,1.0000001,Professor Gracklebone,Gnome,Arceuus Library,Professor Manglethorp,Gnome,The Consortium
2095,3373,1.0000001,Jadid,Human,Emir's Arena,Sabeil,Human,Emir's Arena
2103,4143,1.0000001,Jamila,Human,Sophanem,Urbi,Human,Sophanem
1879,3962,1.0000001,Hammerspike Stoutbeard,Dwarf,Dwarven Mines,Thorgel,Dwarf,Temple of Light
337,3445,1.0000001,Barker,Werewolf,Canifis,Sbott,Werewolf,Canifis
146,4378,1.0000001,Anleif,Dwarf,Keldagrim Rat Pits,Yellow Fortune Secretary,Dwarf,Keldagrim
304,4378,1.0000001,Banker,Dwarf,Keldagrim,Yellow Fortune Secretary,Dwarf,Keldagrim
2201,2428,1.0000001,Kalron,Gnome,Tree Gnome Village,Local Gnome,Gnome,Tree Gnome Village
863,864,1.0000001,Count Check,Human,Lumbridge,Count Check,Human,Random event
1114,1879,1.0000001,Dwarven Engineer,Dwarf,Keldagrim,Hammerspike Stoutbeard,Dwarf,Dwarven Mines
1114,2480,1.0000001,Dwarven Engineer,Dwarf,Keldagrim,Lovakengj Engineer,Dwarf,Battlefront
1114,2754,1.0000001,Dwarven Engineer,Dwarf,Keldagrim,Mountain Dwarf,Dwarf,Lumbridge dining hall
1114,2755,1.0000001,Dwarven Engineer,Dwarf,Keldagrim,Mountain Dwarf,Dwarf,Near White Wolf Mountain
1114,3962,1.0000001,Dwarven Engineer,Dwarf,Keldagrim,Thorgel,Dwarf,Temple of Light
357,4285,1.0000001,Bartender,Human,East Ardougne,William,Human,Red Dragon Isle
357,1268,1.0000001,Bartender,Human,East Ardougne,Escaping slave,Human,Desert Mining Camp
69,1058,1.0000001,Alan,Human,Farming Guild,Dreven,Human,Champions' Guild
357,2544,1.0000001,Bartender,Human,East Ardougne,Male slave,Human,Desert Mining Camp
357,3616,1.0000001,Bartender,Human,East Ardougne,Simon,Human,Chaos Temple (Wilderness)
1879,2480,1.0000001,Hammerspike Stoutbeard,Dwarf,Dwarven Mines,Lovakengj Engineer,Dwarf,Battlefront
1879,2754,1.0000001,Hammerspike Stoutbeard,Dwarf,Dwarven Mines,Mountain Dwarf,Dwarf,Lumbridge dining hall
1879,2755,1.0000001,Hammerspike Stoutbeard,Dwarf,Dwarven Mines,Mountain Dwarf,Dwarf,Near White Wolf Mountain
1141,1650,1.0000001,Edrahil,Elf,Prifddinas,Glorfindel,Elf,Prifddinas
1143,1265,1.0000001,Eebel,Gnome,Tree Gnome Stronghold,Ermin,Gnome,Tree Gnome Stronghold
1158,1373,1.0000001,Eira,Elf,Prifddinas,Ffoni,Elf,Prifddinas
1158,2849,1.0000001,Eira,Elf,Prifddinas,Nimrodel,Elf,Grand Library
1158,3382,1.0000001,Eira,Elf,Prifddinas,Saeth,Elf,Prifddinas
1167,1172,1.0000001,Elder Hubber,Tortugan,The Little Pearl,Elder Nama,Tortugan,The Great Conch
2239,2240,1.0000001,KGP Agent,Penguin,Iceberg,KGP Guard,Penguin,War Room
3071,3095,1.0000001,Ping,Penguin,KGP Headquarters,Pong,Penguin,KGP Headquarters
3071,3528,1.0000001,Ping,Penguin,KGP Headquarters,Sheep,Penguin,Lumbridge sheep farm
3095,3528,1.0000001,Pong,Penguin,KGP Headquarters,Sheep,Penguin,Lumbridge sheep farm
1093,1094,1.0000001,Duke Horacio,Human,Lumbridge Castle,Duke Horacio,Human,Lumbridge Castle ground floor [ UK ] 1 st floor [ US ]
1113,1114,1.0000001,Dwarven Boatman,Dwarf,Keldagrim south-west mine,Dwarven Engineer,Dwarf,Keldagrim
1113,1732,1.0000001,Dwarven Boatman,Dwarf,Keldagrim south-west mine,Green Gemstone Secretary,Dwarf,Keldagrim
1113,1879,1.0000001,Dwarven Boatman,Dwarf,Keldagrim south-west mine,Hammerspike Stoutbeard,Dwarf,Dwarven Mines
1113,2480,1.0000001,Dwarven Boatman,Dwarf,Keldagrim south-west mine,Lovakengj Engineer,Dwarf,Battlefront
1113,2754,1.0000001,Dwarven Boatman,Dwarf,Keldagrim south-west mine,Mountain Dwarf,Dwarf,Lumbridge dining hall
1113,2755,1.0000001,Dwarven Boatman,Dwarf,Keldagrim south-west mine,Mountain Dwarf,Dwarf,Near White Wolf Mountain
1113,3962,1.0000001,Dwarven Boatman,Dwarf,Keldagrim south-west mine,Thorgel,Dwarf,Temple of Light
1114,1732,1.0000001,Dwarven Engineer,Dwarf,Keldagrim,Green Gemstone Secretary,Dwarf,Keldagrim
2257,2262,1.0000001,King Bolren,Gnome,Tree Gnome Village,King Narnode Shareen,Gnome,Grand Tree
124,3924,1.0000001,Amma,Tortugan,The Summer Shore,Tetra,Tortugan,
1732,1879,1.0000001,Green Gemstone Secretary,Dwarf,Keldagrim,Hammerspike Stoutbeard,Dwarf,Dwarven Mines
1732,2480,1.0000001,Green Gemstone Secretary,Dwarf,Keldagrim,Lovakengj Engineer,Dwarf,Battlefront
1732,2754,1.0000001,Green Gemstone Secretary,Dwarf,Keldagrim,Mountain Dwarf,Dwarf,Lumbridge dining hall
1732,2755,1.0000001,Green Gemstone Secretary,Dwarf,Keldagrim,Mountain Dwarf,Dwarf,Near White Wolf Mountain
1732,3962,1.0000001,Green Gemstone Secretary,Dwarf,Keldagrim,Thorgel,Dwarf,Temple of Light
1744,3924,1.0000001,Griems,Tortugan,,Tetra,Tortugan,
1268,2544,1.0000001,Escaping slave,Human,Desert Mining Camp,Male slave,Human,Desert Mining Camp
1268,3616,1.0000001,Escaping slave,Human,Desert Mining Camp,Simon,Human,Chaos Temple (Wilderness)
1268,4285,1.0000001,Escaping slave,Human,Desert Mining Camp,William,Human,Red Dragon Isle
483,4396,1.0000001,Bolongo,Gnome,Tree Gnome Stronghold,Yulf Squecks,Gnome,Etceteria
489,970,1.0000001,Bonzara,Monkey,Ape Atoll Banana plantation,Denadu,Monkey,Temple of Marimbo
124,808,1.0000001,Amma,Tortugan,The Summer Shore,Cochu,Tortugan,
124,1744,1.0000001,Amma,Tortugan,The Summer Shore,Griems,Tortugan,
2326,4396,1.0000001,Lammy Langle,Gnome,Hosidius,Yulf Squecks,Gnome,Etceteria
2333,3695,1.0000001,Large zombie monkey,Monkey,Ape Atoll,Small zombie monkey,Monkey,Ape Atoll
2345,3118,1.0000001,Latlink Fastbell,Gnome,Farming Guild,Praistan Ebola,Gnome,Brimhaven
808,3924,1.0000001,Cochu,Tortugan,,Tetra,Tortugan,
810,1662,1.0000001,Cocktail seller,Gnome,"Al Kharid , Brimhaven , Catherby beach",Gnome banker,Gnome,Gnome Stronghold
1662,1668,1.0000001,Gnome banker,Gnome,Gnome Stronghold,Gnome emissary,Gnome,Keldagrim
117,119,1.0000001,Ambassador Ferrnook,Gnome,Varrock Palace 1 st floor [ UK ] 2 nd floor [ US ],Ambassador Spanfipple,Gnome,White Knights' Castle 1 st floor [ UK ] 2 nd floor [ US ]
118,119,1.0000001,Ambassador Gimblewap,Gnome,Ardougne Castle 1 st floor [ UK ] 2 nd floor [ US ],Ambassador Spanfipple,Gnome,White Knights' Castle 1 st floor [ UK ] 2 nd floor [ US ]
588,2506,1.0000001,Calin,Human,Burgh de Rott,Luscion,Human,Burgh de Rott
588,4175,1.0000001,Calin,Human,Burgh de Rott,Vasile,Human,Burgh de Rott
1213,1214,1.0000001,Eluned,Elf,"Isafdar , Prifddinas",Eluned,Elf,Lumbridge Castle ground floor [ UK ] 1 st floor [ US ]
1223,2148,1.0000001,Emily,Human,Falador,Jofridr Mordstatter,Human,Neitiznot
412,413,1.0000001,Betty,Human,Port Sarim,Betty,Human,
117,118,1.0000001,Ambassador Ferrnook,Gnome,Varrock Palace 1 st floor [ UK ] 2 nd floor [ US ],Ambassador Gimblewap,Gnome,Ardougne Castle 1 st floor [ UK ] 2 nd floor [ US ]
810,1668,1.0000001,Cocktail seller,Gnome,"Al Kharid , Brimhaven , Catherby beach",Gnome emissary,Gnome,Keldagrim
2480,2754,1.0000001,Lovakengj Engineer,Dwarf,Battlefront,Mountain Dwarf,Dwarf,Lumbridge dining hall
2480,2755,1.0000001,Lovakengj Engineer,Dwarf,Battlefront,Mountain Dwarf,Dwarf,Near White Wolf Mountain
2480,3962,1.0000001,Lovakengj Engineer,Dwarf,Battlefront,Thorgel,Dwarf,Temple of Light
2506,4175,1.0000001,Luscion,Human,Burgh de Rott,Vasile,Human,Burgh de Rott
1351,3118,1.0000001,Felfiz Yaryus,Gnome,Farming Guild,Praistan Ebola,Gnome,Brimhaven
1373,2849,1.0000001,Ffoni,Elf,Prifddinas,Nimrodel,Elf,Grand Library
3616,4285,1.0000001,Simon,Human,Chaos Temple (Wilderness),William,Human,Red Dragon Isle
1373,3382,1.0000001,Ffoni,Elf,Prifddinas,Saeth,Elf,Prifddinas
1526,1738,1.0000001,Fur trader,Human,Rellekka marketplace,Greengrocer,Human,Miscellania Market
2535,3146,1.0000001,Major Collect,Human,Barbarian Assault tutorial,Private Pierreb,Human,Barbarian Assault outside and near rooms 9 and 10
2544,3616,1.0000001,Male slave,Human,Desert Mining Camp,Simon,Human,Chaos Temple (Wilderness)
2544,4285,1.0000001,Male slave,Human,Desert Mining Camp,William,Human,Red Dragon Isle
247,3962,1.0000001,Austri,Dwarf,Taverley,Thorgel,Dwarf,Temple of Light
247,1113,1.0000001,Austri,Dwarf,Taverley,Dwarven Boatman,Dwarf,Keldagrim south-west mine
247,1114,1.0000001,Austri,Dwarf,Taverley,Dwarven Engineer,Dwarf,Keldagrim
247,1732,1.0000001,Austri,Dwarf,Taverley,Green Gemstone Secretary,Dwarf,Keldagrim
247,1879,1.0000001,Austri,Dwarf,Taverley,Hammerspike Stoutbeard,Dwarf,Dwarven Mines
247,2480,1.0000001,Austri,Dwarf,Taverley,Lovakengj Engineer,Dwarf,Battlefront
247,2754,1.0000001,Austri,Dwarf,Taverley,Mountain Dwarf,Dwarf,Lumbridge dining hall
1065,1113,1.0000001,Drogo dwarf,Dwarf,Dwarven Mine,Dwarven Boatman,Dwarf,Keldagrim south-west mine
1065,1114,1.0000001,Drogo dwarf,Dwarf,Dwarven Mine,Dwarven Engineer,Dwarf,Keldagrim
1065,1732,1.0000001,Drogo dwarf,Dwarf,Dwarven Mine,Green Gemstone Secretary,Dwarf,Keldagrim
1485,1499,1.0000001,Freaky Forester,Human,Forestry events,Friendly Forester,Human,"Draynor Village , Seers' Village , Prifddinas , Nemus Retreat"
1504,4396,1.0000001,Frizzy Skernip,Gnome,Port Sarim,Yulf Squecks,Gnome,Etceteria
1398,1645,1.0000001,First Mate Peri,Human,Tempoross Cove,Gita Prymes,Human,Ruins of Unkah
1456,2609,1.0000001,Flower Girl,Human,Miscellania Market,Matilda,Human,Etceteria Market
1468,2102,1.0000001,Forester (hard),Human,Paterdomus,James,Human,Grand Exchange entrance
1057,1363,1.0000001,Draven Quillshade,Human,,Fenric Hollowspire,Human,
2849,3382,1.0000001,Nimrodel,Elf,Grand Library,Saeth,Elf,Prifddinas
2850,4390,1.0000001,Nipper,Dorgeshuun,Dorgesh-Kaan,Young 'un,Dorgeshuun,Dorgesh-Kaan
2857,4219,1.0000001,Noctillion Lugosi,Vampyre,West Darkmeyer,Von van Von,Vampyre,South-west Darkmeyer
49,3071,1.0000001,Agility Instructor,Penguin,Iceberg,Ping,Penguin,KGP Headquarters
1065,1879,1.0000001,Drogo dwarf,Dwarf,Dwarven Mine,Hammerspike Stoutbeard,Dwarf,Dwarven Mines
1065,2480,1.0000001,Drogo dwarf,Dwarf,Dwarven Mine,Lovakengj Engineer,Dwarf,Battlefront
1065,2754,1.0000001,Drogo dwarf,Dwarf,Dwarven Mine,Mountain Dwarf,Dwarf,Lumbridge dining hall
1065,2755,1.0000001,Drogo dwarf,Dwarf,Dwarven Mine,Mountain Dwarf,Dwarf,Near White Wolf Mountain
1065,3962,1.0000001,Drogo dwarf,Dwarf,Dwarven Mine,Thorgel,Dwarf,Temple of Light
247,2755,1.0000001,Austri,Dwarf,Taverley,Mountain Dwarf,Dwarf,Near White Wolf Mountain
2907,3067,1.0000001,Ogre guard,Ogre,Jiggig,Pilg,Ogre,Jiggig
50,4267,1.0,Agility Trainer,Werewolf,"Werewolf Agility Course , near Canifis",Werewolf,Werewolf,Haunted Woods
50,3676,1.0,Agility Trainer,Werewolf,"Werewolf Agility Course , near Canifis",Skullball Trainer,Werewolf,"Werewolf Skullball , west of Canifis"
4209,4230,1.0,Violetta Sanguine,Vampyre,Northern Darkmeyer,Vyrelady,Vampyre,Ver Sinhaza
4164,4220,1.0,Vampyressa van Von,Vampyre,North-east Darkmeyer,Vonnetta Varnis,Vampyre,North-east Darkmeyer
707,2714,1.0,Chadwell,Human,West Ardougne,Monk,Human,Varrock
707,2340,1.0,Chadwell,Human,West Ardougne,Larry,Human,Wilderness
707,1934,1.0,Chadwell,Human,West Ardougne,Hengrad,Human,Fight Arena
50,3675,1.0,Agility Trainer,Werewolf,"Werewolf Agility Course , near Canifis",Skullball Boss,Werewolf,"Werewolf Skullball , near Canifis"
777,1352,1.0,Citizen,Human,Aldarin,Felius,Human,Twilight Temple
690,1344,1.0,Cave monk,Human,Entrana,Father Lawrence,Human,Varrock church
748,752,1.0,Child,Dwarf ( Imcando-descendant ),Cam Torum,Child,Dwarf ( Imcando-descendant ),Mistrock
690,2718,1.0,Cave monk,Human,Entrana,Monk,Human,Lumbridge Swamp
2804,4158,1.0,Nakasa Jovkai,Vampyre,South-west Darkmeyer,Vallessia Dracyula,Vampyre,North Darkmeyer
2804,2809,1.0,Nakasa Jovkai,Vampyre,South-west Darkmeyer,Natalidae Shadum,Vampyre,South-west Darkmeyer
2797,4180,1.0,Mysterious Voice,Unknown,Mount Quidamortem,Velorina,Ghost,Port Phasmatys
2797,3432,1.0,Mysterious Voice,Unknown,Mount Quidamortem,Sarah,Ghost,Port Phasmatys
2736,3389,1.0,Mord Gunnars,Human,Rellekka docks,Sailor,Human,Rellekka docks
738,1837,1.0,Chet,Tortugan,Coral Nurseries,Guppa,Tortugan,The Summer Shore
737,2310,1.0,Cheryl,Human,Port Piscarilius,Lacey,Human,Mansion in a faraway island.
723,2719,1.0,Charlie Brown,Human,Hosidius church,Monk of Entrana,Human,"Port Sarim , Entrana"
2768,3474,1.0,Mr Face,Human,? (edit),Seaman Thresnor,Human,Port Sarim
2768,3472,1.0,Mr Face,Human,? (edit),Seaman Lorris,Human,Port Sarim
1256,4220,1.0,Episcula Helsing,Vampyre,South-west Darkmeyer,Vonnetta Varnis,Vampyre,North-east Darkmeyer
1256,4164,1.0,Episcula Helsing,Vampyre,South-west Darkmeyer,Vampyressa van Von,Vampyre,North-east Darkmeyer
1256,4158,1.0,Episcula Helsing,Vampyre,South-west Darkmeyer,Vallessia Dracyula,Vampyre,North Darkmeyer
1256,2809,1.0,Episcula Helsing,Vampyre,South-west Darkmeyer,Natalidae Shadum,Vampyre,South-west Darkmeyer
1256,2804,1.0,Episcula Helsing,Vampyre,South-west Darkmeyer,Nakasa Jovkai,Vampyre,South-west Darkmeyer
1256,2343,1.0,Episcula Helsing,Vampyre,South-west Darkmeyer,Lasenna Rasputin,Vampyre,North Darkmeyer
1256,2315,1.0,Episcula Helsing,Vampyre,South-west Darkmeyer,Lady Nadezhda Shadum,Vampyre,West Darkmeyer
1242,2820,1.0,Enilly,Elf,Prifddinas,Nellas,Elf,Prifddinas
3139,3536,1.0,Prisoner,Human,Haunted Woods,Shilop,Human,Varrock square
1344,2718,1.0,Father Lawrence,Human,Varrock church,Monk,Human,Lumbridge Swamp
1324,1885,1.0,Farmer,Human,Groats' farm,Hans,Human,Lumbridge
501,3484,1.0,Bouquet Mac Hyacinth,Human,Lunar Isle,Selene,Human,Lunar Isle
2714,3532,1.0,Monk,Human,Varrock,Sherpa,Human,? (edit)
2714,3515,1.0,Monk,Human,Varrock,Shantay Guard,Human,Ruins of Unkah
2637,3432,1.0,Melina,Undead,Port Phasmatys,Sarah,Ghost,Port Phasmatys
365,3235,1.0,Bartender,Human,Bandit Village in the Kharidian Desert,Razmire Keelgan,Human,Mort'ton
1773,1795,1.0,Guard,Human,Seers' Village Courthouse,Guard,Human,Sinclair Mansion
1766,1801,1.0,Guard,Human,Falador,Guard Recruiter,Human,Falador
781,784,1.0,Citizen,Human,Kastori,Citizen,Human,Tal Teklan
4158,4220,1.0,Vallessia Dracyula,Vampyre,North Darkmeyer,Vonnetta Varnis,Vampyre,North-east Darkmeyer
4158,4164,1.0,Vallessia Dracyula,Vampyre,North Darkmeyer,Vampyressa van Von,Vampyre,North-east Darkmeyer
779,783,1.0,Citizen,Dwarf ( Imcando-descendant ),Cam Torum,Citizen,Dwarf ( Imcando-descendant ),Mistrock
2714,4128,1.0,Monk,Human,Varrock,Unferth,Human,Burthorpe
2714,4094,1.0,Monk,Human,Varrock,Tyras guard,Human,Tyras Camp
2714,3860,1.0,Monk,Human,Varrock,Svidi,Human,East of Rellekka
1765,1801,1.0,Guard,Human,Falador,Guard Recruiter,Human,Falador
1765,1766,1.0,Guard,Human,Falador,Guard,Human,Falador
2625,2966,1.0,Medium catalytic guardian,Rune guardian,Temple of the Eye,Overcharged elemental guardian,Rune guardian,Temple of the Eye
2625,2965,1.0,Medium catalytic guardian,Rune guardian,Temple of the Eye,Overcharged catalytic guardian,Rune guardian,Temple of the Eye
1788,1793,1.0,Guard,Human,Neitiznot,Guard,Human,Rellekka Longhall Bar
2654,3232,1.0,Metarialus,Ghost,Port Phasmatys,Raulyn,Ghost,Slayer Tower basement
2649,2670,1.0,Mernik,Dorgeshuun,Dorgesh-Kaan,Miltog,Dorgeshuun,Dorgesh-Kaan
2637,4180,1.0,Melina,Undead,Port Phasmatys,Velorina,Ghost,Port Phasmatys
3515,4128,1.0,Shantay Guard,Human,Ruins of Unkah,Unferth,Human,Burthorpe
3515,4094,1.0,Shantay Guard,Human,Ruins of Unkah,Tyras guard,Human,Tyras Camp
3515,3860,1.0,Shantay Guard,Human,Ruins of Unkah,Svidi,Human,East of Rellekka
3515,3532,1.0,Shantay Guard,Human,Ruins of Unkah,Sherpa,Human,? (edit)
1064,1624,1.0,Droalak,Ghost,Port Phasmatys,Ghost sailor,Ghost,Port Phasmatys
1064,1623,1.0,Droalak,Ghost,Port Phasmatys,Ghost innkeeper,Ghost,Port Phasmatys
532,1344,1.0,Brother Kojo,Human,"The Clock Tower , south of Ardougne",Father Lawrence,Human,Varrock church
168,2839,1.0,Arancini,Araxyte,Morytania Spider Cave,Nid,Araxyte,Araxxor
532,690,1.0,Brother Kojo,Human,"The Clock Tower , south of Ardougne",Cave monk,Human,Entrana
532,534,1.0,Brother Kojo,Human,"The Clock Tower , south of Ardougne",Brother Omad,Human,Monastery south of Ardougne
2315,4220,1.0,Lady Nadezhda Shadum,Vampyre,West Darkmeyer,Vonnetta Varnis,Vampyre,North-east Darkmeyer
2315,4158,1.0,Lady Nadezhda Shadum,Vampyre,West Darkmeyer,Vallessia Dracyula,Vampyre,North Darkmeyer
232,2091,1.0,Assistant Marrow,Human,Castle Wars,Jack Seagull,Human,Rusty Anchor Inn
2637,2797,1.0,Melina,Undead,Port Phasmatys,Mysterious Voice,Unknown,Mount Quidamortem
1370,1371,1.0,Ferryman Nathwood,Human,West of Ruins of Unkah bank,Ferryman Sathwood,Human,South of Al Kharid bank
1178,2956,1.0,Eldgrim,Human,Rellekka Longhall Bar,Ospak,Human,Rellekka Longhall Bar
1163,4128,1.0,Elder Chaos druid,Human,Chaos Temple,Unferth,Human,Burthorpe
1163,4094,1.0,Elder Chaos druid,Human,Chaos Temple,Tyras guard,Human,Tyras Camp
1163,3860,1.0,Elder Chaos druid,Human,Chaos Temple,Svidi,Human,East of Rellekka
1163,3532,1.0,Elder Chaos druid,Human,Chaos Temple,Sherpa,Human,? (edit)
1163,3515,1.0,Elder Chaos druid,Human,Chaos Temple,Shantay Guard,Human,Ruins of Unkah
1163,2714,1.0,Elder Chaos druid,Human,Chaos Temple,Monk,Human,Varrock
1361,1362,1.0,Fennec fox,,Avium Savannah,Fennec fox cub,,Avium Savannah
2315,2809,1.0,Lady Nadezhda Shadum,Vampyre,West Darkmeyer,Natalidae Shadum,Vampyre,South-west Darkmeyer
529,1344,1.0,Brother Cedric,Human,East Ardougne,Father Lawrence,Human,Varrock church
2244,3575,1.0,Khazard Barman,Human,South-western corner of the Fight Arena,Shop keeper,Human,Port Khazard
529,2718,1.0,Brother Cedric,Human,East Ardougne,Monk,Human,Lumbridge Swamp
1934,2714,1.0,Hengrad,Human,Fight Arena,Monk,Human,Varrock
432,3837,1.0,Bjorn,Human,Rellekka Longhall Bar,Styrmir,Human,Rellekka Longhall Bar
1834,2745,1.0,Gunnar Holdstrom,Human,Neitiznot,Morten Holdstrom,Human,Neitiznot
1834,2165,1.0,Gunnar Holdstrom,Human,Neitiznot,Jossik,Human,Lighthouse
1626,3232,1.0,Ghost villager,Ghost,Port Phasmatys,Raulyn,Ghost,Slayer Tower basement
1626,2541,1.0,Ghost villager,Ghost,Port Phasmatys,Malcolm,Ghost,Farm west of Port Phasmatys
1625,3232,1.0,Ghost shopkeeper,Ghost,Port Phasmatys,Raulyn,Ghost,Slayer Tower basement
1625,2541,1.0,Ghost shopkeeper,Ghost,Port Phasmatys,Malcolm,Ghost,Farm west of Port Phasmatys
1625,1626,1.0,Ghost shopkeeper,Ghost,Port Phasmatys,Ghost villager,Ghost,Port Phasmatys
1624,3232,1.0,Ghost sailor,Ghost,Port Phasmatys,Raulyn,Ghost,Slayer Tower basement
1624,2541,1.0,Ghost sailor,Ghost,Port Phasmatys,Malcolm,Ghost,Farm west of Port Phasmatys
378,1166,1.0,Bearded gorilla,Monkey,Ape Atoll,Elder Guard,Monkey,Marim
2315,2804,1.0,Lady Nadezhda Shadum,Vampyre,West Darkmeyer,Nakasa Jovkai,Vampyre,South-west Darkmeyer
2315,2343,1.0,Lady Nadezhda Shadum,Vampyre,West Darkmeyer,Lasenna Rasputin,Vampyre,North Darkmeyer
1064,3232,1.0,Droalak,Ghost,Port Phasmatys,Raulyn,Ghost,Slayer Tower basement
1064,2654,1.0,Droalak,Ghost,Port Phasmatys,Metarialus,Ghost,Port Phasmatys
1064,2541,1.0,Droalak,Ghost,Port Phasmatys,Malcolm,Ghost,Farm west of Port Phasmatys
1064,1626,1.0,Droalak,Ghost,Port Phasmatys,Ghost villager,Ghost,Port Phasmatys
1064,1625,1.0,Droalak,Ghost,Port Phasmatys,Ghost shopkeeper,Ghost,Port Phasmatys
1064,1622,1.0,Droalak,Ghost,Port Phasmatys,Ghost guard,Ghost,Outside Port Phasmatys
1064,1620,1.0,Droalak,Ghost,Port Phasmatys,Ghost disciple,Ghost,Port Phasmatys
1064,1618,1.0,Droalak,Ghost,Port Phasmatys,Ghost captain,Ghost,Port Phasmatys
1064,1617,1.0,Droalak,Ghost,Port Phasmatys,Ghost captain,Ghost,Port Phasmatys
1064,1616,1.0,Droalak,Ghost,Port Phasmatys,Ghost banker,Ghost,Port Phasmatys Bank
1060,4128,1.0,Drezel,Human,Paterdomus,Unferth,Human,Burthorpe
1623,3232,1.0,Ghost innkeeper,Ghost,Port Phasmatys,Raulyn,Ghost,Slayer Tower basement
1623,2541,1.0,Ghost innkeeper,Ghost,Port Phasmatys,Malcolm,Ghost,Farm west of Port Phasmatys
1623,1626,1.0,Ghost innkeeper,Ghost,Port Phasmatys,Ghost villager,Ghost,Port Phasmatys
1623,1625,1.0,Ghost innkeeper,Ghost,Port Phasmatys,Ghost shopkeeper,Ghost,Port Phasmatys
2626,2966,1.0,Medium elemental guardian,Rune guardian,Temple of the Eye,Overcharged elemental guardian,Rune guardian,Temple of the Eye
2626,2965,1.0,Medium elemental guardian,Rune guardian,Temple of the Eye,Overcharged catalytic guardian,Rune guardian,Temple of the Eye
2593,2605,1.0,Martin the Master Gardener,Human,Draynor Village,Master Farmer,Human,North of East Ardougne Draynor Village Farming Guild Hosidius
885,4158,1.0,Crimsonette van Marr,Vampyre,The Crypt,Vallessia Dracyula,Vampyre,North Darkmeyer
885,2809,1.0,Crimsonette van Marr,Vampyre,The Crypt,Natalidae Shadum,Vampyre,South-west Darkmeyer
885,2804,1.0,Crimsonette van Marr,Vampyre,The Crypt,Nakasa Jovkai,Vampyre,South-west Darkmeyer
885,2343,1.0,Crimsonette van Marr,Vampyre,The Crypt,Lasenna Rasputin,Vampyre,North Darkmeyer
885,2315,1.0,Crimsonette van Marr,Vampyre,The Crypt,Lady Nadezhda Shadum,Vampyre,West Darkmeyer
885,1256,1.0,Crimsonette van Marr,Vampyre,The Crypt,Episcula Helsing,Vampyre,South-west Darkmeyer
4098,4099,1.0,TzHaar-Hur-Lek,TzHaar,Mor Ul Rek,TzHaar-Hur-Rin,TzHaar,Mor Ul Rek
527,1140,1.0,Brother Althric,Human,Edgeville Monastery,Edmond,Human,Bandit camp mine
1163,2340,1.0,Elder Chaos druid,Human,Chaos Temple,Larry,Human,Wilderness
1163,1934,1.0,Elder Chaos druid,Human,Chaos Temple,Hengrad,Human,Fight Arena
2032,3176,1.0,Ignisia,Citizen of Arceuus,Wintertodt Camp,Pyromancer,Citizen of Arceuus,Wintertodt prison
1624,1626,1.0,Ghost sailor,Ghost,Port Phasmatys,Ghost villager,Ghost,Port Phasmatys
1624,1625,1.0,Ghost sailor,Ghost,Port Phasmatys,Ghost shopkeeper,Ghost,Port Phasmatys
1060,4094,1.0,Drezel,Human,Paterdomus,Tyras guard,Human,Tyras Camp
1060,3860,1.0,Drezel,Human,Paterdomus,Svidi,Human,East of Rellekka
532,2718,1.0,Brother Kojo,Human,"The Clock Tower , south of Ardougne",Monk,Human,Lumbridge Swamp
2343,2809,1.0,Lasenna Rasputin,Vampyre,North Darkmeyer,Natalidae Shadum,Vampyre,South-west Darkmeyer
2343,2804,1.0,Lasenna Rasputin,Vampyre,North Darkmeyer,Nakasa Jovkai,Vampyre,South-west Darkmeyer
1934,4128,1.0,Hengrad,Human,Fight Arena,Unferth,Human,Burthorpe
1934,4094,1.0,Hengrad,Human,Fight Arena,Tyras guard,Human,Tyras Camp
1934,3860,1.0,Hengrad,Human,Fight Arena,Svidi,Human,East of Rellekka
1934,3532,1.0,Hengrad,Human,Fight Arena,Sherpa,Human,? (edit)
1934,3515,1.0,Hengrad,Human,Fight Arena,Shantay Guard,Human,Ruins of Unkah
2340,4128,1.0,Larry,Human,Wilderness,Unferth,Human,Burthorpe
2340,4094,1.0,Larry,Human,Wilderness,Tyras guard,Human,Tyras Camp
2340,3860,1.0,Larry,Human,Wilderness,Svidi,Human,East of Rellekka
2340,3532,1.0,Larry,Human,Wilderness,Sherpa,Human,? (edit)
2340,3515,1.0,Larry,Human,Wilderness,Shantay Guard,Human,Ruins of Unkah
2340,2714,1.0,Larry,Human,Wilderness,Monk,Human,Varrock
527,1163,1.0,Brother Althric,Human,Edgeville Monastery,Elder Chaos druid,Human,Chaos Temple
4094,4128,1.0,Tyras guard,Human,Tyras Camp,Unferth,Human,Burthorpe
2556,3264,1.0,Man,Human,The Warrens,Refugee,Human,Ferox Enclave
885,4220,1.0,Crimsonette van Marr,Vampyre,The Crypt,Vonnetta Varnis,Vampyre,North-east Darkmeyer
1623,1624,1.0,Ghost innkeeper,Ghost,Port Phasmatys,Ghost sailor,Ghost,Port Phasmatys
1622,3232,1.0,Ghost guard,Ghost,Outside Port Phasmatys,Raulyn,Ghost,Slayer Tower basement
1622,2654,1.0,Ghost guard,Ghost,Outside Port Phasmatys,Metarialus,Ghost,Port Phasmatys
1622,2541,1.0,Ghost guard,Ghost,Outside Port Phasmatys,Malcolm,Ghost,Farm west of Port Phasmatys
1622,1626,1.0,Ghost guard,Ghost,Outside Port Phasmatys,Ghost villager,Ghost,Port Phasmatys
885,4164,1.0,Crimsonette van Marr,Vampyre,The Crypt,Vampyressa van Von,Vampyre,North-east Darkmeyer
1620,3232,1.0,Ghost disciple,Ghost,Port Phasmatys,Raulyn,Ghost,Slayer Tower basement
1620,2654,1.0,Ghost disciple,Ghost,Port Phasmatys,Metarialus,Ghost,Port Phasmatys
1620,2541,1.0,Ghost disciple,Ghost,Port Phasmatys,Malcolm,Ghost,Farm west of Port Phasmatys
470,471,1.0,Bob,Human,Lumbridge,Bob,Human,Lumbridge
1140,4128,1.0,Edmond,Human,Bandit camp mine,Unferth,Human,Burthorpe
1140,4094,1.0,Edmond,Human,Bandit camp mine,Tyras guard,Human,Tyras Camp
1140,3860,1.0,Edmond,Human,Bandit camp mine,Svidi,Human,East of Rellekka
1140,3532,1.0,Edmond,Human,Bandit camp mine,Sherpa,Human,? (edit)
1140,3515,1.0,Edmond,Human,Bandit camp mine,Shantay Guard,Human,Ruins of Unkah
1140,2714,1.0,Edmond,Human,Bandit camp mine,Monk,Human,Varrock
1140,2340,1.0,Edmond,Human,Bandit camp mine,Larry,Human,Wilderness
1140,1934,1.0,Edmond,Human,Bandit camp mine,Hengrad,Human,Fight Arena
1140,1163,1.0,Edmond,Human,Bandit camp mine,Elder Chaos druid,Human,Chaos Temple
2541,3232,1.0,Malcolm,Ghost,Farm west of Port Phasmatys,Raulyn,Ghost,Slayer Tower basement
256,257,1.0,Awowogei,Monkey,Lumbridge Castle ground floor [ UK ] 1 st floor [ US ],Awowogei,Monkey,Lumbridge Castle ground floor [ UK ] 1 st floor [ US ]
1622,1625,1.0,Ghost guard,Ghost,Outside Port Phasmatys,Ghost shopkeeper,Ghost,Port Phasmatys
1622,1624,1.0,Ghost guard,Ghost,Outside Port Phasmatys,Ghost sailor,Ghost,Port Phasmatys
1622,1623,1.0,Ghost guard,Ghost,Outside Port Phasmatys,Ghost innkeeper,Ghost,Port Phasmatys
1060,3532,1.0,Drezel,Human,Paterdomus,Sherpa,Human,? (edit)
1060,3515,1.0,Drezel,Human,Paterdomus,Shantay Guard,Human,Ruins of Unkah
1060,2714,1.0,Drezel,Human,Paterdomus,Monk,Human,Varrock
1060,2340,1.0,Drezel,Human,Paterdomus,Larry,Human,Wilderness
1060,1934,1.0,Drezel,Human,Paterdomus,Hengrad,Human,Fight Arena
1060,1163,1.0,Drezel,Human,Paterdomus,Elder Chaos druid,Human,Chaos Temple
1060,1140,1.0,Drezel,Human,Paterdomus,Edmond,Human,Bandit camp mine
534,1344,1.0,Brother Omad,Human,Monastery south of Ardougne,Father Lawrence,Human,Varrock church
534,690,1.0,Brother Omad,Human,Monastery south of Ardougne,Cave monk,Human,Entrana
533,4345,1.0,Brother Maledict,Human,Witchaven,Workman,Human,Falador
2343,4220,1.0,Lasenna Rasputin,Vampyre,North Darkmeyer,Vonnetta Varnis,Vampyre,North-east Darkmeyer
2343,4164,1.0,Lasenna Rasputin,Vampyre,North Darkmeyer,Vampyressa van Von,Vampyre,North-east Darkmeyer
2343,4158,1.0,Lasenna Rasputin,Vampyre,North Darkmeyer,Vallessia Dracyula,Vampyre,North Darkmeyer
3920,3921,1.0,Terrorbird Guard 21,Engineered terrorbird,Cutscene,Terrorbird Guard 72,Engineered terrorbird,Cutscene
3860,4128,1.0,Svidi,Human,East of Rellekka,Unferth,Human,Burthorpe
1618,1626,1.0,Ghost captain,Ghost,Port Phasmatys,Ghost villager,Ghost,Port Phasmatys
1618,1625,1.0,Ghost captain,Ghost,Port Phasmatys,Ghost shopkeeper,Ghost,Port Phasmatys
1618,1624,1.0,Ghost captain,Ghost,Port Phasmatys,Ghost sailor,Ghost,Port Phasmatys
1618,1623,1.0,Ghost captain,Ghost,Port Phasmatys,Ghost innkeeper,Ghost,Port Phasmatys
1620,1626,1.0,Ghost disciple,Ghost,Port Phasmatys,Ghost villager,Ghost,Port Phasmatys
1620,1625,1.0,Ghost disciple,Ghost,Port Phasmatys,Ghost shopkeeper,Ghost,Port Phasmatys
1620,1624,1.0,Ghost disciple,Ghost,Port Phasmatys,Ghost sailor,Ghost,Port Phasmatys
1620,1623,1.0,Ghost disciple,Ghost,Port Phasmatys,Ghost innkeeper,Ghost,Port Phasmatys
1620,1622,1.0,Ghost disciple,Ghost,Port Phasmatys,Ghost guard,Ghost,Outside Port Phasmatys
1618,3232,1.0,Ghost captain,Ghost,Port Phasmatys,Raulyn,Ghost,Slayer Tower basement
1618,2654,1.0,Ghost captain,Ghost,Port Phasmatys,Metarialus,Ghost,Port Phasmatys
1618,2541,1.0,Ghost captain,Ghost,Port Phasmatys,Malcolm,Ghost,Farm west of Port Phasmatys
1617,3232,1.0,Ghost captain,Ghost,Port Phasmatys,Raulyn,Ghost,Slayer Tower basement
1617,2654,1.0,Ghost captain,Ghost,Port Phasmatys,Metarialus,Ghost,Port Phasmatys
1617,2541,1.0,Ghost captain,Ghost,Port Phasmatys,Malcolm,Ghost,Farm west of Port Phasmatys
1617,1626,1.0,Ghost captain,Ghost,Port Phasmatys,Ghost villager,Ghost,Port Phasmatys
1617,1625,1.0,Ghost captain,Ghost,Port Phasmatys,Ghost shopkeeper,Ghost,Port Phasmatys
1863,3575,1.0,Hajedy,Human,Brimhaven,Shop keeper,Human,Port Khazard
1863,2244,1.0,Hajedy,Human,Brimhaven,Khazard Barman,Human,South-western corner of the Fight Arena
598,4159,1.0,Caninelle Draynar,Vampyre,North-west Darkmeyer,Vallessia von Pitt,Vampyre,North-east Darkmeyer
3860,4094,1.0,Svidi,Human,East of Rellekka,Tyras guard,Human,Tyras Camp
527,4128,1.0,Brother Althric,Human,Edgeville Monastery,Unferth,Human,Burthorpe
529,690,1.0,Brother Cedric,Human,East Ardougne,Cave monk,Human,Entrana
529,534,1.0,Brother Cedric,Human,East Ardougne,Brother Omad,Human,Monastery south of Ardougne
529,532,1.0,Brother Cedric,Human,East Ardougne,Brother Kojo,Human,"The Clock Tower , south of Ardougne"
332,1793,1.0,Bardur,Human,Waterbirth Island Dungeon,Guard,Human,Rellekka Longhall Bar
332,1788,1.0,Bardur,Human,Waterbirth Island Dungeon,Guard,Human,Neitiznot
326,2175,1.0,Barbara,Human,Hosidius,Julie,Human,Varrock
3532,4128,1.0,Sherpa,Human,? (edit),Unferth,Human,Burthorpe
3532,4094,1.0,Sherpa,Human,? (edit),Tyras guard,Human,Tyras Camp
3676,4267,1.0,Skullball Trainer,Werewolf,"Werewolf Skullball , west of Canifis",Werewolf,Werewolf,Haunted Woods
3675,4267,1.0,Skullball Boss,Werewolf,"Werewolf Skullball , near Canifis",Werewolf,Werewolf,Haunted Woods
3675,3676,1.0,Skullball Boss,Werewolf,"Werewolf Skullball , near Canifis",Skullball Trainer,Werewolf,"Werewolf Skullball , west of Canifis"
2182,3474,1.0,Junior Jim,Human,The Pandemonium,Seaman Thresnor,Human,Port Sarim
2182,3472,1.0,Junior Jim,Human,The Pandemonium,Seaman Lorris,Human,Port Sarim
2182,2768,1.0,Junior Jim,Human,The Pandemonium,Mr Face,Human,? (edit)
1618,1622,1.0,Ghost captain,Ghost,Port Phasmatys,Ghost guard,Ghost,Outside Port Phasmatys
1618,1620,1.0,Ghost captain,Ghost,Port Phasmatys,Ghost disciple,Ghost,Port Phasmatys
534,2718,1.0,Brother Omad,Human,Monastery south of Ardougne,Monk,Human,Lumbridge Swamp
1934,2340,1.0,Hengrad,Human,Fight Arena,Larry,Human,Wilderness
3532,3860,1.0,Sherpa,Human,? (edit),Svidi,Human,East of Rellekka
2178,3474,1.0,Jumbo Jim,Human,? (edit),Seaman Thresnor,Human,Port Sarim
966,967,1.0,Demon butler,Demon,Varies,Demon butler,Demon,Yama's Lair
1617,1624,1.0,Ghost captain,Ghost,Port Phasmatys,Ghost sailor,Ghost,Port Phasmatys
1617,1623,1.0,Ghost captain,Ghost,Port Phasmatys,Ghost innkeeper,Ghost,Port Phasmatys
1617,1622,1.0,Ghost captain,Ghost,Port Phasmatys,Ghost guard,Ghost,Outside Port Phasmatys
1617,1620,1.0,Ghost captain,Ghost,Port Phasmatys,Ghost disciple,Ghost,Port Phasmatys
1617,1618,1.0,Ghost captain,Ghost,Port Phasmatys,Ghost captain,Ghost,Port Phasmatys
1616,3232,1.0,Ghost banker,Ghost,Port Phasmatys Bank,Raulyn,Ghost,Slayer Tower basement
1616,2541,1.0,Ghost banker,Ghost,Port Phasmatys Bank,Malcolm,Ghost,Farm west of Port Phasmatys
1616,1626,1.0,Ghost banker,Ghost,Port Phasmatys Bank,Ghost villager,Ghost,Port Phasmatys
2178,3472,1.0,Jumbo Jim,Human,? (edit),Seaman Lorris,Human,Port Sarim
2178,2768,1.0,Jumbo Jim,Human,? (edit),Mr Face,Human,? (edit)
2178,2182,1.0,Jumbo Jim,Human,? (edit),Junior Jim,Human,The Pandemonium
2165,2745,1.0,Jossik,Human,Lighthouse,Morten Holdstrom,Human,Neitiznot
2163,2249,1.0,Jorzik,Dwarf,Keldagrim,"Khorvak, a dwarven engineer",Dwarf,Under White Wolf Mountain
527,4094,1.0,Brother Althric,Human,Edgeville Monastery,Tyras guard,Human,Tyras Camp
527,3860,1.0,Brother Althric,Human,Edgeville Monastery,Svidi,Human,East of Rellekka
527,3532,1.0,Brother Althric,Human,Edgeville Monastery,Sherpa,Human,? (edit)
527,3515,1.0,Brother Althric,Human,Edgeville Monastery,Shantay Guard,Human,Ruins of Unkah
527,2714,1.0,Brother Althric,Human,Edgeville Monastery,Monk,Human,Varrock
527,2340,1.0,Brother Althric,Human,Edgeville Monastery,Larry,Human,Wilderness
527,1934,1.0,Brother Althric,Human,Edgeville Monastery,Hengrad,Human,Fight Arena
527,1060,1.0,Brother Althric,Human,Edgeville Monastery,Drezel,Human,Paterdomus
527,707,1.0,Brother Althric,Human,Edgeville Monastery,Chadwell,Human,West Ardougne
3965,3968,1.0,Thorodin,Human,Rellekka,Thorvald the Warrior,Human,Rellekka
3472,3474,1.0,Seaman Lorris,Human,Port Sarim,Seaman Thresnor,Human,Port Sarim
3432,4180,1.0,Sarah,Ghost,Port Phasmatys,Velorina,Ghost,Port Phasmatys
1616,1617,1.0,Ghost banker,Ghost,Port Phasmatys Bank,Ghost captain,Ghost,Port Phasmatys
1616,1625,1.0,Ghost banker,Ghost,Port Phasmatys Bank,Ghost shopkeeper,Ghost,Port Phasmatys
1616,1624,1.0,Ghost banker,Ghost,Port Phasmatys Bank,Ghost sailor,Ghost,Port Phasmatys
1616,1623,1.0,Ghost banker,Ghost,Port Phasmatys Bank,Ghost innkeeper,Ghost,Port Phasmatys
1616,1622,1.0,Ghost banker,Ghost,Port Phasmatys Bank,Ghost guard,Ghost,Outside Port Phasmatys
1616,1620,1.0,Ghost banker,Ghost,Port Phasmatys Bank,Ghost disciple,Ghost,Port Phasmatys
1616,1618,1.0,Ghost banker,Ghost,Port Phasmatys Bank,Ghost captain,Ghost,Port Phasmatys
1759,1760,1.0,Grum,Human,Port Sarim,Grum,Human,
707,3515,1.0,Chadwell,Human,West Ardougne,Shantay Guard,Human,Ruins of Unkah
2846,3066,1.0,Niles,Human,Anywhere random events can occur,Piles,Human,Resource Area
2840,3062,1.0,Nieve,Human,Tree Gnome Stronghold,Pieve,Human,Asgarnian Ice Dungeon
2821,2822,1.0,Nelta of Ralos,,? (edit),Nelta of Ranul,,? (edit)
2809,4220,1.0,Natalidae Shadum,Vampyre,South-west Darkmeyer,Vonnetta Varnis,Vampyre,North-east Darkmeyer
2809,4164,1.0,Natalidae Shadum,Vampyre,South-west Darkmeyer,Vampyressa van Von,Vampyre,North-east Darkmeyer
2809,4158,1.0,Natalidae Shadum,Vampyre,South-west Darkmeyer,Vallessia Dracyula,Vampyre,North Darkmeyer
2804,4220,1.0,Nakasa Jovkai,Vampyre,South-west Darkmeyer,Vonnetta Varnis,Vampyre,North-east Darkmeyer
707,3532,1.0,Chadwell,Human,West Ardougne,Sherpa,Human,? (edit)
707,1163,1.0,Chadwell,Human,West Ardougne,Elder Chaos druid,Human,Chaos Temple
707,1140,1.0,Chadwell,Human,West Ardougne,Edmond,Human,Bandit camp mine
707,1060,1.0,Chadwell,Human,West Ardougne,Drezel,Human,Paterdomus
706,2648,1.0,Ceto,Merfolk,Underwater,Mernia,Merfolk,Underwater
1276,1280,1.0,Ethereal Guide,Ethereal being,Dream World,Ethereal Numerator,Lunar Entity,Dream World
159,1649,1.0,Anwen,Elf,Prifddinas,Glenda,Elf,Prifddinas
1275,1280,1.0,Ethereal Fluke,Ethereal being,Dream World,Ethereal Numerator,Lunar Entity,Dream World
1275,1276,1.0,Ethereal Fluke,Ethereal being,Dream World,Ethereal Guide,Ethereal being,Dream World
1274,1280,1.0,Ethereal Expert,Ethereal being,Dream World,Ethereal Numerator,Lunar Entity,Dream World
1274,1276,1.0,Ethereal Expert,Ethereal being,Dream World,Ethereal Guide,Ethereal being,Dream World
1274,1275,1.0,Ethereal Expert,Ethereal being,Dream World,Ethereal Fluke,Ethereal being,Dream World
48,3676,1.0,Agility Boss,Werewolf,"Werewolf Agility Course , near Canifis",Skullball Trainer,Werewolf,"Werewolf Skullball , west of Canifis"
48,3675,1.0,Agility Boss,Werewolf,"Werewolf Agility Course , near Canifis",Skullball Boss,Werewolf,"Werewolf Skullball , near Canifis"
48,50,1.0,Agility Boss,Werewolf,"Werewolf Agility Course , near Canifis",Agility Trainer,Werewolf,"Werewolf Agility Course , near Canifis"
707,4128,1.0,Chadwell,Human,West Ardougne,Unferth,Human,Burthorpe
707,4094,1.0,Chadwell,Human,West Ardougne,Tyras guard,Human,Tyras Camp
707,3860,1.0,Chadwell,Human,West Ardougne,Svidi,Human,East of Rellekka
48,4267,1.0,Agility Boss,Werewolf,"Werewolf Agility Course , near Canifis",Werewolf,Werewolf,Haunted Woods
4265,4266,1.0,Werewolf,Werewolf,Darkmeyer,Werewolf,Werewolf,Haunted Woods
4264,4367,0.99999994,Wengra quo Sihar,Kahlith,Mount Karuulm,Xorrah quo Sihar,Kahlith,Mount Karuulm
4354,4355,0.99999994,Wydin,Human,Port Sarim,Wydin,Human,
283,384,0.99999994,Bandit shopkeeper,Human,Khadarian Bandit Camp,Bedabin Nomad,Human,Bedabin Camp
2254,4018,0.99999994,Kineer,Human,Catacombs of Kourend,Torrcs,Human,Varrock Museum
3779,3780,0.99999994,Squire,Human,White Knights' Castle,Squire,Human,Camelot castle
531,2716,0.99999994,Brother Jered,Human,Edgeville Monastery,Monk,Human,Entrana
847,2438,0.99999994,Corkat quo Sihar,Kahlith,Mount Karuulm,Lokraa quo Sihar,Kahlith,Mount Karuulm
847,4264,0.99999994,Corkat quo Sihar,Kahlith,Mount Karuulm,Wengra quo Sihar,Kahlith,Mount Karuulm
847,4367,0.99999994,Corkat quo Sihar,Kahlith,Mount Karuulm,Xorrah quo Sihar,Kahlith,Mount Karuulm
2552,2553,0.99999994,Man,Human,Catacombs of Kourend,Man,Human,Hosidius vinery
2438,4264,0.99999994,Lokraa quo Sihar,Kahlith,Mount Karuulm,Wengra quo Sihar,Kahlith,Mount Karuulm
2004,2005,0.99999994,Hunting expert,Human,Feldip Hunter area,Hunting expert,Human,Feldip Hunter area
2438,4367,0.99999994,Lokraa quo Sihar,Kahlith,Mount Karuulm,Xorrah quo Sihar,Kahlith,Mount Karuulm
1763,1780,0.9999999,Gruva Patrull,Human,Jatizso Mine Entrance,Guard,Human,Jatizso
2965,3829,0.9999999,Overcharged catalytic guardian,Rune guardian,Temple of the Eye,Strong catalytic guardian,Rune guardian,Temple of the Eye
173,2869,0.9999999,Archeio,Citizen of Arceuus,Arceuus Library,Novice,Citizen of Arceuus,Arceuus church
2953,2954,0.9999999,Osman,Human,Al Kharid,Osman,Human,Al Kharid
2965,2966,0.9999999,Overcharged catalytic guardian,Rune guardian,Temple of the Eye,Overcharged elemental guardian,Rune guardian,Temple of the Eye
2427,2494,0.9999999,Lobby Cow,Cow,Grim Reaper's mansion,Lumbridge Cow,Cow,Lumbridge
554,4249,0.9999999,Bunkwicket,Gnome,Ape Atoll Dungeon,Waymottin,Gnome,Ape Atoll Dungeon
1594,1595,0.9999999,Gerrant,Human,Port Sarim,Gerrant,Human,
415,2127,0.9999999,Beverly,Human,Varrock,Jess,Human,Varrock
2966,4253,0.9999999,Overcharged elemental guardian,Rune guardian,Temple of the Eye,Weak elemental guardian,Rune guardian,Temple of the Eye
3928,3997,0.9999999,The 'Wedge',Human,Camelot,Toby,Human,Varrock
983,997,0.9999999,Despoina Callidra,Vampyre,North-west Darkmeyer,Diphylla Bechstein,Vampyre,North-east Darkmeyer
2966,4252,0.9999999,Overcharged elemental guardian,Rune guardian,Temple of the Eye,Weak catalytic guardian,Rune guardian,Temple of the Eye
2966,3830,0.9999999,Overcharged elemental guardian,Rune guardian,Temple of the Eye,Strong elemental guardian,Rune guardian,Temple of the Eye
1886,3141,0.9999999,Hans,Human,Al Kharid,Prisoner,Human,North Darkmeyer
1886,2674,0.9999999,Hans,Human,Al Kharid,Mine cart driver,Human,Desert Mining Camp
2965,4252,0.9999999,Overcharged catalytic guardian,Rune guardian,Temple of the Eye,Weak catalytic guardian,Rune guardian,Temple of the Eye
1044,1045,0.9999999,Dr Harlow,Human,Varrock,Dr Harlow,Human,Blue Moon Inn
468,2674,0.9999999,Boar31337Killer,Human,Southern Island of The Node,Mine cart driver,Human,Desert Mining Camp
1983,2125,0.9999999,Horacio,Human,East Ardougne,Jerico,Human,East Ardougne
468,3141,0.9999999,Boar31337Killer,Human,Southern Island of The Node,Prisoner,Human,North Darkmeyer
1983,4243,0.9999999,Horacio,Human,East Ardougne,Warrior,Human,Lumbridge Swamp
3700,3928,0.9999999,Smithing apprentice,Human,Lumbridge,The 'Wedge',Human,Camelot
3700,3997,0.9999999,Smithing apprentice,Human,Lumbridge,Toby,Human,Varrock
2161,3309,0.9999999,Jorra,Dwarf ( Imcando-descendant ),Lovakengj Assembly,Riki the sculptor's model,Dwarf,Keldagrim
3829,3830,0.9999999,Strong catalytic guardian,Rune guardian,Temple of the Eye,Strong elemental guardian,Rune guardian,Temple of the Eye
3543,3557,0.9999999,Shipwright Seb,Human,Shipyard,Shipyard Worker,Human,Shipyard
1038,1444,0.9999999,Doug Deeping,Human,Down the north-eastern borehole of the Digsite,Flax keeper,Human,Seers' Village Flax Fields
1038,1886,0.9999999,Doug Deeping,Human,Down the north-eastern borehole of the Digsite,Hans,Human,Al Kharid
1038,2674,0.9999999,Doug Deeping,Human,Down the north-eastern borehole of the Digsite,Mine cart driver,Human,Desert Mining Camp
1038,3141,0.9999999,Doug Deeping,Human,Down the north-eastern borehole of the Digsite,Prisoner,Human,North Darkmeyer
2965,4253,0.9999999,Overcharged catalytic guardian,Rune guardian,Temple of the Eye,Weak elemental guardian,Rune guardian,Temple of the Eye
2965,3830,0.9999999,Overcharged catalytic guardian,Rune guardian,Temple of the Eye,Strong elemental guardian,Rune guardian,Temple of the Eye
617,630,0.9999999,Captain Daerkin,Gnome,Emir's Arena,Captain Lamdoo,Gnome,Depends on your location
617,618,0.9999999,Captain Daerkin,Gnome,Emir's Arena,Captain Dalbur,Gnome,Al Kharid
618,623,0.9999999,Captain Dalbur,Gnome,Al Kharid,Captain Errdo,Gnome,Grand Tree
617,635,0.9999999,Captain Daerkin,Gnome,Emir's Arena,Captain Ninto,Gnome,White Wolf Tunnel
618,629,0.9999999,Captain Dalbur,Gnome,Al Kharid,Captain Klemfoodle,Gnome,Karamja
618,630,0.9999999,Captain Dalbur,Gnome,Al Kharid,Captain Lamdoo,Gnome,Depends on your location
935,1444,0.9999999,Darkmeyer Slave,Human,Hallowed Sepulchre,Flax keeper,Human,Seers' Village Flax Fields
617,643,0.9999999,Captain Daerkin,Gnome,Emir's Arena,Captain Shoracks,Gnome,Ape Atoll
935,2674,0.9999999,Darkmeyer Slave,Human,Hallowed Sepulchre,Mine cart driver,Human,Desert Mining Camp
935,3141,0.9999999,Darkmeyer Slave,Human,Hallowed Sepulchre,Prisoner,Human,North Darkmeyer
1055,2737,0.9999999,Drasdan Ranor,Vampyre,South Darkmeyer,Mordan Nikazsi,Vampyre,South-east Darkmeyer
621,636,0.9999999,Captain Dudi,Human,Ruins of Unkah,Captain Pudi,Human,Ruins of Unkah
623,629,0.9999999,Captain Errdo,Gnome,Grand Tree,Captain Klemfoodle,Gnome,Karamja
623,630,0.9999999,Captain Errdo,Gnome,Grand Tree,Captain Lamdoo,Gnome,Depends on your location
623,635,0.9999999,Captain Errdo,Gnome,Grand Tree,Captain Ninto,Gnome,White Wolf Tunnel
935,1886,0.9999999,Darkmeyer Slave,Human,Hallowed Sepulchre,Hans,Human,Al Kharid
623,643,0.9999999,Captain Errdo,Gnome,Grand Tree,Captain Shoracks,Gnome,Ape Atoll
617,623,0.9999999,Captain Daerkin,Gnome,Emir's Arena,Captain Errdo,Gnome,Grand Tree
4032,4034,0.9999999,Tracker gnome 1,Gnome,Battlefield,Tracker gnome 3,Gnome,Battlefield
4032,4033,0.9999999,Tracker gnome 1,Gnome,Battlefield,Tracker gnome 2,Gnome,Battlefield
618,635,0.9999999,Captain Dalbur,Gnome,Al Kharid,Captain Ninto,Gnome,White Wolf Tunnel
618,643,0.9999999,Captain Dalbur,Gnome,Al Kharid,Captain Shoracks,Gnome,Ape Atoll
3099,4328,0.9999999,Poor looking woman,Human,Port Piscarilius,Woman,Human,The Warrens
1444,2674,0.9999999,Flax keeper,Human,Seers' Village Flax Fields,Mine cart driver,Human,Desert Mining Camp
1444,3141,0.9999999,Flax keeper,Human,Seers' Village Flax Fields,Prisoner,Human,North Darkmeyer
1836,3309,0.9999999,Gunslik,Dwarf,Western Keldagrim,Riki the sculptor's model,Dwarf,Keldagrim
3829,4252,0.9999999,Strong catalytic guardian,Rune guardian,Temple of the Eye,Weak catalytic guardian,Rune guardian,Temple of the Eye
3829,4253,0.9999999,Strong catalytic guardian,Rune guardian,Temple of the Eye,Weak elemental guardian,Rune guardian,Temple of the Eye
3830,4252,0.9999999,Strong elemental guardian,Rune guardian,Temple of the Eye,Weak catalytic guardian,Rune guardian,Temple of the Eye
3830,4253,0.9999999,Strong elemental guardian,Rune guardian,Temple of the Eye,Weak elemental guardian,Rune guardian,Temple of the Eye
2361,2362,0.9999999,Leagues Tutor,Human,Lumbridge,Leagues Tutor,Human,Lumbridge
2966,3829,0.9999999,Overcharged elemental guardian,Rune guardian,Temple of the Eye,Strong catalytic guardian,Rune guardian,Temple of the Eye
2578,3928,0.9999999,Mark,Human,Port Piscarilius,The 'Wedge',Human,Camelot
935,1038,0.9999999,Darkmeyer Slave,Human,Hallowed Sepulchre,Doug Deeping,Human,Down the north-eastern borehole of the Digsite
934,2636,0.9999999,Dark wizard,Human,Port Piscarilius,Meleti,Human,Library Historical Archive
2872,3970,0.9999999,Numpty,Dwarf,Blast Furnace,Thumpy,Dwarf,Blast Furnace
617,629,0.9999999,Captain Daerkin,Gnome,Emir's Arena,Captain Klemfoodle,Gnome,Karamja
4033,4034,0.9999999,Tracker gnome 2,Gnome,Battlefield,Tracker gnome 3,Gnome,Battlefield
629,630,0.9999999,Captain Klemfoodle,Gnome,Karamja,Captain Lamdoo,Gnome,Depends on your location
1444,1886,0.9999999,Flax keeper,Human,Seers' Village Flax Fields,Hans,Human,Al Kharid
630,635,0.9999999,Captain Lamdoo,Gnome,Depends on your location,Captain Ninto,Gnome,White Wolf Tunnel
630,643,0.9999999,Captain Lamdoo,Gnome,Depends on your location,Captain Shoracks,Gnome,Ape Atoll
2578,3700,0.9999999,Mark,Human,Port Piscarilius,Smithing apprentice,Human,Lumbridge
2578,2980,0.9999999,Mark,Human,Port Piscarilius,Panning guide,Human,Digsite
1531,4032,0.9999999,G.L.O. Caranock,Gnome,Karamja Shipyard,Tracker gnome 1,Gnome,Battlefield
629,635,0.9999999,Captain Klemfoodle,Gnome,Karamja,Captain Ninto,Gnome,White Wolf Tunnel
2625,4253,0.9999999,Medium catalytic guardian,Rune guardian,Temple of the Eye,Weak elemental guardian,Rune guardian,Temple of the Eye
2125,4243,0.9999999,Jerico,Human,East Ardougne,Warrior,Human,Lumbridge Swamp
2625,2626,0.9999999,Medium catalytic guardian,Rune guardian,Temple of the Eye,Medium elemental guardian,Rune guardian,Temple of the Eye
1531,4034,0.9999999,G.L.O. Caranock,Gnome,Karamja Shipyard,Tracker gnome 3,Gnome,Battlefield
1836,2161,0.9999999,Gunslik,Dwarf,Western Keldagrim,Jorra,Dwarf ( Imcando-descendant ),Lovakengj Assembly
2578,3997,0.9999999,Mark,Human,Port Piscarilius,Toby,Human,Varrock
433,472,0.9999999,Black Cat,Cat,Black Knights' Fortress,Bob,Cat,"Asgarnia , spawns at Burthorpe"
468,935,0.9999999,Boar31337Killer,Human,Southern Island of The Node,Darkmeyer Slave,Human,Hallowed Sepulchre
468,1038,0.9999999,Boar31337Killer,Human,Southern Island of The Node,Doug Deeping,Human,Down the north-eastern borehole of the Digsite
468,1444,0.9999999,Boar31337Killer,Human,Southern Island of The Node,Flax keeper,Human,Seers' Village Flax Fields
468,1886,0.9999999,Boar31337Killer,Human,Southern Island of The Node,Hans,Human,Al Kharid
1492,1493,0.9999999,Freygerd,Human,Rellekka,Freygerd,Human,Jatizso
1078,3997,0.9999999,Drunken soldier,Human,The Cloak and Stagger,Toby,Human,Varrock
463,4274,0.9999999,Blue Opal Secretary,Dwarf,Keldagrim,White Chisel Secretary,Dwarf,Keldagrim
1078,3700,0.9999999,Drunken soldier,Human,The Cloak and Stagger,Smithing apprentice,Human,Lumbridge
1531,4033,0.9999999,G.L.O. Caranock,Gnome,Karamja Shipyard,Tracker gnome 2,Gnome,Battlefield
629,643,0.9999999,Captain Klemfoodle,Gnome,Karamja,Captain Shoracks,Gnome,Ape Atoll
635,643,0.9999999,Captain Ninto,Gnome,White Wolf Tunnel,Captain Shoracks,Gnome,Ape Atoll
2626,3829,0.9999999,Medium elemental guardian,Rune guardian,Temple of the Eye,Strong catalytic guardian,Rune guardian,Temple of the Eye
2625,3830,0.9999999,Medium catalytic guardian,Rune guardian,Temple of the Eye,Strong elemental guardian,Rune guardian,Temple of the Eye
1078,3928,0.9999999,Drunken soldier,Human,The Cloak and Stagger,The 'Wedge',Human,Camelot
2626,3830,0.9999999,Medium elemental guardian,Rune guardian,Temple of the Eye,Strong elemental guardian,Rune guardian,Temple of the Eye
2980,3700,0.9999999,Panning guide,Human,Digsite,Smithing apprentice,Human,Lumbridge
2980,3928,0.9999999,Panning guide,Human,Digsite,The 'Wedge',Human,Camelot
2626,4252,0.9999999,Medium elemental guardian,Rune guardian,Temple of the Eye,Weak catalytic guardian,Rune guardian,Temple of the Eye
2626,4253,0.9999999,Medium elemental guardian,Rune guardian,Temple of the Eye,Weak elemental guardian,Rune guardian,Temple of the Eye
1715,2980,0.9999999,Grand Exchange Clerk,Human,Grand Exchange,Panning guide,Human,Digsite
1715,3700,0.9999999,Grand Exchange Clerk,Human,Grand Exchange,Smithing apprentice,Human,Lumbridge
1715,3928,0.9999999,Grand Exchange Clerk,Human,Grand Exchange,The 'Wedge',Human,Camelot
1715,3997,0.9999999,Grand Exchange Clerk,Human,Grand Exchange,Toby,Human,Varrock
1789,1790,0.9999999,Guard,Human,Port Sarim jail,Guard,Human,Port Sarim jail
1780,1781,0.9999999,Guard,Human,Jatizso,Guard,Human,Jatizso
2980,3997,0.9999999,Panning guide,Human,Digsite,Toby,Human,Varrock
1715,2578,0.9999999,Grand Exchange Clerk,Human,Grand Exchange,Mark,Human,Port Piscarilius
4100,4101,0.9999999,TzHaar-Hur-Tel,TzHaar,Mor Ul Rek,TzHaar-Hur-Zal,TzHaar,Mor Ul Rek
358,3899,0.9999999,Bartender,Human,Seers' Village,Taylor,Human,Farming Guild
2625,3829,0.9999999,Medium catalytic guardian,Rune guardian,Temple of the Eye,Strong catalytic guardian,Rune guardian,Temple of the Eye
778,2895,0.9999999,Citizen,Human,Auburnvale,Ocuil,Human,Auburn Valley
1311,1312,0.9999999,Fairy shop assistant,Fairy,Zanaris,Fairy shop keeper,Fairy,Zanaris
1763,1781,0.9999999,Gruva Patrull,Human,Jatizso Mine Entrance,Guard,Human,Jatizso
2674,3141,0.9999999,Mine cart driver,Human,Desert Mining Camp,Prisoner,Human,North Darkmeyer
2625,4252,0.9999999,Medium catalytic guardian,Rune guardian,Temple of the Eye,Weak catalytic guardian,Rune guardian,Temple of the Eye
747,3998,0.9999999,Child,,Auburnvale,Toch,Human,Auburn Valley
2726,2727,0.9999999,Monkey boy,Monkey,Varrock,Monkey Child,Monkey,Ape Atoll
3728,3732,0.9999999,Soldier,Human,Shayzien,Soldier,Human,Shayzien
1078,1715,0.9999999,Drunken soldier,Human,The Cloak and Stagger,Grand Exchange Clerk,Human,Grand Exchange
3096,3673,0.9999999,Pontak,Human,Rellekka,Skuli Myrka,Human,Jatizso
1078,2578,0.9999999,Drunken soldier,Human,The Cloak and Stagger,Mark,Human,Port Piscarilius
1078,2980,0.9999999,Drunken soldier,Human,The Cloak and Stagger,Panning guide,Human,Digsite
4252,4253,0.9999999,Weak catalytic guardian,Rune guardian,Temple of the Eye,Weak elemental guardian,Rune guardian,Temple of the Eye
340,2126,0.9999998,Barmaid,Human,Falador,Jess,Human,East Ardougne
1069,1070,0.9999998,Druid,Human,White Knights' Castle,Druid,Human,White Knights' Castle
1535,3619,0.9999998,Gabriela,Human,Burgh de Rott,Simona,Human,Burgh de Rott
1535,4157,0.9999998,Gabriela,Human,Burgh de Rott,Valeria,Human,Burgh de Rott
3637,3638,0.9999998,Sir Prysin,Human,"West side of Varrock Palace , ground floor [ UK ] 1 st floor [ US ]",Sir Prysin,Human,Blue Moon Inn
625,642,0.9999998,Captain Janaway,Human,Port Piscarilius,Captain Shanks,Human,West of the western entrance to Kharazi Jungle .
2126,2230,0.9999998,Jess,Human,East Ardougne,Kendall,Human,Great Kourend
2016,4069,0.9999998,Ice troll,Troll,North of Trollheim,Troll father,Troll,Ice Path
2016,4068,0.9999998,Ice troll,Troll,North of Trollheim,Troll child,Troll,Ice Path
3619,4157,0.9999998,Simona,Human,Burgh de Rott,Valeria,Human,Burgh de Rott
1224,3912,0.9999998,Emissary Acolyte,Human,Twilight Temple,Tenoch,Human,Tower of Ascension
1153,1154,0.9999998,Egg Priest,,Church of Ayaster,Egg priest,,Easter Workshop
70,2268,0.9999998,Alan,Human,Tal Teok,King's Messenger,Human,Anywhere
78,3618,0.9999998,Alexander,Human,Port Piscarilius,Simon Templeton,Human,Agility Pyramid
1570,1572,0.9999998,Gem merchant,Human,East Ardougne,Gem merchant,Human,Kourend Castle
2499,3619,0.9999998,Luminata,Human,Burgh de Rott,Simona,Human,Burgh de Rott
2499,4157,0.9999998,Luminata,Human,Burgh de Rott,Valeria,Human,Burgh de Rott
1535,2499,0.9999998,Gabriela,Human,Burgh de Rott,Luminata,Human,Burgh de Rott
340,2230,0.9999998,Barmaid,Human,Falador,Kendall,Human,Great Kourend
1758,3448,0.99999976,Gruh,Ogre,South of Castle Wars,Scarg,Ogre,Chompy Marsh
1758,2911,0.99999976,Gruh,Ogre,South of Castle Wars,Ogre trader,Ogre,Gu'Tanoth
1757,2908,0.99999976,Grug,Ogre,Jiggig,Ogre merchant,Ogre,Gu'Tanoth
1757,1762,0.99999976,Grug,Ogre,Jiggig,Grunsh,Ogre,Red Axe base
514,3248,0.99999976,Brendt,Dwarf,Jatizso,Red Axe Secretary,Dwarf,Keldagrim
1757,2911,0.99999976,Grug,Ogre,Jiggig,Ogre trader,Ogre,Gu'Tanoth
1273,1278,0.99999976,Ethereal Being,Human,Dream World,Ethereal Man,Human,Dream World
2228,3681,0.99999976,Kelvin,Human,Fight Arena,Slave,Human,Fight Arena
1090,3684,0.99999976,Dugopul,Monkey,Ape Atoll,Sleeping Monkey,Monkey,Marim
341,467,0.99999976,Barman,Gnome,• The 1 st floor [ UK ] 2 nd floor [ US ] of the Grand Tree . • East of the Gnomeball Field,Blurberry,Gnome,1 st floor [ UK ] 2 nd floor [ US ] of the Grand Tree
467,1675,0.99999976,Blurberry,Gnome,1 st floor [ UK ] 2 nd floor [ US ] of the Grand Tree,Gnome Waiter,Gnome,Grand Tree
2228,4052,0.99999976,Kelvin,Human,Fight Arena,Tramp,Human,Varrock
3512,4007,0.99999976,Shamus,Leprechaun,Lumbridge Swamp,Tool Leprechaun,Leprechaun,Various
3504,3505,0.99999976,Seth Groats,Human,Groats' farm,Seth Groats,Human,Fred's farm
1758,1762,0.99999976,Gruh,Ogre,South of Castle Wars,Grunsh,Ogre,Red Axe base
1762,2908,0.99999976,Grunsh,Ogre,Red Axe base,Ogre merchant,Ogre,Gu'Tanoth
1758,2910,0.99999976,Gruh,Ogre,South of Castle Wars,Ogre trader,Ogre,Gu'Tanoth
1758,2908,0.99999976,Gruh,Ogre,South of Castle Wars,Ogre merchant,Ogre,Gu'Tanoth
1758,4116,0.99999976,Gruh,Ogre,South of Castle Wars,Uglug Nar,Ogre,Jiggig
1552,2908,0.99999976,Gargh,Ogre,South of Castle Wars,Ogre merchant,Ogre,Gu'Tanoth
993,3681,0.99999976,Digsite workman,Human,Digsite and near Varrock Museum,Slave,Human,Fight Arena
993,2228,0.99999976,Digsite workman,Human,Digsite and near Varrock Museum,Kelvin,Human,Fight Arena
1552,3448,0.99999976,Gargh,Ogre,South of Castle Wars,Scarg,Ogre,Chompy Marsh
1552,2911,0.99999976,Gargh,Ogre,South of Castle Wars,Ogre trader,Ogre,Gu'Tanoth
1552,4116,0.99999976,Gargh,Ogre,South of Castle Wars,Uglug Nar,Ogre,Jiggig
1993,4218,0.99999976,Hring Hring,Human,Jatizso,Volf Olafson,Human,Rellekka
3448,4116,0.99999976,Scarg,Ogre,Chompy Marsh,Uglug Nar,Ogre,Jiggig
993,4052,0.99999976,Digsite workman,Human,Digsite and near Varrock Museum,Tramp,Human,Varrock
146,304,0.99999976,Anleif,Dwarf,Keldagrim Rat Pits,Banker,Dwarf,Keldagrim
341,1702,0.99999976,Barman,Gnome,• The 1 st floor [ UK ] 2 nd floor [ US ] of the Grand Tree . • East of the Gnomeball Field,Golrie,Gnome,Tree Gnome Village dungeon
3005,4325,0.99999976,Pebble,Troll,Weiss,Wolfbone,Troll,Troll Stronghold kitchen
2354,2943,0.99999976,Lead Navigator,Human,Digsite,Orlando Smith,Human,Varrock Museum
467,3335,0.99999976,Blurberry,Gnome,1 st floor [ UK ] 2 nd floor [ US ] of the Grand Tree,Rometti,Gnome,"Grand Tree , Tree Gnome Stronghold"
467,1702,0.99999976,Blurberry,Gnome,1 st floor [ UK ] 2 nd floor [ US ] of the Grand Tree,Golrie,Gnome,Tree Gnome Village dungeon
2908,2910,0.99999976,Ogre merchant,Ogre,Gu'Tanoth,Ogre trader,Ogre,Gu'Tanoth
2910,4116,0.99999976,Ogre trader,Ogre,Gu'Tanoth,Uglug Nar,Ogre,Jiggig
1159,2236,0.99999976,Ek'ans Chan,Lizardman,Molch,Ket'sal K'uk,Lizardman,Kebos Swamp
2911,4116,0.99999976,Ogre trader,Ogre,Gu'Tanoth,Uglug Nar,Ogre,Jiggig
2911,3448,0.99999976,Ogre trader,Ogre,Gu'Tanoth,Scarg,Ogre,Chompy Marsh
2910,3448,0.99999976,Ogre trader,Ogre,Gu'Tanoth,Scarg,Ogre,Chompy Marsh
2908,4116,0.99999976,Ogre merchant,Ogre,Gu'Tanoth,Uglug Nar,Ogre,Jiggig
177,4314,0.99999976,Archmage Sedridor,Human,Wizards' Tower,Wizard Distentor,Human,Wizards' Guild
2908,3448,0.99999976,Ogre merchant,Ogre,Gu'Tanoth,Scarg,Ogre,Chompy Marsh
3681,4052,0.99999976,Slave,Human,Fight Arena,Tramp,Human,Varrock
1757,3448,0.99999976,Grug,Ogre,Jiggig,Scarg,Ogre,Chompy Marsh
1757,4116,0.99999976,Grug,Ogre,Jiggig,Uglug Nar,Ogre,Jiggig
1762,2910,0.99999976,Grunsh,Ogre,Red Axe base,Ogre trader,Ogre,Gu'Tanoth
1762,2911,0.99999976,Grunsh,Ogre,Red Axe base,Ogre trader,Ogre,Gu'Tanoth
1762,3448,0.99999976,Grunsh,Ogre,Red Axe base,Scarg,Ogre,Chompy Marsh
1762,4116,0.99999976,Grunsh,Ogre,Red Axe base,Uglug Nar,Ogre,Jiggig
2036,2838,0.99999976,Ileana,Human,Burgh de Rott,Nicoleta,Human,Burgh de Rott
3233,3599,0.99999976,Raum Urda-Stein,Human,Jatizso,Sigli the Huntsman,Human,Rellekka
1757,2910,0.99999976,Grug,Ogre,Jiggig,Ogre trader,Ogre,Gu'Tanoth
1757,1758,0.99999976,Grug,Ogre,Jiggig,Gruh,Ogre,South of Castle Wars
2908,2911,0.99999976,Ogre merchant,Ogre,Gu'Tanoth,Ogre trader,Ogre,Gu'Tanoth
1675,3335,0.99999976,Gnome Waiter,Gnome,Grand Tree,Rometti,Gnome,"Grand Tree , Tree Gnome Stronghold"
1675,1702,0.99999976,Gnome Waiter,Gnome,Grand Tree,Golrie,Gnome,Tree Gnome Village dungeon
1702,3335,0.99999976,Golrie,Gnome,Tree Gnome Village dungeon,Rometti,Gnome,"Grand Tree , Tree Gnome Stronghold"
243,1116,0.99999976,Audmann,Dwarf,Keldagrim,Dwarven Miner,Dwarf,Keldagrim
2910,2911,0.99999976,Ogre trader,Ogre,Gu'Tanoth,Ogre trader,Ogre,Gu'Tanoth
341,3335,0.99999976,Barman,Gnome,• The 1 st floor [ UK ] 2 nd floor [ US ] of the Grand Tree . • East of the Gnomeball Field,Rometti,Gnome,"Grand Tree , Tree Gnome Stronghold"
1552,2910,0.99999976,Gargh,Ogre,South of Castle Wars,Ogre trader,Ogre,Gu'Tanoth
341,1675,0.99999976,Barman,Gnome,• The 1 st floor [ UK ] 2 nd floor [ US ] of the Grand Tree . • East of the Gnomeball Field,Gnome Waiter,Gnome,Grand Tree
1552,1757,0.99999976,Gargh,Ogre,South of Castle Wars,Grug,Ogre,Jiggig
1552,1758,0.99999976,Gargh,Ogre,South of Castle Wars,Gruh,Ogre,South of Castle Wars
1552,1762,0.99999976,Gargh,Ogre,South of Castle Wars,Grunsh,Ogre,Red Axe base
23,1378,0.99999976,Account Guide,Human,Tutorial Island,Financial Advisor,Human,Tutorial Island
1273,1277,0.99999976,Ethereal Being,Human,Dream World,Ethereal Lady,Human,Dream World
1277,1278,0.99999976,Ethereal Lady,Human,Dream World,Ethereal Man,Human,Dream World
1026,2460,0.9999997,Donie,Human,North-east of Lumbridge General Store,Lorelai,Human,"Warriors' Guild , basement"
2310,3040,0.9999997,Lacey,Human,Mansion in a faraway island.,Petra Fiyed,Human,Goblin Cave
1026,1642,0.9999997,Donie,Human,North-east of Lumbridge General Store,Gileth,Human,Tree Gnome Village
1642,2460,0.9999997,Gileth,Human,Tree Gnome Village,Lorelai,Human,"Warriors' Guild , basement"
106,2460,0.9999997,Alrena,Human,East Ardougne,Lorelai,Human,"Warriors' Guild , basement"
2729,4432,0.9999997,Monkey minder,Human,Ardougne Zoo,Zoo keeper,Human,Ardougne Zoo
737,3040,0.9999997,Cheryl,Human,Port Piscarilius,Petra Fiyed,Human,Goblin Cave
106,1026,0.9999997,Alrena,Human,East Ardougne,Donie,Human,North-east of Lumbridge General Store
106,1025,0.9999997,Alrena,Human,East Ardougne,Donie,Human,In and around Lumbridge
1025,2460,0.9999997,Donie,Human,In and around Lumbridge,Lorelai,Human,"Warriors' Guild , basement"
106,1642,0.9999997,Alrena,Human,East Ardougne,Gileth,Human,Tree Gnome Village
1025,1642,0.9999997,Donie,Human,In and around Lumbridge,Gileth,Human,Tree Gnome Village
1025,1026,0.9999997,Donie,Human,In and around Lumbridge,Donie,Human,North-east of Lumbridge General Store
282,322,0.9999997,Bandit Leader,Human,Pollnivneach,Banknote Exchange Merchant,Human,Pollnivneach
1846,3381,0.9999997,Gwyl,Elf,Prifddinas,Saeros,Elf,Prifddinas
1494,3672,0.99999964,Fridgeir,Human,Rellekka Longhall Bar,Skulgrimen,Human,Rellekka
2748,3276,0.99999964,Mosol Rei,Human,Entrance of Shilo Village,Relobo Blinyo (logs),Human,Grand Exchange
1413,3315,0.99999964,Fisherman,Human,Fisher Realm,Roachey,Human,Fishing Guild
2746,4156,0.99999964,Mortina Daubenton,Vampyre,North-west Darkmeyer,Valentina Diaemus,Vampyre,West Darkmeyer
2078,4194,0.99999964,Ivan,Human,Burgh de Rott,Victor,Human,Burgh de Rott
3390,3393,0.99999964,Sailor,Human,Port Roberts,Sailor,Human,Cutscene
4297,4299,0.99999964,Wise Old Man,Human,Draynor Village,Wise Old Man,,Land of Snow
381,382,0.99999964,Beaver,,? (edit),Beaver,,? (edit)
599,1397,0.99999964,Cannoneer,Human,Tempoross Cove,First Mate Deri,Human,Tempoross Cove
180,3443,0.99999964,Arcuani,Human,Tal Teklan,Sawmill Operator,Human,Auburnvale
1539,2741,0.99999964,Galana,Citizen of Arceuus,Arceuus Library,Mori,Citizen of Arceuus,Arceuus
381,383,0.99999964,Beaver,,? (edit),Beaver,,Woodcutting
382,383,0.99999964,Beaver,,? (edit),Beaver,,Woodcutting
2912,3265,0.9999996,Okina,Citizen of Arceuus,Kourend's Blood Altar,Regath,Citizen of Arceuus,Arceuus
1160,3265,0.9999996,Ektheme,Citizen of Arceuus,Library Historical Archive,Regath,Citizen of Arceuus,Arceuus
2750,4422,0.9999996,Most of a Zombie,Zombie,,Zombie,Zombie,
1160,2912,0.9999996,Ektheme,Citizen of Arceuus,Library Historical Archive,Okina,Citizen of Arceuus,Kourend's Blood Altar
3655,3658,0.9999995,Sister Sevi,Human,Slepe,Sister Yram,Human,Slepe
2536,3144,0.9999995,Major Defend,Human,Barbarian Assault tutorial,Private Paldon,Human,Barbarian Assault Outside building and near rooms 5 and 6
3657,3658,0.9999995,Sister Toen,Human,Slepe,Sister Yram,Human,Slepe
4069,4070,0.9999995,Troll father,Troll,Ice Path,Troll mother,Troll,Ice Path
4068,4069,0.9999995,Troll child,Troll,Ice Path,Troll father,Troll,Ice Path
4068,4070,0.9999995,Troll child,Troll,Ice Path,Troll mother,Troll,Ice Path
246,250,0.9999995,Aurelia,Human,Civitas illa Fortis,Ava,Human,Civitas illa Fortis
750,754,0.9999995,Child,,Kastori,Child,,Tal Teklan
2016,4070,0.9999995,Ice troll,Troll,North of Trollheim,Troll mother,Troll,Ice Path
3655,3657,0.9999995,Sister Sevi,Human,Slepe,Sister Toen,Human,Slepe
2627,3694,0.99999946,Medium ninja monkey,Monkey,Ape Atoll,Small ninja monkey,Monkey,Ape Atoll
2725,3694,0.99999946,Monkey Archer,Monkey,Tree Gnome Stronghold,Small ninja monkey,Monkey,Ape Atoll
972,3488,0.99999946,Denulth,Human,Burthorpe,Sergeant,Human,Burthorpe
478,3694,0.99999946,Bobawu,Monkey,Ape Atoll Agility Course,Small ninja monkey,Monkey,Ape Atoll
478,2627,0.99999946,Bobawu,Monkey,Ape Atoll Agility Course,Medium ninja monkey,Monkey,Ape Atoll
409,2779,0.99999946,Berry,Human,Hosidius,Murfet,Human,Woodcutting Guild
2627,2725,0.99999946,Medium ninja monkey,Monkey,Ape Atoll,Monkey Archer,Monkey,Tree Gnome Stronghold
478,2725,0.99999946,Bobawu,Monkey,Ape Atoll Agility Course,Monkey Archer,Monkey,Tree Gnome Stronghold
1587,1588,0.99999934,Genie,Genie,Random event,Genie,Human,? (edit)
3378,4438,0.99999934,Sacrifice,Gnome,Zul-Andra,Zul-Gutusolly,Gnome,Zul-Andra
448,1453,0.9999993,Blanin,Human,Rellekka,Flosi Dalksson,Human,Jatizso
281,2791,0.9999992,Bandit,Human,The Big Heist Lodge,Mysterious Bandit,Human,Ancient Vault
686,4419,0.9999989,Cave goblin,Dorgeshuun,Dorgesh-Kaan,Zenkog,Dorgeshuun,Dorgesh-Kaan market
673,675,0.99999857,Cat,Cat,Gertrude,Cat,Cat,Farming Guild
3411,3413,0.99999857,Sandwich lady,Human,Random,Sandwich lady,Human,? (edit)
673,1598,0.99999857,Cat,Cat,Gertrude,Gertrude's cat,Cat,Lumber Yard
831,1255,0.99999785,Conrad King,Human,Port Piscarilius,epic mager34,Human,Lumbridge watermill
433,2903,0.9999975,Black Cat,Cat,Black Knights' Fortress,Odysseus,Cat,Cutscene during A Tail of Two Cats and Dragon Slayer II
472,2903,0.9999975,Bob,Cat,"Asgarnia , spawns at Burthorpe",Odysseus,Cat,Cutscene during A Tail of Two Cats and Dragon Slayer II
1023,1107,0.99999726,Donal,Dwarf,Miscellania and Etceteria Dungeon,Dwarf,Dwarf,Dwarven Mine
243,405,0.99999714,Audmann,Dwarf,Keldagrim,Bentamir,Dwarf,Keldagrim
405,1116,0.99999714,Bentamir,Dwarf,Keldagrim,Dwarven Miner,Dwarf,Keldagrim
2214,2215,0.9999971,Karim,Human,Al Kharid,Karim,Human,Blue Moon Inn
1989,4345,0.99999684,Hosa,Human,Kingstown statue,Workman,Human,Falador
533,1989,0.99999684,Brother Maledict,Human,Witchaven,Hosa,Human,Kingstown statue
2048,2101,0.9999958,Imp defender,Demon,Puro-Puro,Jam,Demon,Yama's Lair
2048,4193,0.9999958,Imp defender,Demon,Puro-Puro,Vial,Demon,Yama's Lair
2048,2060,0.9999958,Imp defender,Demon,Puro-Puro,Insane,Demon,Yama's Lair
2046,2048,0.9999958,Imp,Demon,Yama's Lair,Imp defender,Demon,Puro-Puro
2617,3793,0.9999939,Maz,Squirrel,Fossil Island,Squirrel,Squirrel,Fossil Island
429,858,0.9999928,Billy Rehnison,Human,West Ardougne,Councillor Andrews,Human,Kourend Castle
858,3177,0.9999928,Councillor Andrews,Human,Kourend Castle,Quartermaster,Human,Tyras Camp
300,1183,0.99999267,Banker,Human,Farming Guild,Elena Hosidius,Human,Hosidius
1074,1076,0.99999225,Drunken Dwarf,Dwarf,Random,Drunken Dwarf,,Player-owned boat
2573,3784,0.9999918,Marisi,Human,Hosidius,Squire (Novice),Human,Void Knights' Outpost boat
2552,4025,0.99999124,Man,Human,Catacombs of Kourend,Tourist,,"Civitas illa Fortis , Aldarin"
2553,4025,0.99999124,Man,Human,Hosidius vinery,Tourist,,"Civitas illa Fortis , Aldarin"
46,47,0.999989,Aggie,Human,Draynor Village,Aggie,Human,Blue Moon Inn
919,1488,0.9999887,Dale,Human,Hosidius,Fred the Farmer,Human,Fred's farm
1487,1488,0.9999887,Fred the Farmer,Human,Lumbridge,Fred the Farmer,Human,Fred's farm
1962,2008,0.99998724,Hirko,Dwarf,Keldagrim,Hura,Dwarf,Dwarven Mine
2600,3648,0.99998134,Mary,Human,Sinclair Mansion,Siren,,
2668,2744,0.9999746,Milli Rehnison,Human,West Ardougne,Mort'ton local,Human,Mort'ton
1885,3725,0.9999742,Hans,Human,Lumbridge,Soldier,Human,Death Plateau (south)
876,1324,0.9999742,Crafting tutor,Human,Lumbridge Castle,Farmer,Human,Groats' farm
1324,3725,0.9999742,Farmer,Human,Groats' farm,Soldier,Human,Death Plateau (south)
362,1885,0.9999742,Bartender,Human,Port Sarim,Hans,Human,Lumbridge
876,1885,0.9999742,Crafting tutor,Human,Lumbridge Castle,Hans,Human,Lumbridge
362,1324,0.9999742,Bartender,Human,Port Sarim,Farmer,Human,Groats' farm
2430,2715,0.9999703,Locked,,,Monk,Human,Paterdomus Temple
660,4286,0.99995136,Caroline,Human,Witchaven,Willow,Human,South of Ice Mountain
407,1332,0.99994516,Bernard,Human,The Proudspire,Farmer Hayfield,Human,Hosidius
639,3339,0.99994385,Captain Rimor,Human,Mount Quidamortem,Rommik,Human,Blue Moon Inn
3338,3339,0.99994385,Rommik,Human,Rimmington,Rommik,Human,Blue Moon Inn
517,640,0.99993575,Brian,Human,Port Sarim,Captain Rovin,Human,Varrock Palace
1769,1785,0.9999336,Guard,Dwarf ( Imcando-descendant ),Cam Torum,Guard,Dwarf ( Imcando-descendant ),Mistrock
713,2791,0.9999083,Chancellor Hassan,Human,Al Kharid Palace,Mysterious Bandit,Human,Ancient Vault
491,1023,0.9999051,Boot,Dwarf,Dwarven Mines,Donal,Dwarf,Miscellania and Etceteria Dungeon
1950,3725,0.999905,Hewey,Human,Lumbridge Swamp,Soldier,Human,Death Plateau (south)
362,1950,0.999905,Bartender,Human,Port Sarim,Hewey,Human,Lumbridge Swamp
876,1950,0.999905,Crafting tutor,Human,Lumbridge Castle,Hewey,Human,Lumbridge Swamp
2974,4095,0.9999042,Pagida,Citizen of Arceuus,Library Historical Archive,Tyss,Citizen of Arceuus,Great Kourend
281,713,0.99990207,Bandit,Human,The Big Heist Lodge,Chancellor Hassan,Human,Al Kharid Palace
463,4118,0.99989444,Blue Opal Secretary,Dwarf,Keldagrim,Ulifed,Dwarf,Keldagrim
4118,4274,0.9998943,Ulifed,Dwarf,Keldagrim,White Chisel Secretary,Dwarf,Keldagrim
491,1107,0.9998935,Boot,Dwarf,Dwarven Mines,Dwarf,Dwarf,Dwarven Mine
1885,1950,0.99988866,Hans,Human,Lumbridge,Hewey,Human,Lumbridge Swamp
1324,1950,0.99988866,Farmer,Human,Groats' farm,Hewey,Human,Lumbridge Swamp
1502,2526,0.9998791,Frincos,Human,Entrana,Mage of Zamorak,Human,Ourania Cave
640,3989,0.99987257,Captain Rovin,Human,Varrock Palace,Tindel Marchant,Human,Port Khazard
660,2573,0.99986374,Caroline,Human,Witchaven,Marisi,Human,Hosidius
528,530,0.999861,Brother Brace,Human,Tutorial Island,Brother Jered,Human,Edgeville Monastery
660,3784,0.9998575,Caroline,Human,Witchaven,Squire (Novice),Human,Void Knights' Outpost boat
489,4148,0.99985576,Bonzara,Monkey,Ape Atoll Banana plantation,Uwogo,Monkey,Marim
970,4148,0.99985576,Denadu,Monkey,Temple of Marimbo,Uwogo,Monkey,Marim
602,610,0.9998456,Cap'n Hand,Human,Port Sarim jail,Captain Bentley,Human,Lady Zay
611,617,0.9998445,Captain Bleemadge,Gnome,White Wolf Mountain,Captain Daerkin,Gnome,Emir's Arena
611,635,0.9998445,Captain Bleemadge,Gnome,White Wolf Mountain,Captain Ninto,Gnome,White Wolf Tunnel
611,623,0.9998445,Captain Bleemadge,Gnome,White Wolf Mountain,Captain Errdo,Gnome,Grand Tree
611,618,0.9998445,Captain Bleemadge,Gnome,White Wolf Mountain,Captain Dalbur,Gnome,Al Kharid
611,630,0.9998445,Captain Bleemadge,Gnome,White Wolf Mountain,Captain Lamdoo,Gnome,Depends on your location
611,629,0.9998445,Captain Bleemadge,Gnome,White Wolf Mountain,Captain Klemfoodle,Gnome,Karamja
611,643,0.9998445,Captain Bleemadge,Gnome,White Wolf Mountain,Captain Shoracks,Gnome,Ape Atoll
4144,4246,0.9998431,Uri,Human,Wherever an emote clue is completed,Watson,Human,Hosidius
2573,4286,0.9998389,Marisi,Human,Hosidius,Willow,Human,South of Ice Mountain
283,1135,0.9998356,Bandit shopkeeper,Human,Khadarian Bandit Camp,Eblis,Human,South-east of Bandit Camp
384,1135,0.9998356,Bedabin Nomad,Human,Bedabin Camp,Eblis,Human,South-east of Bandit Camp
2620,2718,0.99983275,Mazion,Human,Entrana sandpit,Monk,Human,Lumbridge Swamp
1344,2620,0.99983275,Father Lawrence,Human,Varrock church,Mazion,Human,Entrana sandpit
690,2620,0.99983275,Cave monk,Human,Entrana,Mazion,Human,Entrana sandpit
534,2620,0.99983275,Brother Omad,Human,Monastery south of Ardougne,Mazion,Human,Entrana sandpit
529,2620,0.99983275,Brother Cedric,Human,East Ardougne,Mazion,Human,Entrana sandpit
532,2620,0.99983275,Brother Kojo,Human,"The Clock Tower , south of Ardougne",Mazion,Human,Entrana sandpit
1374,3358,0.9998319,Fidelio,Werewolf,Canifis,Rufus,Werewolf,Canifis
517,3989,0.99983144,Brian,Human,Port Sarim,Tindel Marchant,Human,Port Khazard
3784,4286,0.9998285,Squire (Novice),Human,Void Knights' Outpost boat,Willow,Human,South of Ice Mountain
2964,4027,0.99982727,Ouditor,Citizen of Arceuus,Arceuus,Tower Mage,Citizen of Arceuus,"Tower of Magic , Arceuus"
90,2581,0.9998107,Ali the Kebab seller,Human,Pollnivneach,Market seller,Human,Pollnivneach
4312,4313,0.999803,Wizard Akutha,Human,Wizards' Guild,Wizard Cromperty,Human,East Ardougne
286,293,0.9998017,Bank guard,Human,Draynor Village,Banker,Werewolf,Canifis
286,287,0.9998017,Bank guard,Human,Draynor Village,Banker,Human,Bank
286,317,0.9998017,Bank guard,Human,Draynor Village,Banker,Human,Tutorial Island
286,298,0.9998017,Bank guard,Human,Draynor Village,Banker,Human,Draynor Village
286,1520,0.9998017,Bank guard,Human,Draynor Village,Fry,Human,Rabbit Hole
1863,3989,0.99979997,Hajedy,Human,Brimhaven,Tindel Marchant,Human,Port Khazard
2244,3989,0.99979997,Khazard Barman,Human,South-western corner of the Fight Arena,Tindel Marchant,Human,Port Khazard
3575,3989,0.99979997,Shop keeper,Human,Port Khazard,Tindel Marchant,Human,Port Khazard
414,3075,0.9997869,'Betty' B.Boppin,Human,Lady Zay,Pirate,Human,Catacombs of Kourend
3488,3722,0.9997862,Sergeant,Human,Burthorpe,Soldier,Human,Burthorpe
972,3722,0.9997862,Denulth,Human,Burthorpe,Soldier,Human,Burthorpe
2431,4148,0.99977666,Lofu,Monkey,Temple of Marimbo,Uwogo,Monkey,Marim
1971,4119,0.99975026,Holly,Human,North of Port Sarim,Ulina,Human,Christmas Factory
142,1961,0.99972725,Angel,Human,Rimmington,Hild,Human,Miscellania and Etceteria Dungeon
965,3491,0.99972475,Demon butler,Demon,Player-owned house or Servants' Guild,Sergeant Damien,Demon,Drill Demon random event
1112,1879,0.99965036,Dwarven Boatman,Dwarf,Keldagrim,Hammerspike Stoutbeard,Dwarf,Dwarven Mines
247,1112,0.99965036,Austri,Dwarf,Taverley,Dwarven Boatman,Dwarf,Keldagrim
1112,1732,0.99965036,Dwarven Boatman,Dwarf,Keldagrim,Green Gemstone Secretary,Dwarf,Keldagrim
1112,3962,0.99965036,Dwarven Boatman,Dwarf,Keldagrim,Thorgel,Dwarf,Temple of Light
1065,1112,0.99965036,Drogo dwarf,Dwarf,Dwarven Mine,Dwarven Boatman,Dwarf,Keldagrim
1112,2754,0.99965036,Dwarven Boatman,Dwarf,Keldagrim,Mountain Dwarf,Dwarf,Lumbridge dining hall
1112,2755,0.99965036,Dwarven Boatman,Dwarf,Keldagrim,Mountain Dwarf,Dwarf,Near White Wolf Mountain
1112,2480,0.99965036,Dwarven Boatman,Dwarf,Keldagrim,Lovakengj Engineer,Dwarf,Battlefront
1112,1113,0.99965036,Dwarven Boatman,Dwarf,Keldagrim,Dwarven Boatman,Dwarf,Keldagrim south-west mine
1112,1114,0.99965036,Dwarven Boatman,Dwarf,Keldagrim,Dwarven Engineer,Dwarf,Keldagrim
970,2431,0.9996419,Denadu,Monkey,Temple of Marimbo,Lofu,Monkey,Temple of Marimbo
489,2431,0.9996419,Bonzara,Monkey,Ape Atoll Banana plantation,Lofu,Monkey,Temple of Marimbo
640,2244,0.99963856,Captain Rovin,Human,Varrock Palace,Khazard Barman,Human,South-western corner of the Fight Arena
640,3575,0.99963856,Captain Rovin,Human,Varrock Palace,Shop keeper,Human,Port Khazard
640,1863,0.99963856,Captain Rovin,Human,Varrock Palace,Hajedy,Human,Brimhaven
950,1006,0.9995589,Davon,Human,Brimhaven,Doctor Orbon,Human,East Ardougne Chapel
517,2244,0.9995464,Brian,Human,Port Sarim,Khazard Barman,Human,South-western corner of the Fight Arena
517,1863,0.9995464,Brian,Human,Port Sarim,Hajedy,Human,Brimhaven
517,3575,0.9995464,Brian,Human,Port Sarim,Shop keeper,Human,Port Khazard
1452,3202,0.99952775,Florin,Human,Burgh de Rott,Radu,Human,Burgh de Rott
656,1946,0.99951434,Carla,Human,West Ardougne,Heskel,Human,Falador Park
836,837,0.9995136,Cook,Human,Blue Moon Inn,Cook,Human,Blue Moon Inn
201,3168,0.9995104,Armourer (tier 2),Dwarf,Lovakengj,Purple Pewter Director,Dwarf,Keldagrim
1071,2206,0.9995067,Druid,Human,,Kaqemeex,Human,The Druid's circle in Taverley
2206,3908,0.9995067,Kaqemeex,Human,The Druid's circle in Taverley,Tegid,Human,Taverley
2206,3479,0.9995067,Kaqemeex,Human,The Druid's circle in Taverley,Seer,Human,Seers' Village
2206,3415,0.9995067,Kaqemeex,Human,The Druid's circle in Taverley,Sanfew,Human,Taverley
1658,1830,0.99948764,Gnome,Gnome,Taverley,Gulluck,Gnome,Grand Tree
1673,1830,0.99948764,Gnome trainer,Gnome,Tree Gnome Stronghold,Gulluck,Gnome,Grand Tree
293,3573,0.99946374,Banker,Werewolf,Canifis,Shop keeper,Human,Lumbridge
317,3573,0.99946374,Banker,Human,Tutorial Island,Shop keeper,Human,Lumbridge
287,3573,0.99946374,Banker,Human,Bank,Shop keeper,Human,Lumbridge
1520,3573,0.99946374,Fry,Human,Rabbit Hole,Shop keeper,Human,Lumbridge
298,3573,0.99946374,Banker,Human,Draynor Village,Shop keeper,Human,Lumbridge
286,3573,0.99941164,Bank guard,Human,Draynor Village,Shop keeper,Human,Lumbridge
150,3935,0.9993907,Anne Isaakson,Human,Neitiznot,The Lady of the Lake,Human,Taverley
3671,4116,0.99935603,Skrach Uglogwee,Ogre,Lumbridge Castle dining hall,Uglug Nar,Ogre,Jiggig
1757,3671,0.99935603,Grug,Ogre,Jiggig,Skrach Uglogwee,Ogre,Lumbridge Castle dining hall
2910,3671,0.99935603,Ogre trader,Ogre,Gu'Tanoth,Skrach Uglogwee,Ogre,Lumbridge Castle dining hall
1758,3671,0.99935603,Gruh,Ogre,South of Castle Wars,Skrach Uglogwee,Ogre,Lumbridge Castle dining hall
1762,3671,0.99935603,Grunsh,Ogre,Red Axe base,Skrach Uglogwee,Ogre,Lumbridge Castle dining hall
2911,3671,0.99935603,Ogre trader,Ogre,Gu'Tanoth,Skrach Uglogwee,Ogre,Lumbridge Castle dining hall
1552,3671,0.99935603,Gargh,Ogre,South of Castle Wars,Skrach Uglogwee,Ogre,Lumbridge Castle dining hall
3448,3671,0.99935603,Scarg,Ogre,Chompy Marsh,Skrach Uglogwee,Ogre,Lumbridge Castle dining hall
2908,3671,0.99935603,Ogre merchant,Ogre,Gu'Tanoth,Skrach Uglogwee,Ogre,Lumbridge Castle dining hall
3654,3657,0.99935305,Sister Senga,Human,Sisterhood Sanctuary,Sister Toen,Human,Slepe
3654,3658,0.99935305,Sister Senga,Human,Sisterhood Sanctuary,Sister Yram,Human,Slepe
3654,3655,0.99935305,Sister Senga,Human,Sisterhood Sanctuary,Sister Sevi,Human,Slepe
1096,3970,0.9993135,Dumpy,Dwarf,Blast Furnace,Thumpy,Dwarf,Blast Furnace
1096,2872,0.9993135,Dumpy,Dwarf,Blast Furnace,Numpty,Dwarf,Blast Furnace
318,429,0.99925566,Banker,Human,Varrock,Billy Rehnison,Human,West Ardougne
318,3177,0.99925566,Banker,Human,Varrock,Quartermaster,Human,Tyras Camp
318,858,0.99920785,Banker,Human,Varrock,Councillor Andrews,Human,Kourend Castle
1746,3237,0.9991941,Grigore,Human,Burgh de Rott,Razvan,Human,Burgh de Rott
1477,1981,0.9990939,Francis,Human,Entrana,Hops,Human,Rimmington
468,1915,0.99901307,Boar31337Killer,Human,Southern Island of The Node,Head Servant,Human,? (edit)
1886,1915,0.99901307,Hans,Human,Al Kharid,Head Servant,Human,? (edit)
1038,1915,0.99901307,Doug Deeping,Human,Down the north-eastern borehole of the Digsite,Head Servant,Human,? (edit)
1915,3141,0.9990129,Head Servant,Human,? (edit),Prisoner,Human,North Darkmeyer
1915,2674,0.9990129,Head Servant,Human,? (edit),Mine cart driver,Human,Desert Mining Camp
935,1915,0.9990129,Darkmeyer Slave,Human,Hallowed Sepulchre,Head Servant,Human,? (edit)
1444,1915,0.9990129,Flax keeper,Human,Seers' Village Flax Fields,Head Servant,Human,? (edit)
1216,2689,0.998925,Elven Scout,Elf,Isafdar,Miriel,Elf,Prifddinas
4092,4390,0.99886894,Tyke,Dorgeshuun,Dorgesh-Kaan,Young 'un,Dorgeshuun,Dorgesh-Kaan
2850,4092,0.99886894,Nipper,Dorgeshuun,Dorgesh-Kaan,Tyke,Dorgeshuun,Dorgesh-Kaan
3965,4029,0.99878186,Thorodin,Human,Rellekka,Town Guard,Human,Rellekka
3968,4029,0.99878186,Thorvald the Warrior,Human,Rellekka,Town Guard,Human,Rellekka
81,322,0.9987545,Ali Morrisane,Human,Al Kharid,Banknote Exchange Merchant,Human,Pollnivneach
81,282,0.9987545,Ali Morrisane,Human,Al Kharid,Bandit Leader,Human,Pollnivneach
707,4262,0.99874675,Chadwell,Human,West Ardougne,Well-dressed man,Human,Aldarin
1163,4262,0.99874675,Elder Chaos druid,Human,Chaos Temple,Well-dressed man,Human,Aldarin
4128,4262,0.99874675,Unferth,Human,Burthorpe,Well-dressed man,Human,Aldarin
527,4262,0.99874675,Brother Althric,Human,Edgeville Monastery,Well-dressed man,Human,Aldarin
3532,4262,0.99874675,Sherpa,Human,? (edit),Well-dressed man,Human,Aldarin
2714,4262,0.99874675,Monk,Human,Varrock,Well-dressed man,Human,Aldarin
2340,4262,0.99874675,Larry,Human,Wilderness,Well-dressed man,Human,Aldarin
1140,4262,0.99874675,Edmond,Human,Bandit camp mine,Well-dressed man,Human,Aldarin
3515,4262,0.99874675,Shantay Guard,Human,Ruins of Unkah,Well-dressed man,Human,Aldarin
3860,4262,0.99874675,Svidi,Human,East of Rellekka,Well-dressed man,Human,Aldarin
4094,4262,0.99874675,Tyras guard,Human,Tyras Camp,Well-dressed man,Human,Aldarin
1934,4262,0.99874675,Hengrad,Human,Fight Arena,Well-dressed man,Human,Aldarin
1060,4262,0.99874675,Drezel,Human,Paterdomus,Well-dressed man,Human,Aldarin
355,592,0.99870294,Bartender,Human,Brimhaven,Camarst,Human,Ferox Enclave
858,1559,0.99867284,Councillor Andrews,Human,Kourend Castle,Gary,Human,Varrock
1793,3096,0.99866724,Guard,Human,Rellekka Longhall Bar,Pontak,Human,Rellekka
1788,3673,0.99866724,Guard,Human,Neitiznot,Skuli Myrka,Human,Jatizso
332,3096,0.99866724,Bardur,Human,Waterbirth Island Dungeon,Pontak,Human,Rellekka
332,3673,0.99866724,Bardur,Human,Waterbirth Island Dungeon,Skuli Myrka,Human,Jatizso
1793,3673,0.99866724,Guard,Human,Rellekka Longhall Bar,Skuli Myrka,Human,Jatizso
1788,3096,0.99866724,Guard,Human,Neitiznot,Pontak,Human,Rellekka
812,3677,0.99865997,Col. O'Niall,Human,Witchaven Dock,Skully,Human,Ferox Enclave
1559,3177,0.9986153,Gary,Human,Varrock,Quartermaster,Human,Tyras Camp
429,1559,0.9986153,Billy Rehnison,Human,West Ardougne,Gary,Human,Varrock
360,3443,0.9985912,Bartender,Human,Nemus Retreat,Sawmill Operator,Human,Auburnvale
180,360,0.9985912,Arcuani,Human,Tal Teklan,Bartender,Human,Nemus Retreat
1,788,0.9985734,1337mage43,Human,Unknown,Clan Guard,Human,Lunar Isle
1913,2762,0.99851394,Head Mourner,Elf,West Ardougne,Mourner,Elf,West Ardougne
1490,3965,0.9984964,Fremennik Warrior,Human,Rellekka,Thorodin,Human,Rellekka
1490,3968,0.9984964,Fremennik Warrior,Human,Rellekka,Thorvald the Warrior,Human,Rellekka
1206,3882,0.99849045,Ellis,Human,Al Kharid,Tanner,Human,Crafting Guild
3299,3969,0.9984822,Richard,Human,Hosidius,Thrander,Human,Realm of Memories
1935,3051,0.99847734,Henja,Human,Rimmington,Philipe Carnillean,Human,East Ardougne
332,4029,0.9984772,Bardur,Human,Waterbirth Island Dungeon,Town Guard,Human,Rellekka
1788,4029,0.9984772,Guard,Human,Neitiznot,Town Guard,Human,Rellekka
1793,4029,0.9984772,Guard,Human,Rellekka Longhall Bar,Town Guard,Human,Rellekka
737,2318,0.99844927,Cheryl,Human,Port Piscarilius,Lady Table,Human,Temple Knight Training Grounds
2310,2318,0.99844927,Lacey,Human,Mansion in a faraway island.,Lady Table,Human,Temple Knight Training Grounds
2318,3040,0.99844927,Lady Table,Human,Temple Knight Training Grounds,Petra Fiyed,Human,Goblin Cave
953,955,0.99842256,Death,Undead,Fred's farm,Death,Undead,Death's Office
491,3425,0.9983768,Boot,Dwarf,Dwarven Mines,Santiri,Dwarf,Keldagrim
1023,3425,0.9983684,Donal,Dwarf,Miscellania and Etceteria Dungeon,Santiri,Dwarf,Keldagrim
1771,4060,0.9983465,Guard,Human,Varrock,Treznor,Human,Varrock
1107,3425,0.9983257,Dwarf,Dwarf,Dwarven Mine,Santiri,Dwarf,Keldagrim
2020,3343,0.99832034,Icicle,Troll,Weiss,Root,Troll,Weiss
3566,3594,0.99829936,Shop assistant,Human,Varrock,Sid,Human,Mansion in a faraway island.
722,830,0.99822533,Charlie,Human,The Grand Tree top floor,Concerned man,Human,Varrock
190,1678,0.9982233,Aretha,Citizen of Arceuus,Soul Altar,Gnosi,Citizen of Arceuus,Mount Quidamortem
190,2434,0.9982233,Aretha,Citizen of Arceuus,Soul Altar,Logosia,Citizen of Arceuus,Arceuus Library
2076,2704,0.9982233,Istoria,Citizen of Arceuus,Library Historical Archive,Mofina,Citizen of Arceuus,Arceuus church
2076,2705,0.9982233,Istoria,Citizen of Arceuus,Library Historical Archive,Mofina,Citizen of Arceuus,Lumbridge Castle
2039,2076,0.9982233,Imerominia,Citizen of Arceuus,Library Historical Archive,Istoria,Citizen of Arceuus,Library Historical Archive
2039,4205,0.9982233,Imerominia,Citizen of Arceuus,Library Historical Archive,Villia,Citizen of Arceuus,Arceuus Library
2076,2434,0.9982233,Istoria,Citizen of Arceuus,Library Historical Archive,Logosia,Citizen of Arceuus,Arceuus Library
190,2039,0.9982233,Aretha,Citizen of Arceuus,Soul Altar,Imerominia,Citizen of Arceuus,Library Historical Archive
190,2704,0.9982233,Aretha,Citizen of Arceuus,Soul Altar,Mofina,Citizen of Arceuus,Arceuus church
2039,2405,0.9982233,Imerominia,Citizen of Arceuus,Library Historical Archive,Lillia,Citizen of Arceuus,Catacombs of Kourend
1678,2076,0.9982233,Gnosi,Citizen of Arceuus,Mount Quidamortem,Istoria,Citizen of Arceuus,Library Historical Archive
1678,2405,0.9982233,Gnosi,Citizen of Arceuus,Mount Quidamortem,Lillia,Citizen of Arceuus,Catacombs of Kourend
2434,4205,0.9982233,Logosia,Citizen of Arceuus,Arceuus Library,Villia,Citizen of Arceuus,Arceuus Library
2405,2434,0.9982233,Lillia,Citizen of Arceuus,Catacombs of Kourend,Logosia,Citizen of Arceuus,Arceuus Library
2405,2704,0.9982233,Lillia,Citizen of Arceuus,Catacombs of Kourend,Mofina,Citizen of Arceuus,Arceuus church
2405,2705,0.9982233,Lillia,Citizen of Arceuus,Catacombs of Kourend,Mofina,Citizen of Arceuus,Lumbridge Castle
1678,4205,0.9982233,Gnosi,Citizen of Arceuus,Mount Quidamortem,Villia,Citizen of Arceuus,Arceuus Library
190,2705,0.9982233,Aretha,Citizen of Arceuus,Soul Altar,Mofina,Citizen of Arceuus,Lumbridge Castle
2704,4205,0.9982233,Mofina,Citizen of Arceuus,Arceuus church,Villia,Citizen of Arceuus,Arceuus Library
2705,4205,0.9982233,Mofina,Citizen of Arceuus,Lumbridge Castle,Villia,Citizen of Arceuus,Arceuus Library
332,1490,0.9981991,Bardur,Human,Waterbirth Island Dungeon,Fremennik Warrior,Human,Rellekka
1490,1793,0.9981991,Fremennik Warrior,Human,Rellekka,Guard,Human,Rellekka Longhall Bar
1490,1788,0.9981991,Fremennik Warrior,Human,Rellekka,Guard,Human,Neitiznot
53,332,0.99818206,Agnar,Human,Rellekka,Bardur,Human,Waterbirth Island Dungeon
53,1793,0.99818206,Agnar,Human,Rellekka,Guard,Human,Rellekka Longhall Bar
53,1788,0.99818206,Agnar,Human,Rellekka,Guard,Human,Neitiznot
2300,2974,0.9981804,Krato,Citizen of Arceuus,Library Historical Archive,Pagida,Citizen of Arceuus,Library Historical Archive
2300,4095,0.9981774,Krato,Citizen of Arceuus,Library Historical Archive,Tyss,Citizen of Arceuus,Great Kourend
946,3791,0.99816614,Davey,Human,Braindeath Island,Squire,Human,Void Knight Outpost
173,2300,0.99814606,Archeio,Citizen of Arceuus,Arceuus Library,Krato,Citizen of Arceuus,Library Historical Archive
2300,2869,0.9981457,Krato,Citizen of Arceuus,Library Historical Archive,Novice,Citizen of Arceuus,Arceuus church
2383,3359,0.99813294,Leo,Human,"Bazaar , Civitas illa Fortis",Rufus,Human,Civitas illa Fortis
686,4138,0.9981308,Cave goblin,Dorgeshuun,Dorgesh-Kaan,Ur-pel,Dorgeshuun,Dorgesh-Kaan
462,1066,0.9981146,Blue Opal Director,Dwarf,Keldagrim,Dromund,Dwarf,Keldagrim
172,2974,0.99811065,arc_test_01,Citizen of Arceuus,,Pagida,Citizen of Arceuus,Library Historical Archive
172,4095,0.9981075,arc_test_01,Citizen of Arceuus,,Tyss,Citizen of Arceuus,Great Kourend
385,2791,0.99809694,Bedabin Nomad Guard,Human,Bedabin Camp,Mysterious Bandit,Human,Ancient Vault
4138,4419,0.9980964,Ur-pel,Dorgeshuun,Dorgesh-Kaan,Zenkog,Dorgeshuun,Dorgesh-Kaan market
281,385,0.9980657,Bandit,Human,The Big Heist Lodge,Bedabin Nomad Guard,Human,Bedabin Camp
354,2973,0.99806154,Bartender,Human,Varrock,Oziach,Human,Blue Moon Inn
80,2973,0.99806154,Alfonse the waiter,Human,Brimhaven,Oziach,Human,Blue Moon Inn
80,2971,0.9980614,Alfonse the waiter,Human,Brimhaven,Oziach,Human,North-west Edgeville
354,2971,0.9980614,Bartender,Human,Varrock,Oziach,Human,North-west Edgeville
531,3038,0.9980612,Brother Jered,Human,Edgeville Monastery,Peter,Human,Fossil Island
2716,3038,0.9980612,Monk,Human,Entrana,Peter,Human,Fossil Island
970,2731,0.998054,Denadu,Monkey,Temple of Marimbo,Monkey on unicorn,"Monkey , Unicorn",North-west of Lumbridge Swamp
489,2731,0.998054,Bonzara,Monkey,Ape Atoll Banana plantation,Monkey on unicorn,"Monkey , Unicorn",North-west of Lumbridge Swamp
385,713,0.99802995,Bedabin Nomad Guard,Human,Bedabin Camp,Chancellor Hassan,Human,Al Kharid Palace
323,2606,0.998029,Baraek,Human,Varrock Square,Master fisher,Human,Fishing Guild
2996,3429,0.9980004,Patty Seer,Human,Lumbridge Castle kitchen,Sarah,Human,South Falador Farm
3489,4294,0.9979874,Sergeant,,Chasm of Fire entrance,Winter Soldier,Human,Wintertodt Camp
318,1559,0.9979748,Banker,Human,Varrock,Gary,Human,Varrock
750,1282,0.9979558,Child,,Kastori,Etz,Human,Auburnvale
754,1282,0.9979558,Child,,Tal Teklan,Etz,Human,Auburnvale
1534,2105,0.9978877,Gabooty,Human,Tai Bwo Wannai,Jaraah,Human,Emir's Arena
2883,4385,0.99788254,Oaknock the Engineer,Gnome,Quest cutscene,Yewnock the Engineer,Gnome,Cutscene
1324,3391,0.9978591,Farmer,Human,Groats' farm,Sailor,Human,Red Rock
1885,3391,0.9978591,Hans,Human,Lumbridge,Sailor,Human,Red Rock
2754,4191,0.9978051,Mountain Dwarf,Dwarf,Lumbridge dining hall,Vestri,Dwarf,Near White Wolf Mountain
247,4191,0.9978051,Austri,Dwarf,Taverley,Vestri,Dwarf,Near White Wolf Mountain
3962,4191,0.9978051,Thorgel,Dwarf,Temple of Light,Vestri,Dwarf,Near White Wolf Mountain
1879,4191,0.9978051,Hammerspike Stoutbeard,Dwarf,Dwarven Mines,Vestri,Dwarf,Near White Wolf Mountain
2480,4191,0.9978051,Lovakengj Engineer,Dwarf,Battlefront,Vestri,Dwarf,Near White Wolf Mountain
2755,4191,0.9978051,Mountain Dwarf,Dwarf,Near White Wolf Mountain,Vestri,Dwarf,Near White Wolf Mountain
1113,4191,0.9978051,Dwarven Boatman,Dwarf,Keldagrim south-west mine,Vestri,Dwarf,Near White Wolf Mountain
1065,4191,0.9978051,Drogo dwarf,Dwarf,Dwarven Mine,Vestri,Dwarf,Near White Wolf Mountain
1732,4191,0.9978051,Green Gemstone Secretary,Dwarf,Keldagrim,Vestri,Dwarf,Near White Wolf Mountain
1114,4191,0.9978051,Dwarven Engineer,Dwarf,Keldagrim,Vestri,Dwarf,Near White Wolf Mountain
3568,3571,0.99780256,Shop keeper,Human,Al Kharid,Shop keeper,Human,Falador
1860,3562,0.9977915,Hairdresser,Human,Falador,Shop assistant,Human,Lumbridge
370,2781,0.9977863,Bartender,Human,The Warrens,Murky Pat,Human,Lady Zay
876,3391,0.9977834,Crafting tutor,Human,Lumbridge Castle,Sailor,Human,Red Rock
362,3391,0.9977834,Bartender,Human,Port Sarim,Sailor,Human,Red Rock
3391,3725,0.9977834,Sailor,Human,Red Rock,Soldier,Human,Death Plateau (south)
1206,3563,0.99777603,Ellis,Human,Al Kharid,Shop assistant,Human,Musa Point
3296,4386,0.9977745,Rhyfel,Elf,Prifddinas,Ymladd,Elf,Prifddinas
417,418,0.997771,Big Dave,Human,Hemenster,Big Dave,Human,Al Kharid
429,4025,0.99776274,Billy Rehnison,Human,West Ardougne,Tourist,,"Civitas illa Fortis , Aldarin"
3177,4025,0.99776274,Quartermaster,Human,Tyras Camp,Tourist,,"Civitas illa Fortis , Aldarin"
1949,2863,0.9977538,Hetty,Human,Rimmington,Nora T. Hagg,Human,"Witch's house , Taverley"
2174,2487,0.9977426,Julia,Human,Civitas illa Fortis,Lucia,Human,Civitas illa Fortis
429,2553,0.9977101,Billy Rehnison,Human,West Ardougne,Man,Human,Hosidius vinery
2552,3177,0.9977101,Man,Human,Catacombs of Kourend,Quartermaster,Human,Tyras Camp
429,2552,0.9977101,Billy Rehnison,Human,West Ardougne,Man,Human,Catacombs of Kourend
2553,3177,0.9977101,Man,Human,Hosidius vinery,Quartermaster,Human,Tyras Camp
858,4025,0.99770975,Councillor Andrews,Human,Kourend Castle,Tourist,,"Civitas illa Fortis , Aldarin"
293,842,0.99770904,Banker,Werewolf,Canifis,Cooky Weasel,Human,Rabbit Hole
842,1520,0.99770904,Cooky Weasel,Human,Rabbit Hole,Fry,Human,Rabbit Hole
317,842,0.99770904,Banker,Human,Tutorial Island,Cooky Weasel,Human,Rabbit Hole
298,842,0.99770904,Banker,Human,Draynor Village,Cooky Weasel,Human,Rabbit Hole
287,842,0.99770904,Banker,Human,Bank,Cooky Weasel,Human,Rabbit Hole
858,2552,0.9976494,Councillor Andrews,Human,Kourend Castle,Man,Human,Catacombs of Kourend
858,2553,0.9976494,Councillor Andrews,Human,Kourend Castle,Man,Human,Hosidius vinery
1260,4386,0.9976478,Erestor,Elf,Prifddinas,Ymladd,Elf,Prifddinas
1708,4058,0.99764454,Gorilla,Monkey,Ape Atoll,Trefaji,Monkey,Ape Atoll
10,1708,0.99764454,Aberab,Monkey,Ape Atoll,Gorilla,Monkey,Ape Atoll
798,3700,0.99763745,Clerk,Human,Clan Hub,Smithing apprentice,Human,Lumbridge
798,1078,0.99763745,Clerk,Human,Clan Hub,Drunken soldier,Human,The Cloak and Stagger
798,3928,0.99763745,Clerk,Human,Clan Hub,The 'Wedge',Human,Camelot
798,3997,0.99763745,Clerk,Human,Clan Hub,Toby,Human,Varrock
798,1715,0.99763745,Clerk,Human,Clan Hub,Grand Exchange Clerk,Human,Grand Exchange
798,2980,0.99763745,Clerk,Human,Clan Hub,Panning guide,Human,Digsite
798,2578,0.99763745,Clerk,Human,Clan Hub,Mark,Human,Port Piscarilius
1975,3273,0.997636,Honour guard,Human,Neitiznot gates,Reinn,Human,Sunset Coast
135,1166,0.9976276,Ancient monkey,Monkey,Ape Atoll,Elder Guard,Monkey,Marim
135,378,0.9976275,Ancient monkey,Monkey,Ape Atoll,Bearded gorilla,Monkey,Ape Atoll
172,2300,0.99759793,arc_test_01,Citizen of Arceuus,,Krato,Citizen of Arceuus,Library Historical Archive
1950,3391,0.9975695,Hewey,Human,Lumbridge Swamp,Sailor,Human,Red Rock
1000,3429,0.9975676,Disappointed mother,Human,Varrock,Sarah,Human,South Falador Farm
3684,3735,0.99754655,Sleeping Monkey,Monkey,Marim,Solihib,Monkey,Marim
1090,3735,0.99754655,Dugopul,Monkey,Ape Atoll,Solihib,Monkey,Marim
2431,2731,0.9975349,Lofu,Monkey,Temple of Marimbo,Monkey on unicorn,"Monkey , Unicorn",North-west of Lumbridge Swamp
2201,4249,0.99753296,Kalron,Gnome,Tree Gnome Village,Waymottin,Gnome,Ape Atoll Dungeon
554,2428,0.99753296,Bunkwicket,Gnome,Ape Atoll Dungeon,Local Gnome,Gnome,Tree Gnome Village
554,2201,0.99753296,Bunkwicket,Gnome,Ape Atoll Dungeon,Kalron,Gnome,Tree Gnome Village
2428,4249,0.99753296,Local Gnome,Gnome,Tree Gnome Village,Waymottin,Gnome,Ape Atoll Dungeon
2069,3177,0.99751776,Ironman tutor,Human,Tutorial Island,Quartermaster,Human,Tyras Camp
429,2069,0.99751776,Billy Rehnison,Human,West Ardougne,Ironman tutor,Human,Tutorial Island
66,663,0.99750143,Al the Camel,Camel,Al Kharid,Cart Camel,Camel,Desert Mining Camp
1169,1175,0.99749184,Elder Kelmo,Tortugan,The Great Conch,Elder Root,Tortugan,The Little Pearl
2069,4025,0.9974916,Ironman tutor,Human,Tutorial Island,Tourist,,"Civitas illa Fortis , Aldarin"
1836,2058,0.9974779,Gunslik,Dwarf,Western Keldagrim,Inn Keeper,Dwarf,Keldagrim - The King's Axe Inn
2058,3309,0.9974779,Inn Keeper,Dwarf,Keldagrim - The King's Axe Inn,Riki the sculptor's model,Dwarf,Keldagrim
2058,2161,0.9974779,Inn Keeper,Dwarf,Keldagrim - The King's Axe Inn,Jorra,Dwarf ( Imcando-descendant ),Lovakengj Assembly
172,173,0.9974675,arc_test_01,Citizen of Arceuus,,Archeio,Citizen of Arceuus,Arceuus Library
172,2869,0.9974675,arc_test_01,Citizen of Arceuus,,Novice,Citizen of Arceuus,Arceuus church
2731,4148,0.9974636,Monkey on unicorn,"Monkey , Unicorn",North-west of Lumbridge Swamp,Uwogo,Monkey,Marim
286,842,0.9974619,Bank guard,Human,Draynor Village,Cooky Weasel,Human,Rabbit Hole
4350,4351,0.9974593,Wounded soldier,Human,Infirmary,Wounded soldier,Human,Battlefront
1112,3613,0.9974531,Dwarven Boatman,Dwarf,Keldagrim,Silver Cog Secretary,Dwarf,Keldagrim
502,3219,0.99744475,Bow and Arrow salesman,Human,Ranging Guild,Ranging Guild Doorman,Human,Ranging Guild
502,828,0.99744475,Bow and Arrow salesman,Human,Ranging Guild,Competition Judge,Human,Ranging Guild
858,2069,0.9974445,Councillor Andrews,Human,Kourend Castle,Ironman tutor,Human,Tutorial Island
999,2118,0.99744093,Disappointed father,Human,Varrock,Jeff,Human,Varrock
2069,2552,0.997435,Ironman tutor,Human,Tutorial Island,Man,Human,Catacombs of Kourend
2069,2553,0.997435,Ironman tutor,Human,Tutorial Island,Man,Human,Hosidius vinery
713,1901,0.997423,Chancellor Hassan,Human,Al Kharid Palace,Hassan,Human,Al Kharid
1559,2069,0.99740887,Gary,Human,Varrock,Ironman tutor,Human,Tutorial Island
2594,4052,0.9973874,Martin Thwait,Human,Rogues' Den,Tramp,Human,Varrock
993,2594,0.997387,Digsite workman,Human,Digsite and near Varrock Museum,Martin Thwait,Human,Rogues' Den
2228,2594,0.997387,Kelvin,Human,Fight Arena,Martin Thwait,Human,Rogues' Den
2594,3681,0.997387,Martin Thwait,Human,Rogues' Den,Slave,Human,Fight Arena
332,3965,0.9973483,Bardur,Human,Waterbirth Island Dungeon,Thorodin,Human,Rellekka
332,3968,0.9973483,Bardur,Human,Waterbirth Island Dungeon,Thorvald the Warrior,Human,Rellekka
1788,3965,0.9973483,Guard,Human,Neitiznot,Thorodin,Human,Rellekka
1788,3968,0.9973483,Guard,Human,Neitiznot,Thorvald the Warrior,Human,Rellekka
1793,3965,0.9973483,Guard,Human,Rellekka Longhall Bar,Thorodin,Human,Rellekka
1793,3968,0.9973483,Guard,Human,Rellekka Longhall Bar,Thorvald the Warrior,Human,Rellekka
860,3102,0.9973265,Councillor Halgrive,Human,East Ardougne,Port Official,Human,Port Piscarilius
1901,2791,0.9973255,Hassan,Human,Al Kharid,Mysterious Bandit,Human,Ancient Vault
233,2102,0.9973006,Assistant Serf,Human,Varrock,James,Human,Grand Exchange entrance
233,1468,0.9973006,Assistant Serf,Human,Varrock,Forester (hard),Human,Paterdomus
281,1901,0.9972923,Bandit,Human,The Big Heist Lodge,Hassan,Human,Al Kharid
167,714,0.99729145,Apprentice workman,Human,Falador,Chancy,Human,Rimmington
1028,3790,0.99727845,Donovan the Family Handyman,Human,"Sinclair Mansion , 1 st floor [ UK ] 2 nd floor [ US ]",Squire,Human,Void Knight Outpost
725,726,0.9972756,Charlie the Tramp,Human,Varrock,Charlie the Tramp,Human,Varrock
1112,4191,0.9972684,Dwarven Boatman,Dwarf,Keldagrim,Vestri,Dwarf,Near White Wolf Mountain
123,4112,0.99726295,Ameyalli,Human,Kastori,Tziuhtla,Human,Kastori
1299,2754,0.99722326,Factory Manager,Dwarf,Keldagrim,Mountain Dwarf,Dwarf,Lumbridge dining hall
1299,2480,0.99722326,Factory Manager,Dwarf,Keldagrim,Lovakengj Engineer,Dwarf,Battlefront
1299,3962,0.99722326,Factory Manager,Dwarf,Keldagrim,Thorgel,Dwarf,Temple of Light
1299,1879,0.99722326,Factory Manager,Dwarf,Keldagrim,Hammerspike Stoutbeard,Dwarf,Dwarven Mines
1114,1299,0.99722326,Dwarven Engineer,Dwarf,Keldagrim,Factory Manager,Dwarf,Keldagrim
1299,2755,0.99722326,Factory Manager,Dwarf,Keldagrim,Mountain Dwarf,Dwarf,Near White Wolf Mountain
1113,1299,0.99722326,Dwarven Boatman,Dwarf,Keldagrim south-west mine,Factory Manager,Dwarf,Keldagrim
1299,1732,0.99722326,Factory Manager,Dwarf,Keldagrim,Green Gemstone Secretary,Dwarf,Keldagrim
1065,1299,0.99722326,Drogo dwarf,Dwarf,Dwarven Mine,Factory Manager,Dwarf,Keldagrim
247,1299,0.99722326,Austri,Dwarf,Taverley,Factory Manager,Dwarf,Keldagrim
1784,4013,0.9972203,Guard,Human,Miscellania market,Torfinn,Human,Rellekka
1783,4013,0.9972203,Guard,Human,Miscellania Castle,Torfinn,Human,Rellekka
1776,4013,0.9972203,Guard,Human,Southern Etceteria,Torfinn,Human,Rellekka
3559,3561,0.99721515,Shop assistant,Human,Al Kharid,Shop assistant,Human,Falador
203,1998,0.9972148,Armourer (tier 4),Dwarf,Lovakengj,Hugor,Dwarf,Land's End
1855,3037,0.9971968,Hadley,Human,Tourist Information Centre,Pete,Human,North of the Clock Tower
1566,3037,0.9971968,Gee,Human,Lumbridge,Pete,Human,North of the Clock Tower
1576,3037,0.9971968,General Babacus,Human,Shayzien,Pete,Human,North of the Clock Tower
1705,3037,0.9971968,Gordon,Human,Farm south of Farming Guild,Pete,Human,North of the Clock Tower
467,3404,0.9971808,Blurberry,Gnome,1 st floor [ UK ] 2 nd floor [ US ] of the Grand Tree,Sam,Gnome,Christmas Factory
1675,3404,0.9971808,Gnome Waiter,Gnome,Grand Tree,Sam,Gnome,Christmas Factory
341,3404,0.9971808,Barman,Gnome,• The 1 st floor [ UK ] 2 nd floor [ US ] of the Grand Tree . • East of the Gnomeball Field,Sam,Gnome,Christmas Factory
3335,3404,0.9971808,Rometti,Gnome,"Grand Tree , Tree Gnome Stronghold",Sam,Gnome,Christmas Factory
1702,3404,0.9971808,Golrie,Gnome,Tree Gnome Village dungeon,Sam,Gnome,Christmas Factory
1874,2378,0.997174,Hambling,Human,Rellekka Longhall Bar,Lenny,Human,North of Prifddinas
1004,3066,0.99716115,Dock worker,Human,Port Piscarilius,Piles,Human,Resource Area
1004,2846,0.99716115,Dock worker,Human,Port Piscarilius,Niles,Human,Anywhere random events can occur
97,3980,0.9971436,Ali the Tailor,Human,Al Kharid,Tiles,Human,Bandit Camp
2651,3560,0.9971397,Meskhenet,Human,Nardah,Shop assistant,Human,Edgeville
2207,4402,0.99713767,Karaday,Human,Tai Bwo Wannai,Zamorakian Acolyte,Human,Ferox Enclave
515,3176,0.997097,Brew'ma,Citizen of Arceuus,Wintertodt prison,Pyromancer,Citizen of Arceuus,Wintertodt prison
515,2032,0.997097,Brew'ma,Citizen of Arceuus,Wintertodt prison,Ignisia,Citizen of Arceuus,Wintertodt Camp
103,2116,0.99706733,Almera,Human,Baxtorian Falls,Jeed,Human,Emir's Arena
290,315,0.9970648,Banker,Human,Auburnvale,Banker,Human,Tal Teklan
56,2349,0.9970156,Aisles,Human,Tai Bwo Wannai,Layleen,Human,Tai Bwo Wannai
876,2674,0.9970149,Crafting tutor,Human,Lumbridge Castle,Mine cart driver,Human,Desert Mining Camp
3141,3725,0.9970149,Prisoner,Human,North Darkmeyer,Soldier,Human,Death Plateau (south)
1886,3725,0.9970149,Hans,Human,Al Kharid,Soldier,Human,Death Plateau (south)
876,3141,0.9970149,Crafting tutor,Human,Lumbridge Castle,Prisoner,Human,North Darkmeyer
876,1886,0.9970149,Crafting tutor,Human,Lumbridge Castle,Hans,Human,Al Kharid
876,935,0.9970149,Crafting tutor,Human,Lumbridge Castle,Darkmeyer Slave,Human,Hallowed Sepulchre
876,1038,0.9970149,Crafting tutor,Human,Lumbridge Castle,Doug Deeping,Human,Down the north-eastern borehole of the Digsite
876,1444,0.9970149,Crafting tutor,Human,Lumbridge Castle,Flax keeper,Human,Seers' Village Flax Fields
1038,3725,0.9970149,Doug Deeping,Human,Down the north-eastern borehole of the Digsite,Soldier,Human,Death Plateau (south)
362,1444,0.9970149,Bartender,Human,Port Sarim,Flax keeper,Human,Seers' Village Flax Fields
362,3141,0.9970149,Bartender,Human,Port Sarim,Prisoner,Human,North Darkmeyer
362,2674,0.9970149,Bartender,Human,Port Sarim,Mine cart driver,Human,Desert Mining Camp
2674,3725,0.9970149,Mine cart driver,Human,Desert Mining Camp,Soldier,Human,Death Plateau (south)
468,876,0.9970149,Boar31337Killer,Human,Southern Island of The Node,Crafting tutor,Human,Lumbridge Castle
362,1886,0.9970149,Bartender,Human,Port Sarim,Hans,Human,Al Kharid
935,3725,0.9970149,Darkmeyer Slave,Human,Hallowed Sepulchre,Soldier,Human,Death Plateau (south)
362,468,0.9970149,Bartender,Human,Port Sarim,Boar31337Killer,Human,Southern Island of The Node
362,1038,0.9970149,Bartender,Human,Port Sarim,Doug Deeping,Human,Down the north-eastern borehole of the Digsite
1444,3725,0.9970149,Flax keeper,Human,Seers' Village Flax Fields,Soldier,Human,Death Plateau (south)
468,3725,0.9970149,Boar31337Killer,Human,Southern Island of The Node,Soldier,Human,Death Plateau (south)
362,935,0.9970149,Bartender,Human,Port Sarim,Darkmeyer Slave,Human,Hallowed Sepulchre
416,2039,0.9970099,Biblia,Citizen of Arceuus,Arceuus Library,Imerominia,Citizen of Arceuus,Library Historical Archive
416,2704,0.9970099,Biblia,Citizen of Arceuus,Arceuus Library,Mofina,Citizen of Arceuus,Arceuus church
416,2705,0.9970099,Biblia,Citizen of Arceuus,Arceuus Library,Mofina,Citizen of Arceuus,Lumbridge Castle
416,2434,0.9970099,Biblia,Citizen of Arceuus,Arceuus Library,Logosia,Citizen of Arceuus,Arceuus Library
416,1678,0.9970099,Biblia,Citizen of Arceuus,Arceuus Library,Gnosi,Citizen of Arceuus,Mount Quidamortem
1830,4249,0.99700046,Gulluck,Gnome,Grand Tree,Waymottin,Gnome,Ape Atoll Dungeon
554,1830,0.99700046,Bunkwicket,Gnome,Ape Atoll Dungeon,Gulluck,Gnome,Grand Tree
1112,1299,0.9969895,Dwarven Boatman,Dwarf,Keldagrim,Factory Manager,Dwarf,Keldagrim
4136,4139,0.99698484,Ur-lun,Dorgeshuun,Dorgesh-Kaan,Ur-taal,Dorgeshuun,Dorgesh-Kaan
468,1885,0.9969702,Boar31337Killer,Human,Southern Island of The Node,Hans,Human,Lumbridge
1885,2674,0.9969702,Hans,Human,Lumbridge,Mine cart driver,Human,Desert Mining Camp
1324,3141,0.9969702,Farmer,Human,Groats' farm,Prisoner,Human,North Darkmeyer
1324,2674,0.9969702,Farmer,Human,Groats' farm,Mine cart driver,Human,Desert Mining Camp
935,1885,0.9969702,Darkmeyer Slave,Human,Hallowed Sepulchre,Hans,Human,Lumbridge
935,1324,0.9969702,Darkmeyer Slave,Human,Hallowed Sepulchre,Farmer,Human,Groats' farm
1324,1444,0.9969702,Farmer,Human,Groats' farm,Flax keeper,Human,Seers' Village Flax Fields
1444,1885,0.9969702,Flax keeper,Human,Seers' Village Flax Fields,Hans,Human,Lumbridge
1885,1886,0.9969702,Hans,Human,Lumbridge,Hans,Human,Al Kharid
1324,1886,0.9969702,Farmer,Human,Groats' farm,Hans,Human,Al Kharid
1885,3141,0.9969702,Hans,Human,Lumbridge,Prisoner,Human,North Darkmeyer
1038,1885,0.9969702,Doug Deeping,Human,Down the north-eastern borehole of the Digsite,Hans,Human,Lumbridge
468,1324,0.9969701,Boar31337Killer,Human,Southern Island of The Node,Farmer,Human,Groats' farm
1038,1324,0.9969701,Doug Deeping,Human,Down the north-eastern borehole of the Digsite,Farmer,Human,Groats' farm
70,2118,0.99695307,Alan,Human,Tal Teok,Jeff,Human,Varrock
2118,2268,0.9969529,Jeff,Human,Varrock,King's Messenger,Human,Anywhere
80,3902,0.99695104,Alfonse the waiter,Human,Brimhaven,Tea Seller,Human,Varrock
354,3902,0.99695104,Bartender,Human,Varrock,Tea Seller,Human,Varrock
318,4025,0.9969506,Banker,Human,Varrock,Tourist,,"Civitas illa Fortis , Aldarin"
94,868,0.99693906,Ali the Sandsweeper,Human,,Cowardly Bandit,Human,Pollnivneach
85,868,0.99693906,Ali the Carter,Human,Nardah,Cowardly Bandit,Human,Pollnivneach
318,2069,0.9969366,Banker,Human,Varrock,Ironman tutor,Human,Tutorial Island
3585,4344,0.9969156,Shopkeeper,,Civitas illa Fortis,Worker,,Varlamore
1693,3462,0.9969116,Goblin Recruiter,Goblin,Falador,Scrubfoot,Goblin,Scrubfoot's cave
1682,3462,0.9969116,Goblin,Goblin,Falador,Scrubfoot,Goblin,Scrubfoot's cave
1681,3462,0.9969116,Goblin,Goblin,Falador,Scrubfoot,Goblin,Scrubfoot's cave
2669,2744,0.9968997,Millie Miller,Human,Mill Lane Mill,Mort'ton local,Human,Mort'ton
318,2553,0.9968827,Banker,Human,Varrock,Man,Human,Hosidius vinery
318,2552,0.9968827,Banker,Human,Varrock,Man,Human,Catacombs of Kourend
2105,2818,0.9968811,Jaraah,Human,Emir's Arena,Neil,Human,Bandit Camp
1680,3794,0.9968777,Goat Poo,Troll,Weiss,Squirrel,Troll,Weiss
2668,2669,0.99685943,Milli Rehnison,Human,West Ardougne,Millie Miller,Human,Mill Lane Mill
1490,3096,0.9968569,Fremennik Warrior,Human,Rellekka,Pontak,Human,Rellekka
1490,3673,0.9968569,Fremennik Warrior,Human,Rellekka,Skuli Myrka,Human,Jatizso
193,3636,0.9968307,Arhein,Human,Catherby,Sir Percival,Human,Fisher Realm
2620,3177,0.99683,Mazion,Human,Entrana sandpit,Quartermaster,Human,Tyras Camp
429,2620,0.99683,Billy Rehnison,Human,West Ardougne,Mazion,Human,Entrana sandpit
1139,1534,0.9967973,Edmond,Human,East Ardougne,Gabooty,Human,Tai Bwo Wannai
2666,3066,0.99679136,Miles,Human,Anywhere random events can occur,Piles,Human,Resource Area
2666,2846,0.99679136,Miles,Human,Anywhere random events can occur,Niles,Human,Anywhere random events can occur
4110,4111,0.99678695,TzHaar-Mej-Kah,TzHaar,Mor Ul Rek,TzHaar-Mej-Roh,TzHaar,Mor Ul Rek
4106,4111,0.99678695,TzHaar-Mej,TzHaar,Mor Ul Rek,TzHaar-Mej-Roh,TzHaar,Mor Ul Rek
1363,1965,0.9967843,Fenric Hollowspire,Human,,Historian Minas,Human,Varrock Museum
1363,2812,0.9967843,Fenric Hollowspire,Human,,Natural Historian,Human,Mount Quidamortem
1057,2151,0.9967843,Draven Quillshade,Human,,John,Human,Museum Camp
1057,3041,0.9967843,Draven Quillshade,Human,,Petrified Pete,Human,Fossil Island
1057,2811,0.9967843,Draven Quillshade,Human,,Natural historian,Human,Varrock Museum
718,719,0.9967843,Charles Charlington,Human,Fossil Island,Charles Charlington II,Human,
1363,2811,0.9967843,Fenric Hollowspire,Human,,Natural historian,Human,Varrock Museum
1363,2151,0.9967843,Fenric Hollowspire,Human,,John,Human,Museum Camp
1363,3041,0.9967843,Fenric Hollowspire,Human,,Petrified Pete,Human,Fossil Island
719,2812,0.9967843,Charles Charlington II,Human,,Natural Historian,Human,Mount Quidamortem
719,2811,0.9967843,Charles Charlington II,Human,,Natural historian,Human,Varrock Museum
719,2151,0.9967843,Charles Charlington II,Human,,John,Human,Museum Camp
719,1965,0.9967843,Charles Charlington II,Human,,Historian Minas,Human,Varrock Museum
1057,1965,0.9967843,Draven Quillshade,Human,,Historian Minas,Human,Varrock Museum
1057,2812,0.9967843,Draven Quillshade,Human,,Natural Historian,Human,Mount Quidamortem
718,1363,0.9967843,Charles Charlington,Human,Fossil Island,Fenric Hollowspire,Human,
718,1057,0.9967843,Charles Charlington,Human,Fossil Island,Draven Quillshade,Human,
719,3041,0.9967843,Charles Charlington II,Human,,Petrified Pete,Human,Fossil Island
1490,4029,0.99675906,Fremennik Warrior,Human,Rellekka,Town Guard,Human,Rellekka
858,2620,0.99675846,Councillor Andrews,Human,Kourend Castle,Mazion,Human,Entrana sandpit
276,2201,0.99675494,Ball boy,Gnome,"Al Kharid , Brimhaven , Catherby beach",Kalron,Gnome,Tree Gnome Village
276,2428,0.99675494,Ball boy,Gnome,"Al Kharid , Brimhaven , Catherby beach",Local Gnome,Gnome,Tree Gnome Village
1950,3141,0.9967544,Hewey,Human,Lumbridge Swamp,Prisoner,Human,North Darkmeyer
1038,1950,0.9967544,Doug Deeping,Human,Down the north-eastern borehole of the Digsite,Hewey,Human,Lumbridge Swamp
1444,1950,0.9967544,Flax keeper,Human,Seers' Village Flax Fields,Hewey,Human,Lumbridge Swamp
468,1950,0.9967544,Boar31337Killer,Human,Southern Island of The Node,Hewey,Human,Lumbridge Swamp
1886,1950,0.9967544,Hans,Human,Al Kharid,Hewey,Human,Lumbridge Swamp
1950,2674,0.9967544,Hewey,Human,Lumbridge Swamp,Mine cart driver,Human,Desert Mining Camp
935,1950,0.9967544,Darkmeyer Slave,Human,Hallowed Sepulchre,Hewey,Human,Lumbridge Swamp
1744,2225,0.99675304,Griems,Tortugan,,Kebba,Tortugan,The Pandemonium
2225,3924,0.99675304,Kebba,Tortugan,The Pandemonium,Tetra,Tortugan,
124,2225,0.99675304,Amma,Tortugan,The Summer Shore,Kebba,Tortugan,The Pandemonium
808,2225,0.99675304,Cochu,Tortugan,,Kebba,Tortugan,The Pandemonium
4107,4109,0.99675214,TzHaar-Mej-Bal,TzHaar,Mor Ul Rek,TzHaar-Mej-Jal,TzHaar,Mor Ul Rek
4108,4109,0.99675214,TzHaar-Mej-Dir,TzHaar,Mor Ul Rek,TzHaar-Mej-Jal,TzHaar,Mor Ul Rek
1534,2818,0.9967423,Gabooty,Human,Tai Bwo Wannai,Neil,Human,Bandit Camp
2762,2763,0.9967281,Mourner,Elf,West Ardougne,Mourner,Elf,Mourner Tunnels
3096,4029,0.99671906,Pontak,Human,Rellekka,Town Guard,Human,Rellekka
3673,4029,0.99671906,Skuli Myrka,Human,Jatizso,Town Guard,Human,Rellekka
2051,3428,0.9967189,Information clerk,Human,Varrock Museum,Sarah,Human,South Falador Farm
53,4029,0.996709,Agnar,Human,Rellekka,Town Guard,Human,Rellekka
429,3928,0.9967077,Billy Rehnison,Human,West Ardougne,The 'Wedge',Human,Camelot
429,3700,0.9967077,Billy Rehnison,Human,West Ardougne,Smithing apprentice,Human,Lumbridge
2980,3177,0.9967077,Panning guide,Human,Digsite,Quartermaster,Human,Tyras Camp
429,1715,0.9967077,Billy Rehnison,Human,West Ardougne,Grand Exchange Clerk,Human,Grand Exchange
1078,3177,0.9967077,Drunken soldier,Human,The Cloak and Stagger,Quartermaster,Human,Tyras Camp
429,1078,0.9967077,Billy Rehnison,Human,West Ardougne,Drunken soldier,Human,The Cloak and Stagger
3177,3928,0.9967077,Quartermaster,Human,Tyras Camp,The 'Wedge',Human,Camelot
3177,3997,0.9967077,Quartermaster,Human,Tyras Camp,Toby,Human,Varrock
3177,3700,0.9967077,Quartermaster,Human,Tyras Camp,Smithing apprentice,Human,Lumbridge
429,3997,0.9967077,Billy Rehnison,Human,West Ardougne,Toby,Human,Varrock
1715,3177,0.9967077,Grand Exchange Clerk,Human,Grand Exchange,Quartermaster,Human,Tyras Camp
429,2980,0.9967077,Billy Rehnison,Human,West Ardougne,Panning guide,Human,Digsite
2578,3177,0.9967077,Mark,Human,Port Piscarilius,Quartermaster,Human,Tyras Camp
429,2578,0.9967077,Billy Rehnison,Human,West Ardougne,Mark,Human,Port Piscarilius
1219,4207,0.996706,Emelio,Human,Outer Fortis,Vineyard foreman,Human,Moonrise Brewery and Winery
2142,2143,0.9966943,Jobless Jim,Human,Before hiring: Rusty Anchor Inn After hiring: The Pandemonium,Jobless Jim,Human,Blue Moon Inn
2087,2117,0.99669224,Jack,Human,Musa Point or Karamja,Jeff,Human,Musa Point
53,3096,0.9966904,Agnar,Human,Rellekka,Pontak,Human,Rellekka
53,3673,0.9966904,Agnar,Human,Rellekka,Skuli Myrka,Human,Jatizso
190,416,0.9966837,Aretha,Citizen of Arceuus,Soul Altar,Biblia,Citizen of Arceuus,Arceuus Library
416,4205,0.9966837,Biblia,Citizen of Arceuus,Arceuus Library,Villia,Citizen of Arceuus,Arceuus Library
416,2076,0.9966837,Biblia,Citizen of Arceuus,Arceuus Library,Istoria,Citizen of Arceuus,Library Historical Archive
416,2405,0.9966837,Biblia,Citizen of Arceuus,Arceuus Library,Lillia,Citizen of Arceuus,Catacombs of Kourend
1768,4060,0.99668217,Guard,Human,Varrock Palace,Treznor,Human,Varrock
3726,4060,0.99668217,Soldier,Human,Northern Ocean,Treznor,Human,Varrock
2425,3896,0.99666065,Llio,Elf,Prifddinas,Tatie,Elf,Prifddinas
510,2425,0.99666065,Branwen,Elf,Prifddinas,Llio,Elf,Prifddinas
1259,2495,0.9966591,Erdan,Human,Myths' Guild,Lumbridge Guide,Human,Lumbridge
690,3177,0.99664426,Cave monk,Human,Entrana,Quartermaster,Human,Tyras Camp
2718,3177,0.99664426,Monk,Human,Lumbridge Swamp,Quartermaster,Human,Tyras Camp
534,3177,0.99664426,Brother Omad,Human,Monastery south of Ardougne,Quartermaster,Human,Tyras Camp
429,2718,0.99664426,Billy Rehnison,Human,West Ardougne,Monk,Human,Lumbridge Swamp
1344,3177,0.99664426,Father Lawrence,Human,Varrock church,Quartermaster,Human,Tyras Camp
529,3177,0.99664426,Brother Cedric,Human,East Ardougne,Quartermaster,Human,Tyras Camp
429,690,0.99664426,Billy Rehnison,Human,West Ardougne,Cave monk,Human,Entrana
429,1344,0.99664426,Billy Rehnison,Human,West Ardougne,Father Lawrence,Human,Varrock church
429,532,0.99664426,Billy Rehnison,Human,West Ardougne,Brother Kojo,Human,"The Clock Tower , south of Ardougne"
429,534,0.99664426,Billy Rehnison,Human,West Ardougne,Brother Omad,Human,Monastery south of Ardougne
429,529,0.99664426,Billy Rehnison,Human,West Ardougne,Brother Cedric,Human,East Ardougne
532,3177,0.99664426,Brother Kojo,Human,"The Clock Tower , south of Ardougne",Quartermaster,Human,Tyras Camp
858,1078,0.99664396,Councillor Andrews,Human,Kourend Castle,Drunken soldier,Human,The Cloak and Stagger
858,1715,0.99664396,Councillor Andrews,Human,Kourend Castle,Grand Exchange Clerk,Human,Grand Exchange
858,2980,0.99664396,Councillor Andrews,Human,Kourend Castle,Panning guide,Human,Digsite
858,3928,0.99664396,Councillor Andrews,Human,Kourend Castle,The 'Wedge',Human,Camelot
858,3700,0.99664396,Councillor Andrews,Human,Kourend Castle,Smithing apprentice,Human,Lumbridge
858,3997,0.99664396,Councillor Andrews,Human,Kourend Castle,Toby,Human,Varrock
858,2578,0.99664396,Councillor Andrews,Human,Kourend Castle,Mark,Human,Port Piscarilius
65,2581,0.99663794,Al Shabim,Human,Bedabin Camp,Market seller,Human,Pollnivneach
1299,4191,0.99661994,Factory Manager,Dwarf,Keldagrim,Vestri,Dwarf,Near White Wolf Mountain
753,998,0.99661076,Child,Human,Slepe,Disappointed daughter,Human,Varrock
1776,1975,0.99660885,Guard,Human,Southern Etceteria,Honour guard,Human,Neitiznot gates
1784,1975,0.99660885,Guard,Human,Miscellania market,Honour guard,Human,Neitiznot gates
1783,1975,0.99660885,Guard,Human,Miscellania Castle,Honour guard,Human,Neitiznot gates
103,2878,0.996606,Almera,Human,Baxtorian Falls,Nurse Sarah,Human,West Ardougne
999,2268,0.99659586,Disappointed father,Human,Varrock,King's Messenger,Human,Anywhere
70,999,0.99659586,Alan,Human,Tal Teok,Disappointed father,Human,Varrock
801,1797,0.99658495,Clodius,Human,Villa Lucens,Guard,Human,The Teomat
1797,3812,0.99658495,Guard,Human,The Teomat,Stradius,Human,Villa Lucens
532,858,0.9965644,Brother Kojo,Human,"The Clock Tower , south of Ardougne",Councillor Andrews,Human,Kourend Castle
529,858,0.9965644,Brother Cedric,Human,East Ardougne,Councillor Andrews,Human,Kourend Castle
858,2718,0.9965644,Councillor Andrews,Human,Kourend Castle,Monk,Human,Lumbridge Swamp
858,1344,0.9965644,Councillor Andrews,Human,Kourend Castle,Father Lawrence,Human,Varrock church
534,858,0.9965644,Brother Omad,Human,Monastery south of Ardougne,Councillor Andrews,Human,Kourend Castle
690,858,0.9965644,Cave monk,Human,Entrana,Councillor Andrews,Human,Kourend Castle
1000,2051,0.9965567,Disappointed mother,Human,Varrock,Information clerk,Human,Varrock Museum
3947,3960,0.9965447,Thessalia,Human,Varrock,Thora the Barkeep,Human,Rellekka Longhall Bar
1945,4199,0.9965409,Hervi,Dwarf,Keldagrim,Vigr,Dwarf,Keldagrim
3639,4416,0.9965069,Sir Rebral,Human,Falador,Zembo,Human,"Musa Point, Karamja"
716,3639,0.9965069,Charles,Human,Port Piscarilius,Sir Rebral,Human,Falador
1582,3201,0.99650663,General Vir,Human,Battlefront,Radimus Erkle,Human,Legends' Guild
3125,4416,0.9964906,Priest,Human,East Ardougne,Zembo,Human,"Musa Point, Karamja"
716,3125,0.9964901,Charles,Human,Port Piscarilius,Priest,Human,East Ardougne
1578,3514,0.9964874,General Hining,Human,Tyras Camp,Shantay,Human,Shantay Pass
2865,3514,0.9964874,Norman,Human,Falador,Shantay,Human,Shantay Pass
941,3514,0.9964874,Daryl,Human,Shayzien,Shantay,Human,Shantay Pass
342,1110,0.9964739,Barman,Dwarf,West Keldagrim,Dwarf,Dwarf,Motherlode Mine
800,2434,0.99646485,Clerris,Citizen of Arceuus,Dense runestone mine,Logosia,Citizen of Arceuus,Arceuus Library
800,1678,0.99646485,Clerris,Citizen of Arceuus,Dense runestone mine,Gnosi,Citizen of Arceuus,Mount Quidamortem
800,2704,0.99646485,Clerris,Citizen of Arceuus,Dense runestone mine,Mofina,Citizen of Arceuus,Arceuus church
800,2039,0.99646485,Clerris,Citizen of Arceuus,Dense runestone mine,Imerominia,Citizen of Arceuus,Library Historical Archive
800,2705,0.99646485,Clerris,Citizen of Arceuus,Dense runestone mine,Mofina,Citizen of Arceuus,Lumbridge Castle
1061,4325,0.99646425,Driftwood,Troll,Weiss,Wolfbone,Troll,Troll Stronghold kitchen
1061,3005,0.99646425,Driftwood,Troll,Weiss,Pebble,Troll,Weiss
975,1099,0.9964148,Derrik,Human,Miscellania,Dunstan,Human,Burthorpe
318,2620,0.99640965,Banker,Human,Varrock,Mazion,Human,Entrana sandpit
2081,2567,0.99640024,Ivy Sophista,Human,Taverley,Maria Gadderanks,Human,North Darkmeyer
3407,4269,0.9963958,Sammy Servil,Human,Fight Arena prison,Weve,Human,Wyvern Cave
1996,4269,0.9963958,Hudon,Human,Baxtorian Falls,Weve,Human,Wyvern Cave
345,3789,0.9963876,Barnabus Hurma,Human,Varrock Museum,Squire,Human,Void Knight Outpost
333,612,0.99637127,Barfy Bill,Human,Lumbridge,Captain Braindeath,Human,Braindeath Island
3489,3724,0.9963438,Sergeant,,Chasm of Fire entrance,Soldier,,Chasm of Fire entrance
1078,2385,0.9963423,Drunken soldier,Human,The Cloak and Stagger,Lesser Fanatic,Human,Edgeville
2385,2578,0.9963423,Lesser Fanatic,Human,Edgeville,Mark,Human,Port Piscarilius
2385,2980,0.9963423,Lesser Fanatic,Human,Edgeville,Panning guide,Human,Digsite
2385,3700,0.9963423,Lesser Fanatic,Human,Edgeville,Smithing apprentice,Human,Lumbridge
1715,2385,0.9963423,Grand Exchange Clerk,Human,Grand Exchange,Lesser Fanatic,Human,Edgeville
2385,3997,0.9963423,Lesser Fanatic,Human,Edgeville,Toby,Human,Varrock
2385,3928,0.9963423,Lesser Fanatic,Human,Edgeville,The 'Wedge',Human,Camelot
1138,2781,0.9963417,Ed Wood,Human,Digsite,Murky Pat,Human,Lady Zay
1260,3296,0.99628913,Erestor,Elf,Prifddinas,Rhyfel,Elf,Prifddinas
2218,2874,0.9962848,Kaston,Dwarf,Shayzien,Nurmof,Dwarf,Dwarven Mines
2126,2591,0.9962755,Jess,Human,East Ardougne,Martha Rehnison,Human,West Ardougne
2126,3786,0.9962755,Jess,Human,East Ardougne,Squire,Human,Void Knight Outpost
2126,2222,0.9962755,Jess,Human,East Ardougne,Kaylee,Human,Falador
2126,2316,0.9962755,Jess,Human,East Ardougne,Lady Servil,Human,Fight Arena
340,2222,0.9962755,Barmaid,Human,Falador,Kaylee,Human,Falador
904,2126,0.9962755,Customer,Human,Keldagrim Library,Jess,Human,East Ardougne
340,3987,0.9962755,Barmaid,Human,Falador,Tina,Human,Falador
340,904,0.9962755,Barmaid,Human,Falador,Customer,Human,Keldagrim Library
904,2230,0.9962755,Customer,Human,Keldagrim Library,Kendall,Human,Great Kourend
340,2316,0.9962755,Barmaid,Human,Falador,Lady Servil,Human,Fight Arena
2126,3987,0.9962755,Jess,Human,East Ardougne,Tina,Human,Falador
2126,3522,0.9962755,Jess,Human,East Ardougne,Shayda,Human,Shayzien
340,3522,0.9962755,Barmaid,Human,Falador,Shayda,Human,Shayzien
340,3786,0.9962755,Barmaid,Human,Falador,Squire,Human,Void Knight Outpost
2222,2230,0.9962755,Kaylee,Human,Falador,Kendall,Human,Great Kourend
340,2591,0.9962755,Barmaid,Human,Falador,Martha Rehnison,Human,West Ardougne
2230,2316,0.9962755,Kendall,Human,Great Kourend,Lady Servil,Human,Fight Arena
2230,2591,0.9962755,Kendall,Human,Great Kourend,Martha Rehnison,Human,West Ardougne
2230,3786,0.9962755,Kendall,Human,Great Kourend,Squire,Human,Void Knight Outpost
2230,3522,0.9962755,Kendall,Human,Great Kourend,Shayda,Human,Shayzien
2230,3987,0.9962755,Kendall,Human,Great Kourend,Tina,Human,Falador
361,3235,0.99627304,Bartender,Human,? (edit),Razmire Keelgan,Human,Mort'ton
361,365,0.99627304,Bartender,Human,? (edit),Bartender,Human,Bandit Village in the Kharidian Desert
717,949,0.9962659,Charles,Human,Fossil Island,David,Human,Varrock Museum Basement
1988,3038,0.9962206,Horvik,Human,"Varrock , East Anvils",Peter,Human,Fossil Island
1709,3788,0.99621546,Gossip,Human,Sinclair Mansion,Squire,Human,Void Knights' Outpost
857,3989,0.9961897,Council workman,Human,Bridge leading to Rellekka,Tindel Marchant,Human,Port Khazard
167,3725,0.9961877,Apprentice workman,Human,Falador,Soldier,Human,Death Plateau (south)
167,362,0.9961877,Apprentice workman,Human,Falador,Bartender,Human,Port Sarim
167,876,0.9961877,Apprentice workman,Human,Falador,Crafting tutor,Human,Lumbridge Castle
318,534,0.99618196,Banker,Human,Varrock,Brother Omad,Human,Monastery south of Ardougne
318,1344,0.99618196,Banker,Human,Varrock,Father Lawrence,Human,Varrock church
318,529,0.99618196,Banker,Human,Varrock,Brother Cedric,Human,East Ardougne
318,532,0.99618196,Banker,Human,Varrock,Brother Kojo,Human,"The Clock Tower , south of Ardougne"
318,690,0.99618196,Banker,Human,Varrock,Cave monk,Human,Entrana
318,2718,0.99618196,Banker,Human,Varrock,Monk,Human,Lumbridge Swamp
3400,3499,0.99617934,Salius,Human,Salvager Overlook,Sergius,Human,Twilight Temple
746,2071,0.9961719,Child,,Aldarin,Isadora,Human,Auburnvale
3157,4262,0.99617004,Protester,Human,Varrock,Well-dressed man,Human,Aldarin
167,1950,0.99616814,Apprentice workman,Human,Falador,Hewey,Human,Lumbridge Swamp
4019,4439,0.9961531,Torrell,Human,South of East Ardougne,Zul-Onan,Human,Zul-Andra
2056,3014,0.9961494,Ingwe,Elf,Prifddinas,Pennant,Elf,Prifddinas
2980,3969,0.9961487,Panning guide,Human,Digsite,Thrander,Human,Realm of Memories
3969,3997,0.9961487,Thrander,Human,Realm of Memories,Toby,Human,Varrock
2578,3969,0.9961487,Mark,Human,Port Piscarilius,Thrander,Human,Realm of Memories
1078,3969,0.9961487,Drunken soldier,Human,The Cloak and Stagger,Thrander,Human,Realm of Memories
1715,3969,0.9961487,Grand Exchange Clerk,Human,Grand Exchange,Thrander,Human,Realm of Memories
3928,3969,0.9961487,The 'Wedge',Human,Camelot,Thrander,Human,Realm of Memories
3700,3969,0.9961487,Smithing apprentice,Human,Lumbridge,Thrander,Human,Realm of Memories
1839,2907,0.99613947,Gurtob,Ogre,Backwater,Ogre guard,Ogre,Jiggig
1839,3067,0.99613947,Gurtob,Ogre,Backwater,Pilg,Ogre,Jiggig
65,90,0.9961338,Al Shabim,Human,Bedabin Camp,Ali the Kebab seller,Human,Pollnivneach
666,667,0.99612796,Cart conductor,Dwarf,,Cart conductor,Dwarf,White Wolf Mountain
53,1490,0.9961215,Agnar,Human,Rellekka,Fremennik Warrior,Human,Rellekka
56,2116,0.99611855,Aisles,Human,Tai Bwo Wannai,Jeed,Human,Emir's Arena
1366,4150,0.99611264,Ferd,Dwarf,Miscellania and Etceteria Dungeon,Vaeringk,Dwarf,Keldagrim
1316,2915,0.99609995,Falo the Bard,Human,North of Seers' Village,Olaf the Bard,Human,Rellekka
294,311,0.9960879,Banker,Human,Civitas illa Fortis,Banker,Human,Quetzacalli Gorge
167,1324,0.99607044,Apprentice workman,Human,Falador,Farmer,Human,Groats' farm
167,1885,0.99607044,Apprentice workman,Human,Falador,Hans,Human,Lumbridge
3298,3594,0.9960701,Richard,Human,Ardougne,Sid,Human,Mansion in a faraway island.
1228,1229,0.9960691,Emissary Fisher,Human,West of the Tower of Ascension,Emissary Herder,Human,Twilight Temple
1323,1416,0.99606466,Farmer,Human,Miscellania,Fisherman Frodi,Human,Miscellania
2086,3141,0.9960592,Jack,Human,Myths' Guild,Prisoner,Human,North Darkmeyer
1444,2086,0.9960592,Flax keeper,Human,Seers' Village Flax Fields,Jack,Human,Myths' Guild
935,2086,0.9960592,Darkmeyer Slave,Human,Hallowed Sepulchre,Jack,Human,Myths' Guild
468,2086,0.9960592,Boar31337Killer,Human,Southern Island of The Node,Jack,Human,Myths' Guild
1038,2086,0.9960592,Doug Deeping,Human,Down the north-eastern borehole of the Digsite,Jack,Human,Myths' Guild
1886,2086,0.9960592,Hans,Human,Al Kharid,Jack,Human,Myths' Guild
2086,2674,0.9960592,Jack,Human,Myths' Guild,Mine cart driver,Human,Desert Mining Camp
1942,1944,0.9960457,Herquin,Human,Falador,Herquin,Human,Blue Moon Inn
1559,4025,0.9960336,Gary,Human,Varrock,Tourist,,"Civitas illa Fortis , Aldarin"
1559,2620,0.99602324,Gary,Human,Varrock,Mazion,Human,Entrana sandpit
640,857,0.9960158,Captain Rovin,Human,Varrock Palace,Council workman,Human,Bridge leading to Rellekka
1114,3613,0.99600637,Dwarven Engineer,Dwarf,Keldagrim,Silver Cog Secretary,Dwarf,Keldagrim
1065,3613,0.99600637,Drogo dwarf,Dwarf,Dwarven Mine,Silver Cog Secretary,Dwarf,Keldagrim
1879,3613,0.99600637,Hammerspike Stoutbeard,Dwarf,Dwarven Mines,Silver Cog Secretary,Dwarf,Keldagrim
3613,3962,0.99600637,Silver Cog Secretary,Dwarf,Keldagrim,Thorgel,Dwarf,Temple of Light
1113,3613,0.99600637,Dwarven Boatman,Dwarf,Keldagrim south-west mine,Silver Cog Secretary,Dwarf,Keldagrim
247,3613,0.99600637,Austri,Dwarf,Taverley,Silver Cog Secretary,Dwarf,Keldagrim
2480,3613,0.99600637,Lovakengj Engineer,Dwarf,Battlefront,Silver Cog Secretary,Dwarf,Keldagrim
1732,3613,0.99600637,Green Gemstone Secretary,Dwarf,Keldagrim,Silver Cog Secretary,Dwarf,Keldagrim
2755,3613,0.99600637,Mountain Dwarf,Dwarf,Near White Wolf Mountain,Silver Cog Secretary,Dwarf,Keldagrim
2754,3613,0.99600637,Mountain Dwarf,Dwarf,Lumbridge dining hall,Silver Cog Secretary,Dwarf,Keldagrim
173,289,0.9960002,Archeio,Citizen of Arceuus,Arceuus Library,Banker,Citizen of Arceuus,Arceuus
289,2869,0.9960002,Banker,Citizen of Arceuus,Arceuus,Novice,Citizen of Arceuus,Arceuus church
372,1998,0.9959977,Barus,Dwarf,Lovakengj,Hugor,Dwarf,Land's End
1000,2996,0.9959874,Disappointed mother,Human,Varrock,Patty Seer,Human,Lumbridge Castle kitchen
173,2974,0.995979,Archeio,Citizen of Arceuus,Arceuus Library,Pagida,Citizen of Arceuus,Library Historical Archive
2869,2974,0.995979,Novice,Citizen of Arceuus,Arceuus church,Pagida,Citizen of Arceuus,Library Historical Archive
1641,1863,0.99597895,Giles,Human,Anywhere random events can occur,Hajedy,Human,Brimhaven
1641,2244,0.99597895,Giles,Human,Anywhere random events can occur,Khazard Barman,Human,South-western corner of the Fight Arena
1641,3575,0.99597895,Giles,Human,Anywhere random events can occur,Shop keeper,Human,Port Khazard
2761,3879,0.9959767,Mounted terrorchick gnome,Gnome,Wherever summoned,Tamble,Gnome,Tree Gnome Stronghold
1629,3879,0.9959767,Gianne jnr.,Gnome,Grand Tree,Tamble,Gnome,Tree Gnome Stronghold
3879,3984,0.9959767,Tamble,Gnome,Tree Gnome Stronghold,Timble,Gnome,Tree Gnome Stronghold
1629,3748,0.9959767,Gianne jnr.,Gnome,Grand Tree,Spang,Gnome,Tree Gnome Stronghold
3748,3984,0.9959767,Spang,Gnome,Tree Gnome Stronghold,Timble,Gnome,Tree Gnome Stronghold
2761,3748,0.9959767,Mounted terrorchick gnome,Gnome,Wherever summoned,Spang,Gnome,Tree Gnome Stronghold
611,649,0.9959698,Captain Bleemadge,Gnome,White Wolf Mountain,Captain Wimto,Gnome,? (edit)
611,3111,0.9959698,Captain Bleemadge,Gnome,White Wolf Mountain,Portobello,Gnome,
1559,3700,0.99596965,Gary,Human,Varrock,Smithing apprentice,Human,Lumbridge
1078,1559,0.99596965,Drunken soldier,Human,The Cloak and Stagger,Gary,Human,Varrock
1559,2578,0.99596965,Gary,Human,Varrock,Mark,Human,Port Piscarilius
1559,3997,0.99596965,Gary,Human,Varrock,Toby,Human,Varrock
1559,2980,0.99596965,Gary,Human,Varrock,Panning guide,Human,Digsite
1559,1715,0.99596965,Gary,Human,Varrock,Grand Exchange Clerk,Human,Grand Exchange
1559,3928,0.99596965,Gary,Human,Varrock,The 'Wedge',Human,Camelot
1641,3989,0.9959663,Giles,Human,Anywhere random events can occur,Tindel Marchant,Human,Port Khazard
435,2677,0.9959627,Black Guard,Dwarf,Keldagrim,Miner,Dwarf,Motherlode Mine
1844,2082,0.9959625,Gwerin Hapus,Elf,Gwenith,Iwan,Elf,Prifddinas
3562,4064,0.99596,Shop assistant,Human,Lumbridge,Trobert,Human,Brimhaven
3221,3671,0.9959518,Rantz,Ogre,Feldip Hills,Skrach Uglogwee,Ogre,Lumbridge Castle dining hall
1520,3572,0.99595034,Fry,Human,Rabbit Hole,Shop keeper,Human,Museum Camp
298,3572,0.99595034,Banker,Human,Draynor Village,Shop keeper,Human,Museum Camp
317,3572,0.99595034,Banker,Human,Tutorial Island,Shop keeper,Human,Museum Camp
287,3572,0.99595034,Banker,Human,Bank,Shop keeper,Human,Museum Camp
293,3572,0.99595034,Banker,Werewolf,Canifis,Shop keeper,Human,Museum Camp
1913,2763,0.99593705,Head Mourner,Elf,West Ardougne,Mourner,Elf,Mourner Tunnels
2339,4416,0.9959315,Larry,Human,Falador,Zembo,Human,"Musa Point, Karamja"
716,2339,0.9959315,Charles,Human,Port Piscarilius,Larry,Human,Falador
2069,2620,0.99591637,Ironman tutor,Human,Tutorial Island,Mazion,Human,Entrana sandpit
1559,2552,0.9959139,Gary,Human,Varrock,Man,Human,Catacombs of Kourend
1559,2553,0.9959139,Gary,Human,Varrock,Man,Human,Hosidius vinery
362,1915,0.9959119,Bartender,Human,Port Sarim,Head Servant,Human,? (edit)
1915,3725,0.9959119,Head Servant,Human,? (edit),Soldier,Human,Death Plateau (south)
876,1915,0.9959119,Crafting tutor,Human,Lumbridge Castle,Head Servant,Human,? (edit)
173,4095,0.9958985,Archeio,Citizen of Arceuus,Arceuus Library,Tyss,Citizen of Arceuus,Great Kourend
2869,4095,0.9958985,Novice,Citizen of Arceuus,Arceuus church,Tyss,Citizen of Arceuus,Great Kourend
1139,3128,0.9958964,Edmond,Human,East Ardougne,Priest,Human,West Ardougne
286,3572,0.99589145,Bank guard,Human,Draynor Village,Shop keeper,Human,Museum Camp
312,3783,0.9958911,Banker,Human,Shayzien,Squire (Intermediate),Human,Void Knight Outpost boat
517,857,0.9958856,Brian,Human,Port Sarim,Council workman,Human,Bridge leading to Rellekka
604,605,0.9958848,Capt' Arnav,Human,Random,Capt' Arnav,Human,Al Kharid
1643,2531,0.99588126,Gillie Groats,Human,"Eastern Lumbridge cow pen, near the Al Kharid toll gate.",Maid,Human,Player-owned house or Servants' Guild
1885,1915,0.9958554,Hans,Human,Lumbridge,Head Servant,Human,? (edit)
1324,1915,0.9958552,Farmer,Human,Groats' farm,Head Servant,Human,? (edit)
842,3572,0.99584794,Cooky Weasel,Human,Rabbit Hole,Shop keeper,Human,Museum Camp
699,2042,0.99584746,Celegorm,Elf,Prifddinas,Imin,Elf,Prifddinas
1548,2345,0.995843,Gardener,Gnome,No,Latlink Fastbell,Gnome,Farming Guild
1351,1548,0.995843,Felfiz Yaryus,Gnome,Farming Guild,Gardener,Gnome,No
483,1548,0.995843,Bolongo,Gnome,Tree Gnome Stronghold,Gardener,Gnome,No
1504,1548,0.995843,Frizzy Skernip,Gnome,Port Sarim,Gardener,Gnome,No
1548,2326,0.995843,Gardener,Gnome,No,Lammy Langle,Gnome,Hosidius
1548,3142,0.995843,Gardener,Gnome,No,Prissy Scilla,Gnome,Tree Gnome Stronghold
1548,4396,0.995843,Gardener,Gnome,No,Yulf Squecks,Gnome,Etceteria
1548,3118,0.99584293,Gardener,Gnome,No,Praistan Ebola,Gnome,Brimhaven
1321,3957,0.99583954,Farmer,Human,Hosidius,Thomas,Human,West of the Champions' Guild
318,3928,0.9958383,Banker,Human,Varrock,The 'Wedge',Human,Camelot
318,2578,0.9958383,Banker,Human,Varrock,Mark,Human,Port Piscarilius
318,3700,0.9958383,Banker,Human,Varrock,Smithing apprentice,Human,Lumbridge
318,3997,0.9958383,Banker,Human,Varrock,Toby,Human,Varrock
318,1715,0.9958383,Banker,Human,Varrock,Grand Exchange Clerk,Human,Grand Exchange
318,1078,0.9958383,Banker,Human,Varrock,Drunken soldier,Human,The Cloak and Stagger
318,2980,0.9958383,Banker,Human,Varrock,Panning guide,Human,Digsite
1975,4013,0.99583256,Honour guard,Human,Neitiznot gates,Torfinn,Human,Rellekka
228,304,0.9958238,Assistant,Dwarf,Keldagrim Library,Banker,Dwarf,Keldagrim
146,228,0.9958238,Anleif,Dwarf,Keldagrim Rat Pits,Assistant,Dwarf,Keldagrim Library
228,4378,0.9958232,Assistant,Dwarf,Keldagrim Library,Yellow Fortune Secretary,Dwarf,Keldagrim
385,1901,0.99581563,Bedabin Nomad Guard,Human,Bedabin Camp,Hassan,Human,Al Kharid
1255,4303,0.9958046,epic mager34,Human,Lumbridge watermill,Wistan,Human,Burthorpe
831,4303,0.99580073,Conrad King,Human,Port Piscarilius,Wistan,Human,Burthorpe
122,1805,0.99578166,Amergin,Human,East of the Chaos Druid Tower,Guardian of Armadyl,Human,McGrubor's Wood
580,1805,0.99578166,Cabin Boy Percy,Human,,Guardian of Armadyl,Human,McGrubor's Wood
3273,4013,0.9957653,Reinn,Human,Sunset Coast,Torfinn,Human,Rellekka
1559,1860,0.9957492,Gary,Human,Varrock,Hairdresser,Human,Falador
553,3118,0.9957361,Bunkdo,Gnome,Ape Atoll,Praistan Ebola,Gnome,Brimhaven
553,3142,0.99573606,Bunkdo,Gnome,Ape Atoll,Prissy Scilla,Gnome,Tree Gnome Stronghold
553,1504,0.99573606,Bunkdo,Gnome,Ape Atoll,Frizzy Skernip,Gnome,Port Sarim
553,4396,0.99573606,Bunkdo,Gnome,Ape Atoll,Yulf Squecks,Gnome,Etceteria
553,1351,0.99573606,Bunkdo,Gnome,Ape Atoll,Felfiz Yaryus,Gnome,Farming Guild
553,2326,0.99573606,Bunkdo,Gnome,Ape Atoll,Lammy Langle,Gnome,Hosidius
553,2345,0.99573606,Bunkdo,Gnome,Ape Atoll,Latlink Fastbell,Gnome,Farming Guild
483,553,0.99573606,Bolongo,Gnome,Tree Gnome Stronghold,Bunkdo,Gnome,Ape Atoll
1860,2385,0.99572325,Hairdresser,Human,Falador,Lesser Fanatic,Human,Edgeville
3360,3361,0.9957179,Rug Merchant,Human,Shantay Pass,Rug Station Attendant,Human,Menaphos
640,1641,0.9956962,Captain Rovin,Human,Varrock Palace,Giles,Human,Anywhere random events can occur
1096,3835,0.99569416,Dumpy,Dwarf,Blast Furnace,Stumpy,Dwarf,Blast Furnace
3428,3429,0.9956925,Sarah,Human,South Falador Farm,Sarah,Human,South Falador Farm
635,649,0.99569154,Captain Ninto,Gnome,White Wolf Tunnel,Captain Wimto,Gnome,? (edit)
630,3111,0.99569154,Captain Lamdoo,Gnome,Depends on your location,Portobello,Gnome,
623,3111,0.99569154,Captain Errdo,Gnome,Grand Tree,Portobello,Gnome,
617,649,0.99569154,Captain Daerkin,Gnome,Emir's Arena,Captain Wimto,Gnome,? (edit)
618,3111,0.99569154,Captain Dalbur,Gnome,Al Kharid,Portobello,Gnome,
623,649,0.99569154,Captain Errdo,Gnome,Grand Tree,Captain Wimto,Gnome,? (edit)
617,3111,0.99569154,Captain Daerkin,Gnome,Emir's Arena,Portobello,Gnome,
618,649,0.99569154,Captain Dalbur,Gnome,Al Kharid,Captain Wimto,Gnome,? (edit)
635,3111,0.99569154,Captain Ninto,Gnome,White Wolf Tunnel,Portobello,Gnome,
643,3111,0.99569154,Captain Shoracks,Gnome,Ape Atoll,Portobello,Gnome,
643,649,0.99569154,Captain Shoracks,Gnome,Ape Atoll,Captain Wimto,Gnome,? (edit)
629,649,0.99569154,Captain Klemfoodle,Gnome,Karamja,Captain Wimto,Gnome,? (edit)
629,3111,0.99569154,Captain Klemfoodle,Gnome,Karamja,Portobello,Gnome,
630,649,0.99569154,Captain Lamdoo,Gnome,Depends on your location,Captain Wimto,Gnome,? (edit)
842,3573,0.99568486,Cooky Weasel,Human,Rabbit Hole,Shop keeper,Human,Lumbridge
113,1843,0.99568397,Alwyn,Elf,Prifddinas,Gwallter,Elf,Prifddinas
1210,2029,0.9956777,Elsie,Human,Varrock,Iffie,Human,Varrock
1381,2407,0.99565923,Finarfin,Elf,Grand Library,Lindir,Elf,Prifddinas
746,747,0.9956571,Child,,Aldarin,Child,,Auburnvale
746,3998,0.9956571,Child,,Aldarin,Toch,Human,Auburn Valley
529,2069,0.99565184,Brother Cedric,Human,East Ardougne,Ironman tutor,Human,Tutorial Island
534,2069,0.99565184,Brother Omad,Human,Monastery south of Ardougne,Ironman tutor,Human,Tutorial Island
2069,2718,0.99565184,Ironman tutor,Human,Tutorial Island,Monk,Human,Lumbridge Swamp
690,2069,0.99565184,Cave monk,Human,Entrana,Ironman tutor,Human,Tutorial Island
532,2069,0.99565184,Brother Kojo,Human,"The Clock Tower , south of Ardougne",Ironman tutor,Human,Tutorial Island
1344,2069,0.99565184,Father Lawrence,Human,Varrock church,Ironman tutor,Human,Tutorial Island
1658,4249,0.99562585,Gnome,Gnome,Taverley,Waymottin,Gnome,Ape Atoll Dungeon
554,1673,0.99562585,Bunkwicket,Gnome,Ape Atoll Dungeon,Gnome trainer,Gnome,Tree Gnome Stronghold
1673,4249,0.99562585,Gnome trainer,Gnome,Tree Gnome Stronghold,Waymottin,Gnome,Ape Atoll Dungeon
554,1658,0.99562585,Bunkwicket,Gnome,Ape Atoll Dungeon,Gnome,Gnome,Taverley
911,1468,0.995615,D3ad1i F15her,Human,The Node,Forester (hard),Human,Paterdomus
911,2102,0.995615,D3ad1i F15her,Human,The Node,James,Human,Grand Exchange entrance
857,3575,0.9956104,Council workman,Human,Bridge leading to Rellekka,Shop keeper,Human,Port Khazard
857,2244,0.9956104,Council workman,Human,Bridge leading to Rellekka,Khazard Barman,Human,South-western corner of the Fight Arena
857,1863,0.9956104,Council workman,Human,Bridge leading to Rellekka,Hajedy,Human,Brimhaven
529,1559,0.99560463,Brother Cedric,Human,East Ardougne,Gary,Human,Varrock
1344,1559,0.99560463,Father Lawrence,Human,Varrock church,Gary,Human,Varrock
534,1559,0.99560463,Brother Omad,Human,Monastery south of Ardougne,Gary,Human,Varrock
690,1559,0.99560463,Cave monk,Human,Entrana,Gary,Human,Varrock
532,1559,0.99560463,Brother Kojo,Human,"The Clock Tower , south of Ardougne",Gary,Human,Varrock
1559,2718,0.99560463,Gary,Human,Varrock,Monk,Human,Lumbridge Swamp
1526,2562,0.99558586,Fur trader,Human,Rellekka marketplace,Manni the Reveller,Human,Rellekka Longhall Bar
1738,2562,0.99558586,Greengrocer,Human,Miscellania Market,Manni the Reveller,Human,Rellekka Longhall Bar
370,1138,0.9955856,Bartender,Human,The Warrens,Ed Wood,Human,Digsite
2972,2973,0.99558526,Oziach,Human,South of the Edgeville Monastery,Oziach,Human,Blue Moon Inn
2971,2972,0.99558526,Oziach,Human,North-west Edgeville,Oziach,Human,South of the Edgeville Monastery
3107,3556,0.9955777,Port worker,Human,Port Piscarilius,Shipyard worker,,Ship Yard
1300,2275,0.995572,Factory Worker,Dwarf,Blast Furnace,Klank,Dwarf,Underground Pass
1915,1950,0.99555695,Head Servant,Human,? (edit),Hewey,Human,Lumbridge Swamp
2009,3812,0.99555457,Hutza,Human,Villa Lucens,Stradius,Human,Villa Lucens
801,2009,0.9955545,Clodius,Human,Villa Lucens,Hutza,Human,Villa Lucens
3563,3882,0.99555224,Shop assistant,Human,Musa Point,Tanner,Human,Crafting Guild
3096,3965,0.99551505,Pontak,Human,Rellekka,Thorodin,Human,Rellekka
3673,3965,0.99551505,Skuli Myrka,Human,Jatizso,Thorodin,Human,Rellekka
3096,3968,0.99551505,Pontak,Human,Rellekka,Thorvald the Warrior,Human,Rellekka
3673,3968,0.99551505,Skuli Myrka,Human,Jatizso,Thorvald the Warrior,Human,Rellekka
1165,1664,0.9955082,Elder Gnome child,Gnome,Tree Gnome Stronghold,Gnome child,Gnome,Falador Party Room
556,1149,0.99549735,Bunny Man,Human,2019 Easter event,Egg,Rabbit,Al Kharid
1036,1037,0.9954953,Doris,Human,Edgeville,Doris,Human,Blue Moon Inn
1797,2009,0.9954653,Guard,Human,The Teomat,Hutza,Human,Villa Lucens
1025,3197,0.9954646,Donie,Human,In and around Lumbridge,Rachael,Human,Burthorpe Games Room
2460,3197,0.9954646,Lorelai,Human,"Warriors' Guild , basement",Rachael,Human,Burthorpe Games Room
1026,3197,0.9954646,Donie,Human,North-east of Lumbridge General Store,Rachael,Human,Burthorpe Games Room
1642,3197,0.9954646,Gileth,Human,Tree Gnome Village,Rachael,Human,Burthorpe Games Room
106,3197,0.9954646,Alrena,Human,East Ardougne,Rachael,Human,Burthorpe Games Room
2161,2218,0.9954592,Jorra,Dwarf ( Imcando-descendant ),Lovakengj Assembly,Kaston,Dwarf,Shayzien
1836,2218,0.9954592,Gunslik,Dwarf,Western Keldagrim,Kaston,Dwarf,Shayzien
2218,3309,0.9954592,Kaston,Dwarf,Shayzien,Riki the sculptor's model,Dwarf,Keldagrim
517,1641,0.9954528,Brian,Human,Port Sarim,Giles,Human,Anywhere random events can occur
305,310,0.9954268,Banker,Elf,Lletya,Banker,Elf,Prifddinas
2875,3852,0.995422,Nurse Boubou,Human,Shayzien Encampment,Surgeon General Tafani,Human,Emir's Arena
3401,3475,0.9954205,Salvager,Human,Salvager Overlook,Sebamo,Human,Auburnvale
405,1522,0.995403,Bentamir,Dwarf,Keldagrim,Fullangr,Dwarf,Miscellania and Etceteria Dungeon
1116,1522,0.9954027,Dwarven Miner,Dwarf,Keldagrim,Fullangr,Dwarf,Miscellania and Etceteria Dungeon
243,1522,0.9954027,Audmann,Dwarf,Keldagrim,Fullangr,Dwarf,Miscellania and Etceteria Dungeon
21,1930,0.9953909,Academic,Human,Grand Museum,Helvia,Human,Sunrise Palace
172,289,0.99538696,arc_test_01,Citizen of Arceuus,,Banker,Citizen of Arceuus,Arceuus
1810,3244,0.9953856,Guidor,Human,Varrock,Recruiter,Human,West Ardougne
2207,3497,0.9953815,Karaday,Human,Tai Bwo Wannai,Sergeant Tobyn,Human,Varrock Square
738,2373,0.9953812,Chet,Tortugan,Coral Nurseries,Leff,Tortugan,The Summer Shore
1837,2373,0.9953812,Guppa,Tortugan,The Summer Shore,Leff,Tortugan,The Summer Shore
3221,3448,0.99538004,Rantz,Ogre,Feldip Hills,Scarg,Ogre,Chompy Marsh
3221,4116,0.99538004,Rantz,Ogre,Feldip Hills,Uglug Nar,Ogre,Jiggig
1552,3221,0.99538004,Gargh,Ogre,South of Castle Wars,Rantz,Ogre,Feldip Hills
1758,3221,0.99538004,Gruh,Ogre,South of Castle Wars,Rantz,Ogre,Feldip Hills
1762,3221,0.99538004,Grunsh,Ogre,Red Axe base,Rantz,Ogre,Feldip Hills
2910,3221,0.99538004,Ogre trader,Ogre,Gu'Tanoth,Rantz,Ogre,Feldip Hills
2911,3221,0.99538004,Ogre trader,Ogre,Gu'Tanoth,Rantz,Ogre,Feldip Hills
2908,3221,0.99538004,Ogre merchant,Ogre,Gu'Tanoth,Rantz,Ogre,Feldip Hills
1757,3221,0.99538004,Grug,Ogre,Jiggig,Rantz,Ogre,Feldip Hills
1915,2086,0.9953748,Head Servant,Human,? (edit),Jack,Human,Myths' Guild
1201,3277,0.99537,Elkoy,Gnome,Tree Gnome Village Maze entrance,Remsai,Gnome,Tree Gnome Village
1586,2251,0.9953674,Generous Treater,Human,Varrock,Killer,Human,Mansion in a faraway island.
2185,3595,0.9953588,Justin Servil,Human,Fight Arena,Siegfried Erkle,Human,2 nd floor [ UK ] 3 rd floor [ US ] of Legends' Guild (west side)
1525,2185,0.9953588,Fur trader,Human,East Ardougne,Justin Servil,Human,Fight Arena
1966,2185,0.9953588,Hiylik Myna,Human,Paterdomus,Justin Servil,Human,Fight Arena
2185,3906,0.9953588,Justin Servil,Human,Fight Arena,Ted Rehnison,Human,West Ardougne
1592,2185,0.9953588,Gerald,Human,South of Baxtorian Falls,Justin Servil,Human,Fight Arena
2223,4145,0.99534667,Kazemde,Human,Nardah,Usi,Human,Nardah
1988,2716,0.9953212,Horvik,Human,"Varrock , East Anvils",Monk,Human,Entrana
531,1988,0.9953212,Brother Jered,Human,Edgeville Monastery,Horvik,Human,"Varrock , East Anvils"
1715,3299,0.9953018,Grand Exchange Clerk,Human,Grand Exchange,Richard,Human,Hosidius
3299,3997,0.9953018,Richard,Human,Hosidius,Toby,Human,Varrock
3299,3928,0.9953018,Richard,Human,Hosidius,The 'Wedge',Human,Camelot
3299,3700,0.9953018,Richard,Human,Hosidius,Smithing apprentice,Human,Lumbridge
2578,3299,0.9953018,Mark,Human,Port Piscarilius,Richard,Human,Hosidius
1078,3299,0.9953018,Drunken soldier,Human,The Cloak and Stagger,Richard,Human,Hosidius
2980,3299,0.9953017,Panning guide,Human,Digsite,Richard,Human,Hosidius
937,1257,0.99529344,Darren,Human,East of the Wilderness Agility Course,Erasmus,Human,Lumbridge
53,3968,0.9952924,Agnar,Human,Rellekka,Thorvald the Warrior,Human,Rellekka
53,3965,0.9952924,Agnar,Human,Rellekka,Thorodin,Human,Rellekka
1582,3870,0.9952783,General Vir,Human,Battlefront,Swensen the Navigator,Human,Rellekka
2832,3547,0.9952761,Nezketi,Human,Tal Teklan,Shipwright Silas,Human,Aldarin
2755,2874,0.9952626,Mountain Dwarf,Dwarf,Near White Wolf Mountain,Nurmof,Dwarf,Dwarven Mines
1732,2874,0.9952626,Green Gemstone Secretary,Dwarf,Keldagrim,Nurmof,Dwarf,Dwarven Mines
2874,3962,0.9952626,Nurmof,Dwarf,Dwarven Mines,Thorgel,Dwarf,Temple of Light
1879,2874,0.9952626,Hammerspike Stoutbeard,Dwarf,Dwarven Mines,Nurmof,Dwarf,Dwarven Mines
1114,2874,0.9952626,Dwarven Engineer,Dwarf,Keldagrim,Nurmof,Dwarf,Dwarven Mines
247,2874,0.9952626,Austri,Dwarf,Taverley,Nurmof,Dwarf,Dwarven Mines
1113,2874,0.9952626,Dwarven Boatman,Dwarf,Keldagrim south-west mine,Nurmof,Dwarf,Dwarven Mines
2754,2874,0.9952626,Mountain Dwarf,Dwarf,Lumbridge dining hall,Nurmof,Dwarf,Dwarven Mines
2480,2874,0.9952626,Lovakengj Engineer,Dwarf,Battlefront,Nurmof,Dwarf,Dwarven Mines
1065,2874,0.9952626,Drogo dwarf,Dwarf,Dwarven Mine,Nurmof,Dwarf,Dwarven Mines
787,3566,0.9952555,Civilian,Human,West Ardougne,Shop assistant,Human,Varrock
1270,1271,0.9952532,Estate agent,Human,"Varrock , Falador , Seers' Village , Ardougne , Hosidius",Estate agent,Human,South of the Edgeville Monastery
2675,4150,0.9952376,Mine supervisor,Dwarf ( Imcando-descendant ),"Lovakite mine , Great Kourend",Vaeringk,Dwarf,Keldagrim
1113,1836,0.99523485,Dwarven Boatman,Dwarf,Keldagrim south-west mine,Gunslik,Dwarf,Western Keldagrim
1836,3962,0.99523485,Gunslik,Dwarf,Western Keldagrim,Thorgel,Dwarf,Temple of Light
1113,2161,0.99523485,Dwarven Boatman,Dwarf,Keldagrim south-west mine,Jorra,Dwarf ( Imcando-descendant ),Lovakengj Assembly
1113,3309,0.99523485,Dwarven Boatman,Dwarf,Keldagrim south-west mine,Riki the sculptor's model,Dwarf,Keldagrim
2161,2480,0.99523485,Jorra,Dwarf ( Imcando-descendant ),Lovakengj Assembly,Lovakengj Engineer,Dwarf,Battlefront
2161,2755,0.99523485,Jorra,Dwarf ( Imcando-descendant ),Lovakengj Assembly,Mountain Dwarf,Dwarf,Near White Wolf Mountain
1114,1836,0.99523485,Dwarven Engineer,Dwarf,Keldagrim,Gunslik,Dwarf,Western Keldagrim
1732,2161,0.99523485,Green Gemstone Secretary,Dwarf,Keldagrim,Jorra,Dwarf ( Imcando-descendant ),Lovakengj Assembly
247,1836,0.99523485,Austri,Dwarf,Taverley,Gunslik,Dwarf,Western Keldagrim
2480,3309,0.99523485,Lovakengj Engineer,Dwarf,Battlefront,Riki the sculptor's model,Dwarf,Keldagrim
3309,3962,0.99523485,Riki the sculptor's model,Dwarf,Keldagrim,Thorgel,Dwarf,Temple of Light
1732,3309,0.99523485,Green Gemstone Secretary,Dwarf,Keldagrim,Riki the sculptor's model,Dwarf,Keldagrim
2754,3309,0.99523485,Mountain Dwarf,Dwarf,Lumbridge dining hall,Riki the sculptor's model,Dwarf,Keldagrim
2755,3309,0.99523485,Mountain Dwarf,Dwarf,Near White Wolf Mountain,Riki the sculptor's model,Dwarf,Keldagrim
1732,1836,0.99523485,Green Gemstone Secretary,Dwarf,Keldagrim,Gunslik,Dwarf,Western Keldagrim
1065,1836,0.99523485,Drogo dwarf,Dwarf,Dwarven Mine,Gunslik,Dwarf,Western Keldagrim
247,3309,0.99523485,Austri,Dwarf,Taverley,Riki the sculptor's model,Dwarf,Keldagrim
1879,2161,0.99523485,Hammerspike Stoutbeard,Dwarf,Dwarven Mines,Jorra,Dwarf ( Imcando-descendant ),Lovakengj Assembly
2161,2754,0.99523485,Jorra,Dwarf ( Imcando-descendant ),Lovakengj Assembly,Mountain Dwarf,Dwarf,Lumbridge dining hall
1065,2161,0.99523485,Drogo dwarf,Dwarf,Dwarven Mine,Jorra,Dwarf ( Imcando-descendant ),Lovakengj Assembly
1065,3309,0.99523485,Drogo dwarf,Dwarf,Dwarven Mine,Riki the sculptor's model,Dwarf,Keldagrim
247,2161,0.99523485,Austri,Dwarf,Taverley,Jorra,Dwarf ( Imcando-descendant ),Lovakengj Assembly
1879,3309,0.99523485,Hammerspike Stoutbeard,Dwarf,Dwarven Mines,Riki the sculptor's model,Dwarf,Keldagrim
1114,3309,0.99523485,Dwarven Engineer,Dwarf,Keldagrim,Riki the sculptor's model,Dwarf,Keldagrim
1836,2480,0.99523485,Gunslik,Dwarf,Western Keldagrim,Lovakengj Engineer,Dwarf,Battlefront
1114,2161,0.99523485,Dwarven Engineer,Dwarf,Keldagrim,Jorra,Dwarf ( Imcando-descendant ),Lovakengj Assembly
1836,2754,0.99523485,Gunslik,Dwarf,Western Keldagrim,Mountain Dwarf,Dwarf,Lumbridge dining hall
1836,2755,0.99523485,Gunslik,Dwarf,Western Keldagrim,Mountain Dwarf,Dwarf,Near White Wolf Mountain
2161,3962,0.99523485,Jorra,Dwarf ( Imcando-descendant ),Lovakengj Assembly,Thorgel,Dwarf,Temple of Light
1836,1879,0.99523485,Gunslik,Dwarf,Western Keldagrim,Hammerspike Stoutbeard,Dwarf,Dwarven Mines
2340,3157,0.9952247,Larry,Human,Wilderness,Protester,Human,Varrock
3157,3860,0.9952247,Protester,Human,Varrock,Svidi,Human,East of Rellekka
707,3157,0.9952247,Chadwell,Human,West Ardougne,Protester,Human,Varrock
2714,3157,0.9952247,Monk,Human,Varrock,Protester,Human,Varrock
3157,3515,0.9952247,Protester,Human,Varrock,Shantay Guard,Human,Ruins of Unkah
3157,4094,0.9952247,Protester,Human,Varrock,Tyras guard,Human,Tyras Camp
3157,3532,0.9952247,Protester,Human,Varrock,Sherpa,Human,? (edit)
1060,3157,0.9952247,Drezel,Human,Paterdomus,Protester,Human,Varrock
3157,4128,0.9952247,Protester,Human,Varrock,Unferth,Human,Burthorpe
1163,3157,0.9952247,Elder Chaos druid,Human,Chaos Temple,Protester,Human,Varrock
527,3157,0.9952247,Brother Althric,Human,Edgeville Monastery,Protester,Human,Varrock
1934,3157,0.9952247,Hengrad,Human,Fight Arena,Protester,Human,Varrock
1140,3157,0.9952246,Edmond,Human,Bandit camp mine,Protester,Human,Varrock
730,794,0.9952185,Checkal,Human,Barbarian Village,Cleaner,Human,Varrock
798,1559,0.9952178,Clerk,Human,Clan Hub,Gary,Human,Varrock
2449,3563,0.99521625,Lord Daquarius,Human,Taverley Dungeon,Shop assistant,Human,Musa Point
56,2651,0.99520266,Aisles,Human,Tai Bwo Wannai,Meskhenet,Human,Nardah
3299,3572,0.9952016,Richard,Human,Hosidius,Shop keeper,Human,Museum Camp
2116,2878,0.9951912,Jeed,Human,Emir's Arena,Nurse Sarah,Human,West Ardougne
2923,4235,0.99518764,Old Man Yarlo,Human,Varrock,Wally,Human,Varrock
167,2086,0.9951838,Apprentice workman,Human,Falador,Jack,Human,Myths' Guild
2433,4075,0.9951833,Logios,Citizen of Arceuus,Library Historical Archive,Trossa,Citizen of Arceuus,North of Arceuus
800,1376,0.99517787,Clerris,Citizen of Arceuus,Dense runestone mine,Filamina,Citizen of Arceuus,Arceuus
132,181,0.99514556,Anaire,Elf,Prifddinas,Aredhel,Elf,Prifddinas
946,2367,0.9951343,Davey,Human,Braindeath Island,'Lecherous' Lee,Human,Pirates' Cove
276,554,0.9951279,Ball boy,Gnome,"Al Kharid , Brimhaven , Catherby beach",Bunkwicket,Gnome,Ape Atoll Dungeon
276,4249,0.9951279,Ball boy,Gnome,"Al Kharid , Brimhaven , Catherby beach",Waymottin,Gnome,Ape Atoll Dungeon
858,1860,0.9951195,Councillor Andrews,Human,Kourend Castle,Hairdresser,Human,Falador
624,1580,0.99511003,Captain Ginea,Human,Shayzien Encampment,General Kilian,Human,Shayzien
1771,3726,0.9950987,Guard,Human,Varrock,Soldier,Human,Northern Ocean
1768,1771,0.9950987,Guard,Human,Varrock Palace,Guard,Human,Varrock
429,1860,0.9950925,Billy Rehnison,Human,West Ardougne,Hairdresser,Human,Falador
1860,3177,0.9950925,Hairdresser,Human,Falador,Quartermaster,Human,Tyras Camp
2371,3648,0.99507564,Leela,Human,Hosidius,Siren,,
714,4355,0.9950582,Chancy,Human,Rimmington,Wydin,Human,
714,4354,0.9950582,Chancy,Human,Rimmington,Wydin,Human,Port Sarim
2371,2600,0.99505776,Leela,Human,Hosidius,Mary,Human,Sinclair Mansion
2219,2669,0.99504894,Kathy Corkat,Human,West of Tree Gnome Stronghold,Millie Miller,Human,Mill Lane Mill
56,3560,0.995046,Aisles,Human,Tai Bwo Wannai,Shop assistant,Human,Edgeville
429,798,0.9950406,Billy Rehnison,Human,West Ardougne,Clerk,Human,Clan Hub
798,3177,0.9950406,Clerk,Human,Clan Hub,Quartermaster,Human,Tyras Camp
850,918,0.9950371,Cornelius,Human,Burgh de Rott,Dalcian Fang (easy),Human,Burgh de Rott
798,858,0.99498725,Clerk,Human,Clan Hub,Councillor Andrews,Human,Kourend Castle
831,838,0.9949863,Conrad King,Human,Port Piscarilius,Cook,Human,Jolly Boar Inn
2943,4054,0.99498105,Orlando Smith,Human,Varrock Museum,Travelling merchant,Human,Al Kharid
2354,4054,0.99498105,Lead Navigator,Human,Digsite,Travelling merchant,Human,Al Kharid
145,231,0.99496806,Anita,Gnome,Tree Gnome Stronghold,Assistant Lori,Gnome,Grand Tree
26,4362,0.994954,Achilka,Human,Tlati Rainforest,Xilo,Human,Tlati Rainforest
2553,2620,0.9949459,Man,Human,Hosidius vinery,Mazion,Human,Entrana sandpit
2552,2620,0.9949459,Man,Human,Catacombs of Kourend,Mazion,Human,Entrana sandpit
800,2076,0.99493694,Clerris,Citizen of Arceuus,Dense runestone mine,Istoria,Citizen of Arceuus,Library Historical Archive
190,800,0.99493694,Aretha,Citizen of Arceuus,Soul Altar,Clerris,Citizen of Arceuus,Dense runestone mine
800,2405,0.99493694,Clerris,Citizen of Arceuus,Dense runestone mine,Lillia,Citizen of Arceuus,Catacombs of Kourend
800,4205,0.99493694,Clerris,Citizen of Arceuus,Dense runestone mine,Villia,Citizen of Arceuus,Arceuus Library
435,1035,0.99493253,Black Guard,Dwarf,Keldagrim,Doric,Dwarf,North of Falador
1531,4396,0.9949287,G.L.O. Caranock,Gnome,Karamja Shipyard,Yulf Squecks,Gnome,Etceteria
4033,4396,0.9949287,Tracker gnome 2,Gnome,Battlefield,Yulf Squecks,Gnome,Etceteria
4032,4396,0.9949287,Tracker gnome 1,Gnome,Battlefield,Yulf Squecks,Gnome,Etceteria
3118,4032,0.9949285,Praistan Ebola,Gnome,Brimhaven,Tracker gnome 1,Gnome,Battlefield
3142,4032,0.9949285,Prissy Scilla,Gnome,Tree Gnome Stronghold,Tracker gnome 1,Gnome,Battlefield
1531,2326,0.9949285,G.L.O. Caranock,Gnome,Karamja Shipyard,Lammy Langle,Gnome,Hosidius
1504,1531,0.9949285,Frizzy Skernip,Gnome,Port Sarim,G.L.O. Caranock,Gnome,Karamja Shipyard
3118,4033,0.9949285,Praistan Ebola,Gnome,Brimhaven,Tracker gnome 2,Gnome,Battlefield
483,4033,0.9949285,Bolongo,Gnome,Tree Gnome Stronghold,Tracker gnome 2,Gnome,Battlefield
483,4032,0.9949285,Bolongo,Gnome,Tree Gnome Stronghold,Tracker gnome 1,Gnome,Battlefield
483,4034,0.9949285,Bolongo,Gnome,Tree Gnome Stronghold,Tracker gnome 3,Gnome,Battlefield
1504,4033,0.9949285,Frizzy Skernip,Gnome,Port Sarim,Tracker gnome 2,Gnome,Battlefield
1531,2345,0.9949285,G.L.O. Caranock,Gnome,Karamja Shipyard,Latlink Fastbell,Gnome,Farming Guild
1531,3142,0.9949285,G.L.O. Caranock,Gnome,Karamja Shipyard,Prissy Scilla,Gnome,Tree Gnome Stronghold
1531,3118,0.9949285,G.L.O. Caranock,Gnome,Karamja Shipyard,Praistan Ebola,Gnome,Brimhaven
3142,4034,0.9949285,Prissy Scilla,Gnome,Tree Gnome Stronghold,Tracker gnome 3,Gnome,Battlefield
3118,4034,0.9949285,Praistan Ebola,Gnome,Brimhaven,Tracker gnome 3,Gnome,Battlefield
3142,4033,0.9949285,Prissy Scilla,Gnome,Tree Gnome Stronghold,Tracker gnome 2,Gnome,Battlefield
4034,4396,0.9949285,Tracker gnome 3,Gnome,Battlefield,Yulf Squecks,Gnome,Etceteria
1351,4034,0.9949285,Felfiz Yaryus,Gnome,Farming Guild,Tracker gnome 3,Gnome,Battlefield
1351,4032,0.9949285,Felfiz Yaryus,Gnome,Farming Guild,Tracker gnome 1,Gnome,Battlefield
1504,4032,0.9949285,Frizzy Skernip,Gnome,Port Sarim,Tracker gnome 1,Gnome,Battlefield
2345,4033,0.9949285,Latlink Fastbell,Gnome,Farming Guild,Tracker gnome 2,Gnome,Battlefield
1504,4034,0.9949285,Frizzy Skernip,Gnome,Port Sarim,Tracker gnome 3,Gnome,Battlefield
2326,4034,0.9949285,Lammy Langle,Gnome,Hosidius,Tracker gnome 3,Gnome,Battlefield
1351,4033,0.9949285,Felfiz Yaryus,Gnome,Farming Guild,Tracker gnome 2,Gnome,Battlefield
2326,4032,0.9949285,Lammy Langle,Gnome,Hosidius,Tracker gnome 1,Gnome,Battlefield
483,1531,0.9949285,Bolongo,Gnome,Tree Gnome Stronghold,G.L.O. Caranock,Gnome,Karamja Shipyard
2326,4033,0.9949285,Lammy Langle,Gnome,Hosidius,Tracker gnome 2,Gnome,Battlefield
2345,4032,0.9949285,Latlink Fastbell,Gnome,Farming Guild,Tracker gnome 1,Gnome,Battlefield
2345,4034,0.9949285,Latlink Fastbell,Gnome,Farming Guild,Tracker gnome 3,Gnome,Battlefield
1351,1531,0.9949285,Felfiz Yaryus,Gnome,Farming Guild,G.L.O. Caranock,Gnome,Karamja Shipyard
491,4146,0.99492246,Boot,Dwarf,Dwarven Mines,Utrec,Dwarf,Mining Guild
2918,3612,0.99492025,Old dwarf,Dwarf ( Imcando-descendant ),Cliffs between the Lovakite mine and The Forsaken Tower,Silver Cog Director,Dwarf,Keldagrim
1023,4146,0.99491477,Donal,Dwarf,Miscellania and Etceteria Dungeon,Utrec,Dwarf,Mining Guild
312,4350,0.9949122,Banker,Human,Shayzien,Wounded soldier,Human,Infirmary
1112,2874,0.9949113,Dwarven Boatman,Dwarf,Keldagrim,Nurmof,Dwarf,Dwarven Mines
3724,4294,0.9949089,Soldier,,Chasm of Fire entrance,Winter Soldier,Human,Wintertodt Camp
2620,4025,0.9949087,Mazion,Human,Entrana sandpit,Tourist,,"Civitas illa Fortis , Aldarin"
169,1349,0.9949024,Aranwe,Elf,Prifddinas,Feanor,Elf,Prifddinas
2553,2578,0.9948938,Man,Human,Hosidius vinery,Mark,Human,Port Piscarilius
2553,2980,0.9948938,Man,Human,Hosidius vinery,Panning guide,Human,Digsite
2553,3700,0.9948938,Man,Human,Hosidius vinery,Smithing apprentice,Human,Lumbridge
2552,3700,0.9948938,Man,Human,Catacombs of Kourend,Smithing apprentice,Human,Lumbridge
1715,2552,0.9948938,Grand Exchange Clerk,Human,Grand Exchange,Man,Human,Catacombs of Kourend
1715,2553,0.9948938,Grand Exchange Clerk,Human,Grand Exchange,Man,Human,Hosidius vinery
2553,3928,0.9948938,Man,Human,Hosidius vinery,The 'Wedge',Human,Camelot
2553,3997,0.9948938,Man,Human,Hosidius vinery,Toby,Human,Varrock
2552,2578,0.9948938,Man,Human,Catacombs of Kourend,Mark,Human,Port Piscarilius
2552,3928,0.9948938,Man,Human,Catacombs of Kourend,The 'Wedge',Human,Camelot
2552,3997,0.9948938,Man,Human,Catacombs of Kourend,Toby,Human,Varrock
1078,2552,0.9948938,Drunken soldier,Human,The Cloak and Stagger,Man,Human,Catacombs of Kourend
1078,2553,0.9948938,Drunken soldier,Human,The Cloak and Stagger,Man,Human,Hosidius vinery
2552,2980,0.9948938,Man,Human,Catacombs of Kourend,Panning guide,Human,Digsite
838,1255,0.9948878,Cook,Human,Jolly Boar Inn,epic mager34,Human,Lumbridge watermill
1348,3346,0.99488497,Fayeth,Human,Lumbridge,Rosie,Human,Farming Guild
1005,2276,0.9948817,Dockmaster,Human,Port Piscarilius,Klarense,Human,Port Sarim
645,2276,0.9948817,Captain Tobias,Human,Port Sarim docks,Klarense,Human,Port Sarim
1107,4146,0.9948791,Dwarf,Dwarf,Dwarven Mine,Utrec,Dwarf,Mining Guild
714,2086,0.9948617,Chancy,Human,Rimmington,Jack,Human,Myths' Guild
3997,4025,0.99484956,Toby,Human,Varrock,Tourist,,"Civitas illa Fortis , Aldarin"
1715,4025,0.99484956,Grand Exchange Clerk,Human,Grand Exchange,Tourist,,"Civitas illa Fortis , Aldarin"
2578,4025,0.99484956,Mark,Human,Port Piscarilius,Tourist,,"Civitas illa Fortis , Aldarin"
3928,4025,0.99484956,The 'Wedge',Human,Camelot,Tourist,,"Civitas illa Fortis , Aldarin"
1078,4025,0.99484956,Drunken soldier,Human,The Cloak and Stagger,Tourist,,"Civitas illa Fortis , Aldarin"
2980,4025,0.99484956,Panning guide,Human,Digsite,Tourist,,"Civitas illa Fortis , Aldarin"
3700,4025,0.99484956,Smithing apprentice,Human,Lumbridge,Tourist,,"Civitas illa Fortis , Aldarin"
280,1768,0.9948494,Guard,Human,Varrock,Guard,Human,Varrock Palace
280,3726,0.9948494,Guard,Human,Varrock,Soldier,Human,Northern Ocean
2787,2788,0.9948431,My Arm,Troll,Troll Stronghold,My Arm,Troll,Al Kharid
652,1659,0.9948423,Carado,Gnome,Ape Atoll,Gnome,Gnome,Mourner HQ Prison in West Ardougne
43,917,0.9948181,Afrah,Human,Emir's Arena,Dalal,Human,Emir's Arena
1261,2120,0.99480015,Eric,Human,Ruins of Uzer,Jennifer,Human,Ruins of Uzer
2666,3049,0.9947969,Miles,Human,Anywhere random events can occur,Phials,Human,Rimmington
1344,2552,0.99479103,Father Lawrence,Human,Varrock church,Man,Human,Catacombs of Kourend
532,2553,0.99479103,Brother Kojo,Human,"The Clock Tower , south of Ardougne",Man,Human,Hosidius vinery
534,2552,0.99479103,Brother Omad,Human,Monastery south of Ardougne,Man,Human,Catacombs of Kourend
534,2553,0.99479103,Brother Omad,Human,Monastery south of Ardougne,Man,Human,Hosidius vinery
1344,2553,0.99479103,Father Lawrence,Human,Varrock church,Man,Human,Hosidius vinery
2552,2718,0.99479103,Man,Human,Catacombs of Kourend,Monk,Human,Lumbridge Swamp
690,2553,0.99479103,Cave monk,Human,Entrana,Man,Human,Hosidius vinery
690,2552,0.99479103,Cave monk,Human,Entrana,Man,Human,Catacombs of Kourend
532,2552,0.99479103,Brother Kojo,Human,"The Clock Tower , south of Ardougne",Man,Human,Catacombs of Kourend
529,2553,0.99479103,Brother Cedric,Human,East Ardougne,Man,Human,Hosidius vinery
529,2552,0.99479103,Brother Cedric,Human,East Ardougne,Man,Human,Catacombs of Kourend
2553,2718,0.99479103,Man,Human,Hosidius vinery,Monk,Human,Lumbridge Swamp
190,1539,0.9947909,Aretha,Citizen of Arceuus,Soul Altar,Galana,Citizen of Arceuus,Arceuus Library
190,2741,0.9947909,Aretha,Citizen of Arceuus,Soul Altar,Mori,Citizen of Arceuus,Arceuus
1539,2076,0.9947909,Galana,Citizen of Arceuus,Arceuus Library,Istoria,Citizen of Arceuus,Library Historical Archive
1539,2405,0.9947909,Galana,Citizen of Arceuus,Arceuus Library,Lillia,Citizen of Arceuus,Catacombs of Kourend
1539,4205,0.9947909,Galana,Citizen of Arceuus,Arceuus Library,Villia,Citizen of Arceuus,Arceuus Library
2741,4205,0.9947909,Mori,Citizen of Arceuus,Arceuus,Villia,Citizen of Arceuus,Arceuus Library
2076,2741,0.9947909,Istoria,Citizen of Arceuus,Library Historical Archive,Mori,Citizen of Arceuus,Arceuus
2405,2741,0.9947909,Lillia,Citizen of Arceuus,Catacombs of Kourend,Mori,Citizen of Arceuus,Arceuus
1139,2818,0.9947781,Edmond,Human,East Ardougne,Neil,Human,Bandit Camp
1642,2310,0.99477196,Gileth,Human,Tree Gnome Village,Lacey,Human,Mansion in a faraway island.
737,1026,0.99477196,Cheryl,Human,Port Piscarilius,Donie,Human,North-east of Lumbridge General Store
106,3040,0.99477196,Alrena,Human,East Ardougne,Petra Fiyed,Human,Goblin Cave
2460,3040,0.99477196,Lorelai,Human,"Warriors' Guild , basement",Petra Fiyed,Human,Goblin Cave
1025,3040,0.99477196,Donie,Human,In and around Lumbridge,Petra Fiyed,Human,Goblin Cave
1026,3040,0.99477196,Donie,Human,North-east of Lumbridge General Store,Petra Fiyed,Human,Goblin Cave
106,737,0.99477196,Alrena,Human,East Ardougne,Cheryl,Human,Port Piscarilius
2310,2460,0.99477196,Lacey,Human,Mansion in a faraway island.,Lorelai,Human,"Warriors' Guild , basement"
737,1642,0.99477196,Cheryl,Human,Port Piscarilius,Gileth,Human,Tree Gnome Village
1642,3040,0.99477196,Gileth,Human,Tree Gnome Village,Petra Fiyed,Human,Goblin Cave
737,1025,0.99477196,Cheryl,Human,Port Piscarilius,Donie,Human,In and around Lumbridge
737,2460,0.99477196,Cheryl,Human,Port Piscarilius,Lorelai,Human,"Warriors' Guild , basement"
1025,2310,0.9947719,Donie,Human,In and around Lumbridge,Lacey,Human,Mansion in a faraway island.
1026,2310,0.9947719,Donie,Human,North-east of Lumbridge General Store,Lacey,Human,Mansion in a faraway island.
106,2310,0.9947719,Alrena,Human,East Ardougne,Lacey,Human,Mansion in a faraway island.
583,3954,0.99476963,Caerwyn,Elf,Prifddinas,Thingol,Elf,Prifddinas
2058,3613,0.9947557,Inn Keeper,Dwarf,Keldagrim - The King's Axe Inn,Silver Cog Secretary,Dwarf,Keldagrim
3004,4361,0.9947525,Peasant,Human,Fisher Realm,Xi_plzPetDogz_xiX,Human,South of Edgeville Monastery
2051,3429,0.9947499,Information clerk,Human,Varrock Museum,Sarah,Human,South Falador Farm
1940,3371,0.99474216,Hermit,Human,? (edit),Saba,Human,In a cave near the Death Plateau
690,4025,0.9947369,Cave monk,Human,Entrana,Tourist,,"Civitas illa Fortis , Aldarin"
532,4025,0.9947369,Brother Kojo,Human,"The Clock Tower , south of Ardougne",Tourist,,"Civitas illa Fortis , Aldarin"
534,4025,0.9947369,Brother Omad,Human,Monastery south of Ardougne,Tourist,,"Civitas illa Fortis , Aldarin"
1344,4025,0.9947369,Father Lawrence,Human,Varrock church,Tourist,,"Civitas illa Fortis , Aldarin"
529,4025,0.9947369,Brother Cedric,Human,East Ardougne,Tourist,,"Civitas illa Fortis , Aldarin"
2718,4025,0.9947369,Monk,Human,Lumbridge Swamp,Tourist,,"Civitas illa Fortis , Aldarin"
318,1860,0.99473464,Banker,Human,Varrock,Hairdresser,Human,Falador
362,714,0.99472415,Bartender,Human,Port Sarim,Chancy,Human,Rimmington
714,876,0.99472415,Chancy,Human,Rimmington,Crafting tutor,Human,Lumbridge Castle
714,3725,0.99472415,Chancy,Human,Rimmington,Soldier,Human,Death Plateau (south)
714,1950,0.9947132,Chancy,Human,Rimmington,Hewey,Human,Lumbridge Swamp
1286,4170,0.99470866,Evelot,Human,South of Tower of Life,Vannah,Human,Hosidius
2674,3391,0.99470365,Mine cart driver,Human,Desert Mining Camp,Sailor,Human,Red Rock
1444,3391,0.99470365,Flax keeper,Human,Seers' Village Flax Fields,Sailor,Human,Red Rock
3141,3391,0.99470365,Prisoner,Human,North Darkmeyer,Sailor,Human,Red Rock
1886,3391,0.99470365,Hans,Human,Al Kharid,Sailor,Human,Red Rock
935,3391,0.99470365,Darkmeyer Slave,Human,Hallowed Sepulchre,Sailor,Human,Red Rock
1038,3391,0.99470365,Doug Deeping,Human,Down the north-eastern borehole of the Digsite,Sailor,Human,Red Rock
468,3391,0.99470365,Boar31337Killer,Human,Southern Island of The Node,Sailor,Human,Red Rock
2705,2741,0.9946948,Mofina,Citizen of Arceuus,Lumbridge Castle,Mori,Citizen of Arceuus,Arceuus
1678,2741,0.9946948,Gnosi,Citizen of Arceuus,Mount Quidamortem,Mori,Citizen of Arceuus,Arceuus
1539,2434,0.9946948,Galana,Citizen of Arceuus,Arceuus Library,Logosia,Citizen of Arceuus,Arceuus Library
2039,2741,0.9946948,Imerominia,Citizen of Arceuus,Library Historical Archive,Mori,Citizen of Arceuus,Arceuus
2434,2741,0.9946948,Logosia,Citizen of Arceuus,Arceuus Library,Mori,Citizen of Arceuus,Arceuus
2704,2741,0.9946948,Mofina,Citizen of Arceuus,Arceuus church,Mori,Citizen of Arceuus,Arceuus
1539,1678,0.9946948,Galana,Citizen of Arceuus,Arceuus Library,Gnosi,Citizen of Arceuus,Mount Quidamortem
1539,2704,0.9946948,Galana,Citizen of Arceuus,Arceuus Library,Mofina,Citizen of Arceuus,Arceuus church
1539,2039,0.9946948,Galana,Citizen of Arceuus,Arceuus Library,Imerominia,Citizen of Arceuus,Library Historical Archive
1539,2705,0.9946948,Galana,Citizen of Arceuus,Arceuus Library,Mofina,Citizen of Arceuus,Lumbridge Castle
1202,2380,0.99469304,Elladan,Elf,Prifddinas,Lenwe,Elf,Prifddinas
342,1522,0.9946822,Barman,Dwarf,West Keldagrim,Fullangr,Dwarf,Miscellania and Etceteria Dungeon
167,935,0.99466187,Apprentice workman,Human,Falador,Darkmeyer Slave,Human,Hallowed Sepulchre
167,1038,0.99466187,Apprentice workman,Human,Falador,Doug Deeping,Human,Down the north-eastern borehole of the Digsite
167,468,0.99466187,Apprentice workman,Human,Falador,Boar31337Killer,Human,Southern Island of The Node
167,3141,0.99466187,Apprentice workman,Human,Falador,Prisoner,Human,North Darkmeyer
167,2674,0.99466187,Apprentice workman,Human,Falador,Mine cart driver,Human,Desert Mining Camp
167,1444,0.99466187,Apprentice workman,Human,Falador,Flax keeper,Human,Seers' Village Flax Fields
167,1886,0.99466187,Apprentice workman,Human,Falador,Hans,Human,Al Kharid
2038,2581,0.99466085,Ima,Human,Emir's Arena,Market seller,Human,Pollnivneach
1112,2161,0.9946508,Dwarven Boatman,Dwarf,Keldagrim,Jorra,Dwarf ( Imcando-descendant ),Lovakengj Assembly
1112,3309,0.9946508,Dwarven Boatman,Dwarf,Keldagrim,Riki the sculptor's model,Dwarf,Keldagrim
1112,1836,0.9946508,Dwarven Boatman,Dwarf,Keldagrim,Gunslik,Dwarf,Western Keldagrim
3572,3573,0.99463725,Shop keeper,Human,Museum Camp,Shop keeper,Human,Lumbridge
714,1885,0.9946363,Chancy,Human,Rimmington,Hans,Human,Lumbridge
714,1324,0.9946363,Chancy,Human,Rimmington,Farmer,Human,Groats' farm
318,798,0.9946301,Banker,Human,Varrock,Clerk,Human,Clan Hub
1078,2069,0.9946182,Drunken soldier,Human,The Cloak and Stagger,Ironman tutor,Human,Tutorial Island
2069,2980,0.9946182,Ironman tutor,Human,Tutorial Island,Panning guide,Human,Digsite
2069,2578,0.9946182,Ironman tutor,Human,Tutorial Island,Mark,Human,Port Piscarilius
2069,3700,0.9946182,Ironman tutor,Human,Tutorial Island,Smithing apprentice,Human,Lumbridge
1715,2069,0.9946182,Grand Exchange Clerk,Human,Grand Exchange,Ironman tutor,Human,Tutorial Island
2069,3928,0.9946182,Ironman tutor,Human,Tutorial Island,The 'Wedge',Human,Camelot
2069,3997,0.9946182,Ironman tutor,Human,Tutorial Island,Toby,Human,Varrock
350,1576,0.9946026,Bartender,Human,Blue Moon Inn,General Babacus,Human,Shayzien
350,1566,0.9946026,Bartender,Human,Blue Moon Inn,Gee,Human,Lumbridge
353,1855,0.9946026,Bartender,Human,Varrock,Hadley,Human,Tourist Information Centre
353,1566,0.9946026,Bartender,Human,Varrock,Gee,Human,Lumbridge
350,1855,0.9946026,Bartender,Human,Blue Moon Inn,Hadley,Human,Tourist Information Centre
350,1705,0.9946026,Bartender,Human,Blue Moon Inn,Gordon,Human,Farm south of Farming Guild
353,1705,0.9946026,Bartender,Human,Varrock,Gordon,Human,Farm south of Farming Guild
353,1576,0.9946026,Bartender,Human,Varrock,General Babacus,Human,Shayzien
103,3560,0.99460053,Almera,Human,Baxtorian Falls,Shop assistant,Human,Edgeville
1376,3973,0.9945923,Filamina,Citizen of Arceuus,Arceuus,Thyria,Citizen of Arceuus,Arceuus
80,2972,0.994564,Alfonse the waiter,Human,Brimhaven,Oziach,Human,South of the Edgeville Monastery
354,2972,0.994564,Bartender,Human,Varrock,Oziach,Human,South of the Edgeville Monastery
2208,3374,0.9945413,Karam,Gnome,Ape Atoll,Saboteur,Gnome,
158,3443,0.9945409,Antos,Human,Auburnvale,Sawmill Operator,Human,Auburnvale
158,180,0.9945409,Antos,Human,Auburnvale,Arcuani,Human,Tal Teklan
1860,2069,0.99453807,Hairdresser,Human,Falador,Ironman tutor,Human,Tutorial Island
345,1343,0.9945377,Barnabus Hurma,Human,Varrock Museum,Father Jean,Human,Hosidius
142,4188,0.9945219,Angel,Human,Rimmington,Veronica,Human,Draynor Manor
1860,4268,0.994519,Hairdresser,Human,Falador,Wesley,Human,Nardah
230,4249,0.9945124,Assistant Le Smith,Gnome,Tree Gnome Stronghold,Waymottin,Gnome,Ape Atoll Dungeon
230,554,0.9945124,Assistant Le Smith,Gnome,Tree Gnome Stronghold,Bunkwicket,Gnome,Ape Atoll Dungeon
944,2104,0.9945107,Dave,,Locus Oasis,Jane,,Locus Oasis
3728,3729,0.9945054,Soldier,Human,Shayzien,Soldier,Human,Lizardman Canyon
3729,3732,0.9945054,Soldier,Human,Lizardman Canyon,Soldier,Human,Shayzien
1915,3391,0.9944873,Head Servant,Human,? (edit),Sailor,Human,Red Rock
2872,3835,0.99444944,Numpty,Dwarf,Blast Furnace,Stumpy,Dwarf,Blast Furnace
3835,3970,0.99444944,Stumpy,Dwarf,Blast Furnace,Thumpy,Dwarf,Blast Furnace
167,3391,0.9944385,Apprentice workman,Human,Falador,Sailor,Human,Red Rock
2996,3428,0.9944263,Patty Seer,Human,Lumbridge Castle kitchen,Sarah,Human,South Falador Farm
1961,4188,0.994414,Hild,Human,Miscellania and Etceteria Dungeon,Veronica,Human,Draynor Manor
350,3037,0.9944098,Bartender,Human,Blue Moon Inn,Pete,Human,North of the Clock Tower
353,3037,0.9944098,Bartender,Human,Varrock,Pete,Human,North of the Clock Tower
782,3321,0.99440515,Citizen,Human,Necropolis,Robyn,Human,Shayzien
1257,3788,0.9944004,Erasmus,Human,Lumbridge,Squire,Human,Void Knights' Outpost
2575,3338,0.99439794,Marius,Human,Burgh de Rott,Rommik,Human,Rimmington
639,2575,0.99439794,Captain Rimor,Human,Mount Quidamortem,Marius,Human,Burgh de Rott
687,689,0.9943932,Cave goblin,Dorgeshuun,Dorgesh-Kaan–Keldagrim train system,Cave goblin worker,Dorgeshuun,Christmas Factory
1705,3906,0.99439263,Gordon,Human,Farm south of Farming Guild,Ted Rehnison,Human,West Ardougne
1705,3595,0.99439263,Gordon,Human,Farm south of Farming Guild,Siegfried Erkle,Human,2 nd floor [ UK ] 3 rd floor [ US ] of Legends' Guild (west side)
1705,1966,0.99439263,Gordon,Human,Farm south of Farming Guild,Hiylik Myna,Human,Paterdomus
1855,3906,0.99439263,Hadley,Human,Tourist Information Centre,Ted Rehnison,Human,West Ardougne
1855,3595,0.99439263,Hadley,Human,Tourist Information Centre,Siegfried Erkle,Human,2 nd floor [ UK ] 3 rd floor [ US ] of Legends' Guild (west side)
1566,3906,0.99439263,Gee,Human,Lumbridge,Ted Rehnison,Human,West Ardougne
1566,3595,0.99439263,Gee,Human,Lumbridge,Siegfried Erkle,Human,2 nd floor [ UK ] 3 rd floor [ US ] of Legends' Guild (west side)
1525,1576,0.99439263,Fur trader,Human,East Ardougne,General Babacus,Human,Shayzien
1525,1855,0.99439263,Fur trader,Human,East Ardougne,Hadley,Human,Tourist Information Centre
1525,1705,0.99439263,Fur trader,Human,East Ardougne,Gordon,Human,Farm south of Farming Guild
1525,1566,0.99439263,Fur trader,Human,East Ardougne,Gee,Human,Lumbridge
1576,3595,0.99439263,General Babacus,Human,Shayzien,Siegfried Erkle,Human,2 nd floor [ UK ] 3 rd floor [ US ] of Legends' Guild (west side)
1592,1705,0.99439263,Gerald,Human,South of Baxtorian Falls,Gordon,Human,Farm south of Farming Guild
1855,1966,0.99439263,Hadley,Human,Tourist Information Centre,Hiylik Myna,Human,Paterdomus
1576,1966,0.99439263,General Babacus,Human,Shayzien,Hiylik Myna,Human,Paterdomus
1566,1966,0.99439263,Gee,Human,Lumbridge,Hiylik Myna,Human,Paterdomus
1576,3906,0.99439263,General Babacus,Human,Shayzien,Ted Rehnison,Human,West Ardougne
1566,1592,0.99439263,Gee,Human,Lumbridge,Gerald,Human,South of Baxtorian Falls
1592,1855,0.99439263,Gerald,Human,South of Baxtorian Falls,Hadley,Human,Tourist Information Centre
1576,1592,0.99439263,General Babacus,Human,Shayzien,Gerald,Human,South of Baxtorian Falls
309,2122,0.9943876,Banker,Human,Port Piscarilius,Jenny Blade,Human,Lady Zay
857,1641,0.9943874,Council workman,Human,Bridge leading to Rellekka,Giles,Human,Anywhere random events can occur
3989,4361,0.99438727,Tindel Marchant,Human,Port Khazard,Xi_plzPetDogz_xiX,Human,South of Edgeville Monastery
1235,3954,0.9943833,Enel,Elf,Prifddinas,Thingol,Elf,Prifddinas
90,2038,0.9943764,Ali the Kebab seller,Human,Pollnivneach,Ima,Human,Emir's Arena
536,537,0.99436915,Brown Engine Director,Dwarf,Keldagrim,Brown Engine Secretary,Dwarf,Keldagrim
640,4361,0.9943483,Captain Rovin,Human,Varrock Palace,Xi_plzPetDogz_xiX,Human,South of Edgeville Monastery
517,4361,0.99432755,Brian,Human,Port Sarim,Xi_plzPetDogz_xiX,Human,South of Edgeville Monastery
940,3244,0.9943109,Darve,Human,Dorgesh-Kaan South Dungeon,Recruiter,Human,West Ardougne
776,2521,0.99428856,Cirdan,Elf,Prifddinas,Maedhros,Elf,Grand Library
2051,2996,0.9942812,Information clerk,Human,Varrock Museum,Patty Seer,Human,Lumbridge Castle kitchen
2221,3400,0.9942804,Kauayotl,Human,Tal Teklan,Salius,Human,Salvager Overlook
1921,3698,0.9942556,Helena,Human,Burgh de Rott,Smiddi Ryak (hard),Human,Burgh de Rott
1659,1672,0.9942484,Gnome,Gnome,Mourner HQ Prison in West Ardougne,Gnome soldier,Gnome,Battle of Atarisundri
3960,4152,0.9942399,Thora the Barkeep,Human,Rellekka Longhall Bar,Valaine,Human,Champions' Guild
117,1585,0.99423265,Ambassador Ferrnook,Gnome,Varrock Palace 1 st floor [ UK ] 2 nd floor [ US ],Generic Diplomat,Gnome,
119,1585,0.99423265,Ambassador Spanfipple,Gnome,White Knights' Castle 1 st floor [ UK ] 2 nd floor [ US ],Generic Diplomat,Gnome,
118,1585,0.99423265,Ambassador Gimblewap,Gnome,Ardougne Castle 1 st floor [ UK ] 2 nd floor [ US ],Generic Diplomat,Gnome,
2339,3125,0.99422264,Larry,Human,Falador,Priest,Human,East Ardougne
533,3634,0.9942198,Brother Maledict,Human,Witchaven,Sir Pear Visor,Human,Old School Museum
3634,4345,0.9942198,Sir Pear Visor,Human,Old School Museum,Workman,Human,Falador
1004,2666,0.99421334,Dock worker,Human,Port Piscarilius,Miles,Human,Anywhere random events can occur
56,103,0.9942011,Aisles,Human,Tai Bwo Wannai,Almera,Human,Baxtorian Falls
386,3402,0.99418867,Bedread the bold,Human,Pirates' Cove,Sam,Human,Arceuus Library
2620,3928,0.9941851,Mazion,Human,Entrana sandpit,The 'Wedge',Human,Camelot
1078,2620,0.9941851,Drunken soldier,Human,The Cloak and Stagger,Mazion,Human,Entrana sandpit
1715,2620,0.9941851,Grand Exchange Clerk,Human,Grand Exchange,Mazion,Human,Entrana sandpit
2620,3997,0.9941851,Mazion,Human,Entrana sandpit,Toby,Human,Varrock
2620,3700,0.9941851,Mazion,Human,Entrana sandpit,Smithing apprentice,Human,Lumbridge
2578,2620,0.9941851,Mark,Human,Port Piscarilius,Mazion,Human,Entrana sandpit
2620,2980,0.9941851,Mazion,Human,Entrana sandpit,Panning guide,Human,Digsite
2575,3339,0.9941782,Marius,Human,Burgh de Rott,Rommik,Human,Blue Moon Inn
3756,4285,0.994158,Spice seller,Human,East Ardougne,William,Human,Red Dragon Isle
1268,3756,0.99415797,Escaping slave,Human,Desert Mining Camp,Spice seller,Human,East Ardougne
357,3756,0.99415797,Bartender,Human,East Ardougne,Spice seller,Human,East Ardougne
3616,3756,0.99415797,Simon,Human,Chaos Temple (Wilderness),Spice seller,Human,East Ardougne
2544,3756,0.99415797,Male slave,Human,Desert Mining Camp,Spice seller,Human,East Ardougne
230,1830,0.99415654,Assistant Le Smith,Gnome,Tree Gnome Stronghold,Gulluck,Gnome,Grand Tree
1140,1502,0.9941512,Edmond,Human,Bandit camp mine,Frincos,Human,Entrana
1060,1502,0.99415106,Drezel,Human,Paterdomus,Frincos,Human,Entrana
1163,1502,0.99415106,Elder Chaos druid,Human,Chaos Temple,Frincos,Human,Entrana
527,1502,0.99415106,Brother Althric,Human,Edgeville Monastery,Frincos,Human,Entrana
707,1502,0.99415106,Chadwell,Human,West Ardougne,Frincos,Human,Entrana
1502,3532,0.99415106,Frincos,Human,Entrana,Sherpa,Human,? (edit)
1502,4128,0.99415106,Frincos,Human,Entrana,Unferth,Human,Burthorpe
1502,3515,0.99415106,Frincos,Human,Entrana,Shantay Guard,Human,Ruins of Unkah
1502,2714,0.99415106,Frincos,Human,Entrana,Monk,Human,Varrock
1502,2340,0.99415106,Frincos,Human,Entrana,Larry,Human,Wilderness
1502,1934,0.99415106,Frincos,Human,Entrana,Hengrad,Human,Fight Arena
1502,4094,0.99415106,Frincos,Human,Entrana,Tyras guard,Human,Tyras Camp
1502,3860,0.99415106,Frincos,Human,Entrana,Svidi,Human,East of Rellekka
1559,3562,0.99415004,Gary,Human,Varrock,Shop assistant,Human,Lumbridge
3163,3970,0.9941478,Pumpy,Dwarf,Blast Furnace,Thumpy,Dwarf,Blast Furnace
2872,3163,0.9941478,Numpty,Dwarf,Blast Furnace,Pumpy,Dwarf,Blast Furnace
1989,3634,0.99414414,Hosa,Human,Kingstown statue,Sir Pear Visor,Human,Old School Museum
937,3788,0.9941387,Darren,Human,East of the Wilderness Agility Course,Squire,Human,Void Knights' Outpost
312,4351,0.99413586,Banker,Human,Shayzien,Wounded soldier,Human,Battlefront
416,800,0.99410915,Biblia,Citizen of Arceuus,Arceuus Library,Clerris,Citizen of Arceuus,Dense runestone mine
1139,2105,0.9940977,Edmond,Human,East Ardougne,Jaraah,Human,Emir's Arena
530,2716,0.9940975,Brother Jered,Human,Edgeville Monastery,Monk,Human,Entrana
530,531,0.9940975,Brother Jered,Human,Edgeville Monastery,Brother Jered,Human,Edgeville Monastery
1776,3273,0.9940932,Guard,Human,Southern Etceteria,Reinn,Human,Sunset Coast
1783,3273,0.9940932,Guard,Human,Miscellania Castle,Reinn,Human,Sunset Coast
1784,3273,0.9940932,Guard,Human,Miscellania market,Reinn,Human,Sunset Coast
115,4236,0.9940862,Amascut,Feline,Jaltevas Pyramid,Wanderer,Feline,Outside of Sophanem
200,1108,0.99407184,Armourer (tier 1),Dwarf,Lovakengj,Dwarf,Dwarf ( Imcando-descendant ),Lovakengj
2204,4000,0.99406934,Kanel,Human,Varrock,Tolna,Human,Tolna's rift
1954,2205,0.9940374,High Priest,Human,Entrana,Kangai Mau,Human,Brimhaven
1140,2526,0.99403095,Edmond,Human,Bandit camp mine,Mage of Zamorak,Human,Ourania Cave
1060,2526,0.9940309,Drezel,Human,Paterdomus,Mage of Zamorak,Human,Ourania Cave
2340,2526,0.9940309,Larry,Human,Wilderness,Mage of Zamorak,Human,Ourania Cave
2526,3515,0.9940309,Mage of Zamorak,Human,Ourania Cave,Shantay Guard,Human,Ruins of Unkah
707,2526,0.9940309,Chadwell,Human,West Ardougne,Mage of Zamorak,Human,Ourania Cave
1934,2526,0.9940309,Hengrad,Human,Fight Arena,Mage of Zamorak,Human,Ourania Cave
527,2526,0.9940309,Brother Althric,Human,Edgeville Monastery,Mage of Zamorak,Human,Ourania Cave
2526,3532,0.9940309,Mage of Zamorak,Human,Ourania Cave,Sherpa,Human,? (edit)
1163,2526,0.9940309,Elder Chaos druid,Human,Chaos Temple,Mage of Zamorak,Human,Ourania Cave
2526,4128,0.9940309,Mage of Zamorak,Human,Ourania Cave,Unferth,Human,Burthorpe
2526,4094,0.9940309,Mage of Zamorak,Human,Ourania Cave,Tyras guard,Human,Tyras Camp
2526,2714,0.9940309,Mage of Zamorak,Human,Ourania Cave,Monk,Human,Varrock
2526,3860,0.9940309,Mage of Zamorak,Human,Ourania Cave,Svidi,Human,East of Rellekka
3403,4271,0.9940194,Sam,Human,Burthorpe Games Room,Wheeler,Human,Rabbit Hole
208,229,0.99401927,Arnold Lydspor,Human,Piscatoris Fishing Colony,Assistant Brock,Human,Crafting Guild
583,1189,0.9940187,Caerwyn,Elf,Prifddinas,Elgan,Elf,Prifddinas
842,858,0.99400973,Cooky Weasel,Human,Rabbit Hole,Councillor Andrews,Human,Kourend Castle
3973,4205,0.9940072,Thyria,Citizen of Arceuus,Arceuus,Villia,Citizen of Arceuus,Arceuus Library
2076,3973,0.9940072,Istoria,Citizen of Arceuus,Library Historical Archive,Thyria,Citizen of Arceuus,Arceuus
2405,3973,0.9940072,Lillia,Citizen of Arceuus,Catacombs of Kourend,Thyria,Citizen of Arceuus,Arceuus
190,3973,0.9940072,Aretha,Citizen of Arceuus,Soul Altar,Thyria,Citizen of Arceuus,Arceuus
2257,2258,0.9940058,King Bolren,Gnome,Tree Gnome Village,King Bolrie,Gnome,Cutscene
2258,2262,0.9940058,King Bolrie,Gnome,Cutscene,King Narnode Shareen,Gnome,Grand Tree
770,1983,0.99400425,Chris,Human,Emir's Arena,Horacio,Human,East Ardougne
1804,2125,0.99400425,Guardian of Armadyl,Human,Varies,Jerico,Human,East Ardougne
1787,2125,0.99400425,Guard,Human,Mountain Camp,Jerico,Human,East Ardougne
1787,1983,0.99400425,Guard,Human,Mountain Camp,Horacio,Human,East Ardougne
770,2125,0.99400425,Chris,Human,Emir's Arena,Jerico,Human,East Ardougne
770,4243,0.99400425,Chris,Human,Emir's Arena,Warrior,Human,Lumbridge Swamp
1804,4243,0.99400425,Guardian of Armadyl,Human,Varies,Warrior,Human,Lumbridge Swamp
1787,4243,0.99400425,Guard,Human,Mountain Camp,Warrior,Human,Lumbridge Swamp
1804,1983,0.99400425,Guardian of Armadyl,Human,Varies,Horacio,Human,East Ardougne
1363,3354,0.993995,Fenric Hollowspire,Human,,Ru Merald,Human,Tlati Rainforest
1057,3354,0.993995,Draven Quillshade,Human,,Ru Merald,Human,Tlati Rainforest
719,3354,0.993995,Charles Charlington II,Human,,Ru Merald,Human,Tlati Rainforest
3217,4152,0.99398136,Ranger (medium),Human,Paterdomus,Valaine,Human,Champions' Guild
3572,3969,0.9939804,Shop keeper,Human,Museum Camp,Thrander,Human,Realm of Memories
3299,3636,0.99397504,Richard,Human,Hosidius,Sir Percival,Human,Fisher Realm
2353,3884,0.99397385,Le-sabrè,Werewolf,Canifis,Tanya,Human,Slepe
722,2068,0.9939649,Charlie,Human,The Grand Tree top floor,Ironman tutor,Human,Lumbridge
1863,4361,0.9939585,Hajedy,Human,Brimhaven,Xi_plzPetDogz_xiX,Human,South of Edgeville Monastery
2244,4361,0.9939585,Khazard Barman,Human,South-western corner of the Fight Arena,Xi_plzPetDogz_xiX,Human,South of Edgeville Monastery
3575,4361,0.9939585,Shop keeper,Human,Port Khazard,Xi_plzPetDogz_xiX,Human,South of Edgeville Monastery
1145,4151,0.9939551,Efa,Elf,Prifddinas,Vaire,Elf,Prifddinas
2371,2598,0.99394846,Leela,Human,Hosidius,Mary,Human,Varrock
2068,2069,0.99393475,Ironman tutor,Human,Lumbridge,Ironman tutor,Human,Tutorial Island
3497,4402,0.9939261,Sergeant Tobyn,Human,Varrock Square,Zamorakian Acolyte,Human,Ferox Enclave
231,2497,0.99392456,Assistant Lori,Gnome,Grand Tree,Lumdo,Gnome,"Ape Atoll , Crash Island"
570,1680,0.99391556,Butterfly,Troll,Weiss,Goat Poo,Troll,Weiss
2565,3475,0.9939068,Marcus,Human,Auburnvale,Sebamo,Human,Auburnvale
369,4416,0.9939035,Bartender,Human,Lumbridge,Zembo,Human,"Musa Point, Karamja"
369,716,0.9939035,Bartender,Human,Lumbridge,Charles,Human,Port Piscarilius
429,842,0.9939027,Billy Rehnison,Human,West Ardougne,Cooky Weasel,Human,Rabbit Hole
842,3177,0.9939027,Cooky Weasel,Human,Rabbit Hole,Quartermaster,Human,Tyras Camp
120,2408,0.9938948,Amelia,Human,Shayzien,Ling,Human,
272,2226,0.99388164,Baker,Human,Ardougne Market,Keepa Kettilon,Human,Jatizso
798,2069,0.9938754,Clerk,Human,Clan Hub,Ironman tutor,Human,Tutorial Island
2221,3401,0.9938457,Kauayotl,Human,Tal Teklan,Salvager,Human,Salvager Overlook
1591,3536,0.9938275,Georgie,Human,Varrock,Shilop,Human,Varrock square
1591,3139,0.9938275,Georgie,Human,Varrock,Prisoner,Human,Haunted Woods
1860,3997,0.9938097,Hairdresser,Human,Falador,Toby,Human,Varrock
1860,2980,0.9938097,Hairdresser,Human,Falador,Panning guide,Human,Digsite
1860,2578,0.9938097,Hairdresser,Human,Falador,Mark,Human,Port Piscarilius
1860,3700,0.9938097,Hairdresser,Human,Falador,Smithing apprentice,Human,Lumbridge
1860,3928,0.9938097,Hairdresser,Human,Falador,The 'Wedge',Human,Camelot
1078,1860,0.9938097,Drunken soldier,Human,The Cloak and Stagger,Hairdresser,Human,Falador
1715,1860,0.9938097,Grand Exchange Clerk,Human,Grand Exchange,Hairdresser,Human,Falador
690,1078,0.99380016,Cave monk,Human,Entrana,Drunken soldier,Human,The Cloak and Stagger
690,2578,0.99380016,Cave monk,Human,Entrana,Mark,Human,Port Piscarilius
1715,2718,0.99380016,Grand Exchange Clerk,Human,Grand Exchange,Monk,Human,Lumbridge Swamp
690,3997,0.99380016,Cave monk,Human,Entrana,Toby,Human,Varrock
690,2980,0.99380016,Cave monk,Human,Entrana,Panning guide,Human,Digsite
1078,2718,0.99380016,Drunken soldier,Human,The Cloak and Stagger,Monk,Human,Lumbridge Swamp
1078,1344,0.99380016,Drunken soldier,Human,The Cloak and Stagger,Father Lawrence,Human,Varrock church
2718,2980,0.99380016,Monk,Human,Lumbridge Swamp,Panning guide,Human,Digsite
532,1078,0.99380016,Brother Kojo,Human,"The Clock Tower , south of Ardougne",Drunken soldier,Human,The Cloak and Stagger
532,1715,0.99380016,Brother Kojo,Human,"The Clock Tower , south of Ardougne",Grand Exchange Clerk,Human,Grand Exchange
534,2578,0.99380016,Brother Omad,Human,Monastery south of Ardougne,Mark,Human,Port Piscarilius
534,1715,0.99380016,Brother Omad,Human,Monastery south of Ardougne,Grand Exchange Clerk,Human,Grand Exchange
532,3997,0.99380016,Brother Kojo,Human,"The Clock Tower , south of Ardougne",Toby,Human,Varrock
532,2578,0.99380016,Brother Kojo,Human,"The Clock Tower , south of Ardougne",Mark,Human,Port Piscarilius
532,2980,0.99380016,Brother Kojo,Human,"The Clock Tower , south of Ardougne",Panning guide,Human,Digsite
534,1078,0.99380016,Brother Omad,Human,Monastery south of Ardougne,Drunken soldier,Human,The Cloak and Stagger
532,3928,0.99380016,Brother Kojo,Human,"The Clock Tower , south of Ardougne",The 'Wedge',Human,Camelot
532,3700,0.99380016,Brother Kojo,Human,"The Clock Tower , south of Ardougne",Smithing apprentice,Human,Lumbridge
690,1715,0.99380016,Cave monk,Human,Entrana,Grand Exchange Clerk,Human,Grand Exchange
529,3928,0.99380016,Brother Cedric,Human,East Ardougne,The 'Wedge',Human,Camelot
529,3997,0.99380016,Brother Cedric,Human,East Ardougne,Toby,Human,Varrock
529,2980,0.99380016,Brother Cedric,Human,East Ardougne,Panning guide,Human,Digsite
529,2578,0.99380016,Brother Cedric,Human,East Ardougne,Mark,Human,Port Piscarilius
529,1715,0.99380016,Brother Cedric,Human,East Ardougne,Grand Exchange Clerk,Human,Grand Exchange
529,3700,0.99380016,Brother Cedric,Human,East Ardougne,Smithing apprentice,Human,Lumbridge
534,3700,0.99380016,Brother Omad,Human,Monastery south of Ardougne,Smithing apprentice,Human,Lumbridge
1344,3997,0.99380016,Father Lawrence,Human,Varrock church,Toby,Human,Varrock
2578,2718,0.99380016,Mark,Human,Port Piscarilius,Monk,Human,Lumbridge Swamp
1344,3700,0.99380016,Father Lawrence,Human,Varrock church,Smithing apprentice,Human,Lumbridge
1344,3928,0.99380016,Father Lawrence,Human,Varrock church,The 'Wedge',Human,Camelot
534,2980,0.99380016,Brother Omad,Human,Monastery south of Ardougne,Panning guide,Human,Digsite
534,3997,0.99380016,Brother Omad,Human,Monastery south of Ardougne,Toby,Human,Varrock
534,3928,0.99380016,Brother Omad,Human,Monastery south of Ardougne,The 'Wedge',Human,Camelot
1344,1715,0.99380016,Father Lawrence,Human,Varrock church,Grand Exchange Clerk,Human,Grand Exchange
1344,2980,0.99380016,Father Lawrence,Human,Varrock church,Panning guide,Human,Digsite
1344,2578,0.99380016,Father Lawrence,Human,Varrock church,Mark,Human,Port Piscarilius
529,1078,0.99380016,Brother Cedric,Human,East Ardougne,Drunken soldier,Human,The Cloak and Stagger
2718,3700,0.99380016,Monk,Human,Lumbridge Swamp,Smithing apprentice,Human,Lumbridge
2718,3997,0.99380016,Monk,Human,Lumbridge Swamp,Toby,Human,Varrock
2718,3928,0.99380016,Monk,Human,Lumbridge Swamp,The 'Wedge',Human,Camelot
690,3700,0.99380016,Cave monk,Human,Entrana,Smithing apprentice,Human,Lumbridge
690,3928,0.99380016,Cave monk,Human,Entrana,The 'Wedge',Human,Camelot
3564,3725,0.9937966,Shop assistant,Human,Rimmington,Soldier,Human,Death Plateau (south)
362,2146,0.9937966,Bartender,Human,Port Sarim,Joe,Human,Draynor Village jail
362,3564,0.9937966,Bartender,Human,Port Sarim,Shop assistant,Human,Rimmington
876,2146,0.9937966,Crafting tutor,Human,Lumbridge Castle,Joe,Human,Draynor Village jail
2146,3725,0.9937966,Joe,Human,Draynor Village jail,Soldier,Human,Death Plateau (south)
876,3564,0.9937966,Crafting tutor,Human,Lumbridge Castle,Shop assistant,Human,Rimmington
4002,4021,0.99378824,Tomas Lawry,Human,Port Piscarilius bank,Tostig,Human,Burthorpe
842,3299,0.9937841,Cooky Weasel,Human,Rabbit Hole,Richard,Human,Hosidius
1324,2146,0.99378216,Farmer,Human,Groats' farm,Joe,Human,Draynor Village jail
1885,2146,0.99378216,Hans,Human,Lumbridge,Joe,Human,Draynor Village jail
1324,3564,0.99378216,Farmer,Human,Groats' farm,Shop assistant,Human,Rimmington
1885,3564,0.99378216,Hans,Human,Lumbridge,Shop assistant,Human,Rimmington
1096,3163,0.9937725,Dumpy,Dwarf,Blast Furnace,Pumpy,Dwarf,Blast Furnace
2164,3833,0.99377096,Joshua,Human,Hemenster,Student,Human,Digsite
167,1915,0.9937558,Apprentice workman,Human,Falador,Head Servant,Human,? (edit)
1161,1236,0.99374324,Eldalote,Elf,Grand Library,Enelye,Elf,Prifddinas
127,399,0.9937327,Amos,Human,Port Roberts,Belle,Human,? (edit)
338,3274,0.99372995,Barlak,Dorgeshuun,Dorgesh-Kaan,Reldak,Dorgeshuun,Dorgesh-Kaan
777,780,0.9937193,Citizen,Human,Aldarin,Citizen,Human,Civitas illa Fortis
780,1352,0.9937193,Citizen,Human,Civitas illa Fortis,Felius,Human,Twilight Temple
426,622,0.9937035,Bill Teach,Human,Port Phasmatys / The Other Inn,Captain Emmemji,Human,South of Draynor Village
2302,2725,0.993693,Kruk,Monkey,Ape Atoll,Monkey Archer,Monkey,Tree Gnome Stronghold
2302,2627,0.993693,Kruk,Monkey,Ape Atoll,Medium ninja monkey,Monkey,Ape Atoll
2302,3694,0.993693,Kruk,Monkey,Ape Atoll,Small ninja monkey,Monkey,Ape Atoll
478,2302,0.993693,Bobawu,Monkey,Ape Atoll Agility Course,Kruk,Monkey,Ape Atoll
737,2660,0.99368215,Cheryl,Human,Port Piscarilius,Mia,Human,Shayzien
2310,2660,0.99368215,Lacey,Human,Mansion in a faraway island.,Mia,Human,Shayzien
2660,3040,0.9936818,Mia,Human,Shayzien,Petra Fiyed,Human,Goblin Cave
2052,4392,0.9936651,Inga,Human,Rellekka,Yrsa,Human,Rellekka
167,410,0.99365884,Apprentice workman,Human,Falador,Bert,Human,Yanille
1836,4191,0.9936584,Gunslik,Dwarf,Western Keldagrim,Vestri,Dwarf,Near White Wolf Mountain
2161,4191,0.9936584,Jorra,Dwarf ( Imcando-descendant ),Lovakengj Assembly,Vestri,Dwarf,Near White Wolf Mountain
3309,4191,0.9936584,Riki the sculptor's model,Dwarf,Keldagrim,Vestri,Dwarf,Near White Wolf Mountain
842,3969,0.9936403,Cooky Weasel,Human,Rabbit Hole,Thrander,Human,Realm of Memories
504,3051,0.9936185,Boy,Human,Taverley,Philipe Carnillean,Human,East Ardougne
858,3299,0.99361384,Councillor Andrews,Human,Kourend Castle,Richard,Human,Hosidius
1257,1709,0.9935933,Erasmus,Human,Lumbridge,Gossip,Human,Sinclair Mansion
158,360,0.9935921,Antos,Human,Auburnvale,Bartender,Human,Nemus Retreat
2434,3973,0.9935919,Logosia,Citizen of Arceuus,Arceuus Library,Thyria,Citizen of Arceuus,Arceuus
2704,3973,0.9935919,Mofina,Citizen of Arceuus,Arceuus church,Thyria,Citizen of Arceuus,Arceuus
2039,3973,0.9935919,Imerominia,Citizen of Arceuus,Library Historical Archive,Thyria,Citizen of Arceuus,Arceuus
2705,3973,0.9935919,Mofina,Citizen of Arceuus,Lumbridge Castle,Thyria,Citizen of Arceuus,Arceuus
1678,3973,0.9935919,Gnosi,Citizen of Arceuus,Mount Quidamortem,Thyria,Citizen of Arceuus,Arceuus
3202,4214,0.9935642,Radu,Human,Burgh de Rott,Vladimir,Human,Burgh de Rott
429,3299,0.9935627,Billy Rehnison,Human,West Ardougne,Richard,Human,Hosidius
3177,3299,0.9935627,Quartermaster,Human,Tyras Camp,Richard,Human,Hosidius
2318,3681,0.9935626,Lady Table,Human,Temple Knight Training Grounds,Slave,Human,Fight Arena
2228,2318,0.9935626,Kelvin,Human,Fight Arena,Lady Table,Human,Temple Knight Training Grounds
993,2318,0.9935626,Digsite workman,Human,Digsite and near Varrock Museum,Lady Table,Human,Temple Knight Training Grounds
2318,4052,0.993562,Lady Table,Human,Temple Knight Training Grounds,Tramp,Human,Varrock
289,2300,0.9935583,Banker,Citizen of Arceuus,Arceuus,Krato,Citizen of Arceuus,Library Historical Archive
750,3521,0.9935576,Child,,Kastori,Shas,Human,Auburnvale
754,3521,0.9935576,Child,,Tal Teklan,Shas,Human,Auburnvale
491,2940,0.993557,Boot,Dwarf,Dwarven Mines,Ordan,Dwarf,Keldagrim
491,3301,0.993557,Boot,Dwarf,Dwarven Mines,Richard Flintmaul,Dwarf,
491,1115,0.993557,Boot,Dwarf,Dwarven Mines,Dwarven Ferryman,Dwarf,Keldagrim
145,2497,0.99355245,Anita,Gnome,Tree Gnome Stronghold,Lumdo,Gnome,"Ape Atoll , Crash Island"
1836,2901,0.99353975,Gunslik,Dwarf,Western Keldagrim,Odmar,Dwarf,Keldagrim
2901,3309,0.99353975,Odmar,Dwarf,Keldagrim,Riki the sculptor's model,Dwarf,Keldagrim
2161,2901,0.99353975,Jorra,Dwarf ( Imcando-descendant ),Lovakengj Assembly,Odmar,Dwarf,Keldagrim
842,1559,0.9935286,Cooky Weasel,Human,Rabbit Hole,Gary,Human,Varrock
3069,3783,0.99351645,Piliar,Human,Port Piscarilius,Squire (Intermediate),Human,Void Knight Outpost boat
876,2086,0.99349153,Crafting tutor,Human,Lumbridge Castle,Jack,Human,Myths' Guild
362,2086,0.99349153,Bartender,Human,Port Sarim,Jack,Human,Myths' Guild
2086,3725,0.99349153,Jack,Human,Myths' Guild,Soldier,Human,Death Plateau (south)
4099,4101,0.9934828,TzHaar-Hur-Rin,TzHaar,Mor Ul Rek,TzHaar-Hur-Zal,TzHaar,Mor Ul Rek
4098,4100,0.9934828,TzHaar-Hur-Lek,TzHaar,Mor Ul Rek,TzHaar-Hur-Tel,TzHaar,Mor Ul Rek
4099,4100,0.9934828,TzHaar-Hur-Rin,TzHaar,Mor Ul Rek,TzHaar-Hur-Tel,TzHaar,Mor Ul Rek
4098,4101,0.9934828,TzHaar-Hur-Lek,TzHaar,Mor Ul Rek,TzHaar-Hur-Zal,TzHaar,Mor Ul Rek
2117,3826,0.9934802,Jeff,Human,Musa Point,Street urchin,Human,Pollnivneach
779,2198,0.9934697,Citizen,Dwarf ( Imcando-descendant ),Cam Torum,Kalko,Dwarf ( Imcando-descendant ),The Lost Pickaxe
783,2198,0.9934697,Citizen,Dwarf ( Imcando-descendant ),Mistrock,Kalko,Dwarf ( Imcando-descendant ),The Lost Pickaxe
842,4025,0.99345803,Cooky Weasel,Human,Rabbit Hole,Tourist,,"Civitas illa Fortis , Aldarin"
2195,4437,0.9934551,Kaiquir,Gnome,North of the Combat Training Camp,Zul-Cheray,Gnome,Zul-Andra
429,3969,0.9934416,Billy Rehnison,Human,West Ardougne,Thrander,Human,Realm of Memories
3177,3969,0.9934416,Quartermaster,Human,Tyras Camp,Thrander,Human,Realm of Memories
1502,4262,0.9934318,Frincos,Human,Entrana,Well-dressed man,Human,Aldarin
661,1139,0.99342704,Carpenter,Human,Sophanem,Edmond,Human,East Ardougne
858,3562,0.99342394,Councillor Andrews,Human,Kourend Castle,Shop assistant,Human,Lumbridge
1861,1862,0.99341995,Hairdresser,Human,Falador,Hairdresser,Human,Falador
528,2716,0.99341893,Brother Brace,Human,Tutorial Island,Monk,Human,Entrana
528,531,0.99341893,Brother Brace,Human,Tutorial Island,Brother Jered,Human,Edgeville Monastery
2379,3438,0.99341714,Lensa,Human,Jatizso Streets,Sassilik,Human,Jatizso
2379,3437,0.99341714,Lensa,Human,Jatizso Streets,Sassilik,Human,Rellekka
280,4060,0.9934145,Guard,Human,Varrock,Treznor,Human,Varrock
2385,4268,0.9934093,Lesser Fanatic,Human,Edgeville,Wesley,Human,Nardah
858,3969,0.9934002,Councillor Andrews,Human,Kourend Castle,Thrander,Human,Realm of Memories
658,840,0.9933974,Carol,Human,Sinclair Mansion,Cook,Human,Player-owned house or Servants' Guild
735,840,0.9933883,Chef Olivia,Human,Hosidius,Cook,Human,Player-owned house or Servants' Guild
2349,2878,0.99338543,Layleen,Human,Tai Bwo Wannai,Nurse Sarah,Human,West Ardougne
665,3270,0.9933759,Cart conductor,Dwarf,Dwarven Mine,Reinald,Dwarf,Keldagrim
842,2553,0.9933723,Cooky Weasel,Human,Rabbit Hole,Man,Human,Hosidius vinery
842,2552,0.9933723,Cooky Weasel,Human,Rabbit Hole,Man,Human,Catacombs of Kourend
1324,2086,0.99335545,Farmer,Human,Groats' farm,Jack,Human,Myths' Guild
1885,2086,0.99335545,Hans,Human,Lumbridge,Jack,Human,Myths' Guild
2552,3969,0.9933545,Man,Human,Catacombs of Kourend,Thrander,Human,Realm of Memories
2553,3969,0.9933545,Man,Human,Hosidius vinery,Thrander,Human,Realm of Memories
3177,3562,0.9933399,Quartermaster,Human,Tyras Camp,Shop assistant,Human,Lumbridge
429,3562,0.9933399,Billy Rehnison,Human,West Ardougne,Shop assistant,Human,Lumbridge
3648,3785,0.9933361,Siren,,,Squire (Veteran),Human,Void Knight Outpost boat
2526,4262,0.9933348,Mage of Zamorak,Human,Ourania Cave,Well-dressed man,Human,Aldarin
1345,4439,0.99333394,Father Reen,Human,Al Kharid,Zul-Onan,Human,Zul-Andra
1112,2058,0.99333286,Dwarven Boatman,Dwarf,Keldagrim,Inn Keeper,Dwarf,Keldagrim - The King's Axe Inn
2145,4018,0.9933286,Joe,Human,Fight Arena,Torrcs,Human,Varrock Museum
2145,2254,0.9933286,Joe,Human,Fight Arena,Kineer,Human,Catacombs of Kourend
463,4375,0.9933241,Blue Opal Secretary,Dwarf,Keldagrim,Yarsul,Dwarf,Mining Guild
4274,4375,0.9933241,White Chisel Secretary,Dwarf,Keldagrim,Yarsul,Dwarf,Mining Guild
3560,3561,0.9933198,Shop assistant,Human,Edgeville,Shop assistant,Human,Falador
3562,4268,0.9933163,Shop assistant,Human,Lumbridge,Wesley,Human,Nardah
3125,3639,0.99331534,Priest,Human,East Ardougne,Sir Rebral,Human,Falador
413,1960,0.9933146,Betty,Human,,Hild,Human,Burthorpe
412,1960,0.9933146,Betty,Human,Port Sarim,Hild,Human,Burthorpe
2081,3784,0.99331343,Ivy Sophista,Human,Taverley,Squire (Novice),Human,Void Knights' Outpost boat
2385,3562,0.9933076,Lesser Fanatic,Human,Edgeville,Shop assistant,Human,Lumbridge
4118,4375,0.99330264,Ulifed,Dwarf,Keldagrim,Yarsul,Dwarf,Mining Guild
2081,2573,0.9933019,Ivy Sophista,Human,Taverley,Marisi,Human,Hosidius
1023,3301,0.99330145,Donal,Dwarf,Miscellania and Etceteria Dungeon,Richard Flintmaul,Dwarf,
1023,2940,0.99330145,Donal,Dwarf,Miscellania and Etceteria Dungeon,Ordan,Dwarf,Keldagrim
1023,1115,0.99330145,Donal,Dwarf,Miscellania and Etceteria Dungeon,Dwarven Ferryman,Dwarf,Keldagrim
2971,3902,0.9932995,Oziach,Human,North-west Edgeville,Tea Seller,Human,Varrock
2973,3902,0.9932995,Oziach,Human,Blue Moon Inn,Tea Seller,Human,Varrock
2202,2216,0.99329114,Kamen,Dwarf,Underground Pass,Karl,Dwarf,Keldagrim
2869,2964,0.993291,Novice,Citizen of Arceuus,Arceuus church,Ouditor,Citizen of Arceuus,Arceuus
173,2964,0.99329066,Archeio,Citizen of Arceuus,Arceuus Library,Ouditor,Citizen of Arceuus,Arceuus
401,905,0.9932899,Belona,Dwarf,Mining Guild,Customer,Dwarf,Keldagrim Library
2678,2874,0.99328816,Miner,Dwarf,The Deeper Lode,Nurmof,Dwarf,Dwarven Mines
1950,3564,0.9932864,Hewey,Human,Lumbridge Swamp,Shop assistant,Human,Rimmington
1950,2146,0.9932864,Hewey,Human,Lumbridge Swamp,Joe,Human,Draynor Village jail
1836,2874,0.99327946,Gunslik,Dwarf,Western Keldagrim,Nurmof,Dwarf,Dwarven Mines
2161,2874,0.99327946,Jorra,Dwarf ( Imcando-descendant ),Lovakengj Assembly,Nurmof,Dwarf,Dwarven Mines
2874,3309,0.99327946,Nurmof,Dwarf,Dwarven Mines,Riki the sculptor's model,Dwarf,Keldagrim
1299,3966,0.9932647,Factory Manager,Dwarf,Keldagrim,Thorodin,Dwarf,Miscellania and Etceteria Dungeon
416,1376,0.9932591,Biblia,Citizen of Arceuus,Arceuus Library,Filamina,Citizen of Arceuus,Arceuus
1107,3301,0.9932463,Dwarf,Dwarf,Dwarven Mine,Richard Flintmaul,Dwarf,
1107,1115,0.9932463,Dwarf,Dwarf,Dwarven Mine,Dwarven Ferryman,Dwarf,Keldagrim
1107,2940,0.9932463,Dwarf,Dwarf,Dwarven Mine,Ordan,Dwarf,Keldagrim
1876,3497,0.9932432,Hamid,Human,Emir's Arena,Sergeant Tobyn,Human,Varrock Square
904,3428,0.9932381,Customer,Human,Keldagrim Library,Sarah,Human,South Falador Farm
3428,3522,0.9932379,Sarah,Human,South Falador Farm,Shayda,Human,Shayzien
2591,3428,0.9932379,Martha Rehnison,Human,West Ardougne,Sarah,Human,South Falador Farm
2222,3428,0.9932379,Kaylee,Human,Falador,Sarah,Human,South Falador Farm
3428,3987,0.9932379,Sarah,Human,South Falador Farm,Tina,Human,Falador
3428,3786,0.9932379,Sarah,Human,South Falador Farm,Squire,Human,Void Knight Outpost
2316,3428,0.9932379,Lady Servil,Human,Fight Arena,Sarah,Human,South Falador Farm
3969,4025,0.993232,Thrander,Human,Realm of Memories,Tourist,,"Civitas illa Fortis , Aldarin"
1854,4399,0.9932306,Habibah,Human,Nardah,Zahra,Human,Nardah
2600,3785,0.99322903,Mary,Human,Sinclair Mansion,Squire (Veteran),Human,Void Knight Outpost boat
2252,3596,0.99322706,Kilron,Human,West Ardougne,Sigbert the Adventurer,Human,At the end of Yanille Agility Dungeon.
1950,2086,0.99322605,Hewey,Human,Lumbridge Swamp,Jack,Human,Myths' Guild
318,3562,0.99322546,Banker,Human,Varrock,Shop assistant,Human,Lumbridge
660,2081,0.9932153,Caroline,Human,Witchaven,Ivy Sophista,Human,Taverley
2081,4286,0.9932151,Ivy Sophista,Human,Taverley,Willow,Human,South of Ice Mountain
2162,3275,0.9932078,Jorral,Human,Outpost,Reldo,Human,Varrock Palace Library
553,4034,0.9932016,Bunkdo,Gnome,Ape Atoll,Tracker gnome 3,Gnome,Battlefield
553,1531,0.9932016,Bunkdo,Gnome,Ape Atoll,G.L.O. Caranock,Gnome,Karamja Shipyard
553,4032,0.9932016,Bunkdo,Gnome,Ape Atoll,Tracker gnome 1,Gnome,Battlefield
553,4033,0.9932016,Bunkdo,Gnome,Ape Atoll,Tracker gnome 2,Gnome,Battlefield
915,1090,0.9932014,Daga,Monkey,Marim,Dugopul,Monkey,Ape Atoll
915,3684,0.9932014,Daga,Monkey,Marim,Sleeping Monkey,Monkey,Marim
289,2964,0.9931824,Banker,Citizen of Arceuus,Arceuus,Ouditor,Citizen of Arceuus,Arceuus
2632,3680,0.9931761,Meiyerditch miner,Human,Meiyerditch mine,Slave,Human,Daeyalt essence mine
1284,2063,0.9931716,Eve,Human,Taverley Dungeon,Irena,Human,Shantay Pass
700,796,0.9931557,Celyn,Elf,Prifddinas,Cleddyf,Elf,Prifddinas
928,2052,0.99314976,Dantaera,Human,Catherby,Inga,Human,Rellekka
700,882,0.9931495,Celyn,Elf,Prifddinas,Crefydd,Elf,Top floor of the Tower of Voices
416,3973,0.99314487,Biblia,Citizen of Arceuus,Arceuus Library,Thyria,Citizen of Arceuus,Arceuus
1206,2449,0.9931408,Ellis,Human,Al Kharid,Lord Daquarius,Human,Taverley Dungeon
1893,2580,0.9931375,Harold,Human,Burthorpe,Market Guard,,Port Roberts
2290,4026,0.99313676,Koftik,Human,Underground Pass West Ardougne,Tower Advisor,Human,Ranging Guild
1534,3128,0.99313056,Gabooty,Human,Tai Bwo Wannai,Priest,Human,West Ardougne
857,4361,0.99312425,Council workman,Human,Bridge leading to Rellekka,Xi_plzPetDogz_xiX,Human,South of Edgeville Monastery
203,372,0.9931172,Armourer (tier 4),Dwarf,Lovakengj,Barus,Dwarf,Lovakengj
100,2927,0.99311054,Alice the Camel,Camel,"Al Kharid , near Ellis ' tannery",Ollie the Camel,Camel,Al Kharid
2349,2651,0.99310386,Layleen,Human,Tai Bwo Wannai,Meskhenet,Human,Nardah
2116,2349,0.9930903,Jeed,Human,Emir's Arena,Layleen,Human,Tai Bwo Wannai
2058,2218,0.9930837,Inn Keeper,Dwarf,Keldagrim - The King's Axe Inn,Kaston,Dwarf,Shayzien
289,4095,0.9930695,Banker,Citizen of Arceuus,Arceuus,Tyss,Citizen of Arceuus,Great Kourend
289,2974,0.99306417,Banker,Citizen of Arceuus,Arceuus,Pagida,Citizen of Arceuus,Library Historical Archive
1688,4241,0.993057,Goblin Cook,Goblin,Goblin Village,Warmhandz,Goblin,Outside Lumbridge General Store
2666,2890,0.99304676,Miles,Human,Anywhere random events can occur,Obli,Human,Shilo Village
1641,1951,0.99304616,Giles,Human,Anywhere random events can occur,Hickton,Human,Catherby
596,1018,0.99304473,Candle maker,Human,Catherby,Dominic Onion,Human,"Nightmare Zone , north of Yanille"
1376,2705,0.993038,Filamina,Citizen of Arceuus,Arceuus,Mofina,Citizen of Arceuus,Lumbridge Castle
1376,2434,0.993038,Filamina,Citizen of Arceuus,Arceuus,Logosia,Citizen of Arceuus,Arceuus Library
1376,2039,0.993038,Filamina,Citizen of Arceuus,Arceuus,Imerominia,Citizen of Arceuus,Library Historical Archive
1376,1678,0.993038,Filamina,Citizen of Arceuus,Arceuus,Gnosi,Citizen of Arceuus,Mount Quidamortem
1376,2704,0.993038,Filamina,Citizen of Arceuus,Arceuus,Mofina,Citizen of Arceuus,Arceuus church
798,4025,0.99303454,Clerk,Human,Clan Hub,Tourist,,"Civitas illa Fortis , Aldarin"
3509,4265,0.99301565,Shadowy figure,Werewolf,Silvarea ( Cutscene only),Werewolf,Werewolf,Darkmeyer
3509,4266,0.99301565,Shadowy figure,Werewolf,Silvarea ( Cutscene only),Werewolf,Werewolf,Haunted Woods
1299,1836,0.9929873,Factory Manager,Dwarf,Keldagrim,Gunslik,Dwarf,Western Keldagrim
1299,2161,0.9929873,Factory Manager,Dwarf,Keldagrim,Jorra,Dwarf ( Imcando-descendant ),Lovakengj Assembly
1299,3309,0.9929873,Factory Manager,Dwarf,Keldagrim,Riki the sculptor's model,Dwarf,Keldagrim
952,4383,0.99298507,Dead Wolf,Mahjarrat,Weiss,Yellow Snow,Troll,Weiss
318,842,0.9929675,Banker,Human,Varrock,Cooky Weasel,Human,Rabbit Hole
842,2620,0.9929652,Cooky Weasel,Human,Rabbit Hole,Mazion,Human,Entrana sandpit
1876,2207,0.9929638,Hamid,Human,Emir's Arena,Karaday,Human,Tai Bwo Wannai
3425,4146,0.9929638,Santiri,Dwarf,Keldagrim,Utrec,Dwarf,Mining Guild
3163,3835,0.9929638,Pumpy,Dwarf,Blast Furnace,Stumpy,Dwarf,Blast Furnace
2146,3391,0.992959,Joe,Human,Draynor Village jail,Sailor,Human,Red Rock
3391,3564,0.992959,Sailor,Human,Red Rock,Shop assistant,Human,Rimmington
2367,3791,0.99295586,'Lecherous' Lee,Human,Pirates' Cove,Squire,Human,Void Knight Outpost
553,1548,0.9929552,Bunkdo,Gnome,Ape Atoll,Gardener,Gnome,No
2565,3401,0.9929496,Marcus,Human,Auburnvale,Salvager,Human,Salvager Overlook
787,3594,0.99294263,Civilian,Human,West Ardougne,Sid,Human,Mansion in a faraway island.
798,2553,0.9929353,Clerk,Human,Clan Hub,Man,Human,Hosidius vinery
798,2552,0.9929353,Clerk,Human,Clan Hub,Man,Human,Catacombs of Kourend
1951,3575,0.9929288,Hickton,Human,Catherby,Shop keeper,Human,Port Khazard
1951,2244,0.9929288,Hickton,Human,Catherby,Khazard Barman,Human,South-western corner of the Fight Arena
1863,1951,0.9929288,Hajedy,Human,Brimhaven,Hickton,Human,Catherby
2071,3998,0.99292016,Isadora,Human,Auburnvale,Toch,Human,Auburn Valley
747,2071,0.99292016,Child,,Auburnvale,Isadora,Human,Auburnvale
1235,2947,0.9929188,Enel,Elf,Prifddinas,Orophin,Elf,Prifddinas
2502,3443,0.9929185,Lunami,Human,Auburnvale,Sawmill Operator,Human,Auburnvale
180,2502,0.99291795,Arcuani,Human,Tal Teklan,Lunami,Human,Auburnvale
1145,1824,0.9928989,Efa,Elf,Prifddinas,Guinevere,Elf,Prifddinas
1695,4268,0.9928927,Godric,Human,Troll Stronghold prison,Wesley,Human,Nardah
1026,2318,0.99288726,Donie,Human,North-east of Lumbridge General Store,Lady Table,Human,Temple Knight Training Grounds
106,2318,0.99288726,Alrena,Human,East Ardougne,Lady Table,Human,Temple Knight Training Grounds
2318,2460,0.99288726,Lady Table,Human,Temple Knight Training Grounds,Lorelai,Human,"Warriors' Guild , basement"
1642,2318,0.99288726,Gileth,Human,Tree Gnome Village,Lady Table,Human,Temple Knight Training Grounds
1025,2318,0.99288726,Donie,Human,In and around Lumbridge,Lady Table,Human,Temple Knight Training Grounds
410,3564,0.9928782,Bert,Human,Yanille,Shop assistant,Human,Rimmington
410,2146,0.9928782,Bert,Human,Yanille,Joe,Human,Draynor Village jail
230,1672,0.99287724,Assistant Le Smith,Gnome,Tree Gnome Stronghold,Gnome soldier,Gnome,Battle of Atarisundri
3241,3242,0.99287546,Rebel Scout,Elf,Outside Lletya,Rebel Warrior,Elf,Lletya Underground Pass
2300,2964,0.99287486,Krato,Citizen of Arceuus,Library Historical Archive,Ouditor,Citizen of Arceuus,Arceuus
1165,3378,0.9928734,Elder Gnome child,Gnome,Tree Gnome Stronghold,Sacrifice,Gnome,Zul-Andra
2320,2934,0.9928626,Lady Vulcana Lovakengj,Dwarf ( Imcando-descendant ),Lovakengj,Operator,Dwarf ( Imcando-descendant ),Blast mine
450,3843,0.992851,Blast Furnace Foreman,Dwarf,Keldagrim,Sune,Dwarf,Keldagrim
450,1111,0.992851,Blast Furnace Foreman,Dwarf,Keldagrim,Dwarf,Dwarf,Dorgesh-Kaan–Keldagrim train system
1265,3020,0.9928493,Ermin,Gnome,Tree Gnome Stronghold,Perrdur,Gnome,Grand Tree
1143,3020,0.9928493,Eebel,Gnome,Tree Gnome Stronghold,Perrdur,Gnome,Grand Tree
1000,3428,0.99284816,Disappointed mother,Human,Varrock,Sarah,Human,South Falador Farm
356,1538,0.9928381,Bartender,Human,Yanille,Galahad,Human,Near McGrubor's Wood
230,1658,0.9928143,Assistant Le Smith,Gnome,Tree Gnome Stronghold,Gnome,Gnome,Taverley
230,1673,0.9928142,Assistant Le Smith,Gnome,Tree Gnome Stronghold,Gnome trainer,Gnome,Tree Gnome Stronghold
1548,4032,0.99280965,Gardener,Gnome,No,Tracker gnome 1,Gnome,Battlefield
1548,4034,0.99280965,Gardener,Gnome,No,Tracker gnome 3,Gnome,Battlefield
1548,4033,0.99280965,Gardener,Gnome,No,Tracker gnome 2,Gnome,Battlefield
1531,1548,0.99280965,G.L.O. Caranock,Gnome,Karamja Shipyard,Gardener,Gnome,No
3217,4091,0.9928063,Ranger (medium),Human,Paterdomus,Two-pints,Human,"Flying Horse Inn , East Ardougne"
1165,4438,0.99280363,Elder Gnome child,Gnome,Tree Gnome Stronghold,Zul-Gutusolly,Gnome,Zul-Andra
634,2574,0.99279106,Captain Malleta,Human,Ghorrock Dungeon,Marissa,Human,Varrock Palace
1997,4303,0.99276876,Hugh,Human,Salvager Overlook,Wistan,Human,Burthorpe
423,2246,0.99276733,BigRedJapan,Human,Rooftop Agility Courses,Khazard Guard,Human,Fight Arena
2408,3428,0.9927567,Ling,Human,,Sarah,Human,South Falador Farm
3651,3654,0.9927521,Sister Naoj,Human,Sisterhood Sanctuary,Sister Senga,Human,Sisterhood Sanctuary
3650,3654,0.9927521,Sister Aseret,Human,Sisterhood Sanctuary,Sister Senga,Human,Sisterhood Sanctuary
3652,3654,0.9927521,Sister Salohcin,Human,Sisterhood Sanctuary,Sister Senga,Human,Sisterhood Sanctuary
1860,2068,0.9927416,Hairdresser,Human,Falador,Ironman tutor,Human,Lumbridge
230,2428,0.9927361,Assistant Le Smith,Gnome,Tree Gnome Stronghold,Local Gnome,Gnome,Tree Gnome Village
230,2201,0.9927361,Assistant Le Smith,Gnome,Tree Gnome Stronghold,Kalron,Gnome,Tree Gnome Village
289,4027,0.9927338,Banker,Citizen of Arceuus,Arceuus,Tower Mage,Citizen of Arceuus,"Tower of Magic , Arceuus"
3559,3560,0.99273336,Shop assistant,Human,Al Kharid,Shop assistant,Human,Edgeville
173,4027,0.9927189,Archeio,Citizen of Arceuus,Arceuus Library,Tower Mage,Citizen of Arceuus,"Tower of Magic , Arceuus"
2869,4027,0.9927189,Novice,Citizen of Arceuus,Arceuus church,Tower Mage,Citizen of Arceuus,"Tower of Magic , Arceuus"
2425,2849,0.99271464,Llio,Elf,Prifddinas,Nimrodel,Elf,Grand Library
2425,3382,0.99271464,Llio,Elf,Prifddinas,Saeth,Elf,Prifddinas
1158,2425,0.99271464,Eira,Elf,Prifddinas,Llio,Elf,Prifddinas
1373,2425,0.99271464,Ffoni,Elf,Prifddinas,Llio,Elf,Prifddinas
1349,2947,0.99269253,Feanor,Elf,Prifddinas,Orophin,Elf,Prifddinas
1682,1754,0.99267834,Goblin,Goblin,Falador,Grubfoot,Goblin,Goblin Village
1681,1754,0.99267834,Goblin,Goblin,Falador,Grubfoot,Goblin,Goblin Village
1693,1754,0.99267834,Goblin Recruiter,Goblin,Falador,Grubfoot,Goblin,Goblin Village
2058,2480,0.9926771,Inn Keeper,Dwarf,Keldagrim - The King's Axe Inn,Lovakengj Engineer,Dwarf,Battlefront
1113,2058,0.9926771,Dwarven Boatman,Dwarf,Keldagrim south-west mine,Inn Keeper,Dwarf,Keldagrim - The King's Axe Inn
247,2058,0.9926771,Austri,Dwarf,Taverley,Inn Keeper,Dwarf,Keldagrim - The King's Axe Inn
1879,2058,0.9926771,Hammerspike Stoutbeard,Dwarf,Dwarven Mines,Inn Keeper,Dwarf,Keldagrim - The King's Axe Inn
2058,3962,0.9926771,Inn Keeper,Dwarf,Keldagrim - The King's Axe Inn,Thorgel,Dwarf,Temple of Light
1114,2058,0.9926771,Dwarven Engineer,Dwarf,Keldagrim,Inn Keeper,Dwarf,Keldagrim - The King's Axe Inn
1065,2058,0.9926771,Drogo dwarf,Dwarf,Dwarven Mine,Inn Keeper,Dwarf,Keldagrim - The King's Axe Inn
2058,2754,0.9926771,Inn Keeper,Dwarf,Keldagrim - The King's Axe Inn,Mountain Dwarf,Dwarf,Lumbridge dining hall
2058,2755,0.9926771,Inn Keeper,Dwarf,Keldagrim - The King's Axe Inn,Mountain Dwarf,Dwarf,Near White Wolf Mountain
1732,2058,0.9926771,Green Gemstone Secretary,Dwarf,Keldagrim,Inn Keeper,Dwarf,Keldagrim - The King's Axe Inn
1860,4025,0.9926748,Hairdresser,Human,Falador,Tourist,,"Civitas illa Fortis , Aldarin"
900,4200,0.9926679,Curpile Fyod,Human,Mort Myre Swamp,Vigroy,Human,Shilo Village
2940,3425,0.9926627,Ordan,Dwarf,Keldagrim,Santiri,Dwarf,Keldagrim
1115,3425,0.99266267,Dwarven Ferryman,Dwarf,Keldagrim,Santiri,Dwarf,Keldagrim
3301,3425,0.99266267,Richard Flintmaul,Dwarf,,Santiri,Dwarf,Keldagrim
661,2818,0.9926549,Carpenter,Human,Sophanem,Neil,Human,Bandit Camp
3613,4191,0.9926539,Silver Cog Secretary,Dwarf,Keldagrim,Vestri,Dwarf,Near White Wolf Mountain
596,3630,0.9926522,Candle maker,Human,Catherby,Sir Kuam Ferentse,Human,Temple Knight Training Grounds
456,2429,0.99262685,Bloodhound,Dog,Master Treasure Trails,Locke McScruff,Dog,Aldarin
1756,2429,0.99262685,Gruff McScruff,Dog,Hosidius,Locke McScruff,Dog,Aldarin
1860,2553,0.99262214,Hairdresser,Human,Falador,Man,Human,Hosidius vinery
1860,2552,0.99262214,Hairdresser,Human,Falador,Man,Human,Catacombs of Kourend
3651,3657,0.99259907,Sister Naoj,Human,Sisterhood Sanctuary,Sister Toen,Human,Slepe
3651,3655,0.99259907,Sister Naoj,Human,Sisterhood Sanctuary,Sister Sevi,Human,Slepe
3650,3655,0.99259907,Sister Aseret,Human,Sisterhood Sanctuary,Sister Sevi,Human,Slepe
3650,3657,0.99259907,Sister Aseret,Human,Sisterhood Sanctuary,Sister Toen,Human,Slepe
3652,3657,0.99259907,Sister Salohcin,Human,Sisterhood Sanctuary,Sister Toen,Human,Slepe
3652,3658,0.99259907,Sister Salohcin,Human,Sisterhood Sanctuary,Sister Yram,Human,Slepe
3650,3658,0.99259907,Sister Aseret,Human,Sisterhood Sanctuary,Sister Yram,Human,Slepe
3651,3658,0.99259907,Sister Naoj,Human,Sisterhood Sanctuary,Sister Yram,Human,Slepe
3652,3655,0.99259907,Sister Salohcin,Human,Sisterhood Sanctuary,Sister Sevi,Human,Slepe
798,2385,0.9925965,Clerk,Human,Clan Hub,Lesser Fanatic,Human,Edgeville
121,2926,0.9925902,Amelia,Human,Farming Guild,Olivia,Human,Draynor Village
989,3522,0.9925706,Diana,Human,Myths' Guild,Shayda,Human,Shayzien
989,2591,0.9925706,Diana,Human,Myths' Guild,Martha Rehnison,Human,West Ardougne
904,989,0.9925706,Customer,Human,Keldagrim Library,Diana,Human,Myths' Guild
989,2222,0.9925706,Diana,Human,Myths' Guild,Kaylee,Human,Falador
989,2316,0.9925706,Diana,Human,Myths' Guild,Lady Servil,Human,Fight Arena
989,3987,0.9925706,Diana,Human,Myths' Guild,Tina,Human,Falador
989,3786,0.9925706,Diana,Human,Myths' Guild,Squire,Human,Void Knight Outpost
2300,4027,0.9925697,Krato,Citizen of Arceuus,Library Historical Archive,Tower Mage,Citizen of Arceuus,"Tower of Magic , Arceuus"
365,4019,0.9925631,Bartender,Human,Bandit Village in the Kharidian Desert,Torrell,Human,South of East Ardougne
3235,4019,0.9925631,Razmire Keelgan,Human,Mort'ton,Torrell,Human,South of East Ardougne
690,842,0.99254954,Cave monk,Human,Entrana,Cooky Weasel,Human,Rabbit Hole
842,2718,0.99254954,Cooky Weasel,Human,Rabbit Hole,Monk,Human,Lumbridge Swamp
842,1344,0.99254954,Cooky Weasel,Human,Rabbit Hole,Father Lawrence,Human,Varrock church
534,842,0.99254954,Brother Omad,Human,Monastery south of Ardougne,Cooky Weasel,Human,Rabbit Hole
532,842,0.99254954,Brother Kojo,Human,"The Clock Tower , south of Ardougne",Cooky Weasel,Human,Rabbit Hole
529,842,0.99254954,Brother Cedric,Human,East Ardougne,Cooky Weasel,Human,Rabbit Hole
1110,2216,0.9925482,Dwarf,Dwarf,Motherlode Mine,Karl,Dwarf,Keldagrim
1442,4012,0.9925375,Fishmonger,Human,Miscellania,Torbrund,Human,Rellekka Longhall Bar
1407,4012,0.9925375,Fish monger,Human,Rellekka,Torbrund,Human,Rellekka Longhall Bar
2126,2996,0.992536,Jess,Human,East Ardougne,Patty Seer,Human,Lumbridge Castle kitchen
2230,2996,0.992536,Kendall,Human,Great Kourend,Patty Seer,Human,Lumbridge Castle kitchen
340,2996,0.992536,Barmaid,Human,Falador,Patty Seer,Human,Lumbridge Castle kitchen
8,2879,0.9925289,A'abla,Human,Emir's Arena,Nurse Wooned,Human,Shayzien Encampment
2859,3270,0.9925242,Nolar,Dwarf,Keldagrim,Reinald,Dwarf,Keldagrim
2874,4191,0.99250066,Nurmof,Dwarf,Dwarven Mines,Vestri,Dwarf,Near White Wolf Mountain
369,3125,0.992484,Bartender,Human,Lumbridge,Priest,Human,East Ardougne
416,1539,0.9924785,Biblia,Citizen of Arceuus,Arceuus Library,Galana,Citizen of Arceuus,Arceuus Library
416,2741,0.9924785,Biblia,Citizen of Arceuus,Arceuus Library,Mori,Citizen of Arceuus,Arceuus
1090,2932,0.9924761,Dugopul,Monkey,Ape Atoll,Oobapohk,Monkey,Marim
2177,3684,0.9924761,Jumaane,Monkey,Marim,Sleeping Monkey,Monkey,Marim
2932,3684,0.9924761,Oobapohk,Monkey,Marim,Sleeping Monkey,Monkey,Marim
1090,2177,0.9924761,Dugopul,Monkey,Ape Atoll,Jumaane,Monkey,Marim
2028,3684,0.9924761,Ifaba,Monkey,Ape Atoll,Sleeping Monkey,Monkey,Marim
1090,2028,0.9924761,Dugopul,Monkey,Ape Atoll,Ifaba,Monkey,Ape Atoll
758,2667,0.99247587,Chocco,Rabbit,Wester Island,Milkee,Rabbit,Wester Island
589,3582,0.99247193,Callio,Dwarf ( Imcando-descendant ),Cam Torum,Shopkeeper,Dwarf ( Imcando-descendant ),Cam Torum
447,2687,0.99247175,Blandebir,Dwarf,Keldagrim,Miodvetnir,Dwarf,Keldagrim south-west mine
1376,4205,0.9924523,Filamina,Citizen of Arceuus,Arceuus,Villia,Citizen of Arceuus,Arceuus Library
1376,2076,0.9924523,Filamina,Citizen of Arceuus,Arceuus,Istoria,Citizen of Arceuus,Library Historical Archive
1376,2405,0.9924523,Filamina,Citizen of Arceuus,Arceuus,Lillia,Citizen of Arceuus,Catacombs of Kourend
190,1376,0.9924523,Aretha,Citizen of Arceuus,Soul Altar,Filamina,Citizen of Arceuus,Arceuus
450,4041,0.99245024,Blast Furnace Foreman,Dwarf,Keldagrim,Trader,Dwarf,Trade Octagon
3201,3870,0.99243236,Radimus Erkle,Human,Legends' Guild,Swensen the Navigator,Human,Rellekka
2444,3732,0.99242604,Look-out,Human,North of the Arceuus Library,Soldier,Human,Shayzien
2444,3728,0.99242604,Look-out,Human,North of the Arceuus Library,Soldier,Human,Shayzien
172,2964,0.99241924,arc_test_01,Citizen of Arceuus,,Ouditor,Citizen of Arceuus,Arceuus
2146,3882,0.9924152,Joe,Human,Draynor Village jail,Tanner,Human,Crafting Guild
3564,3882,0.9924152,Shop assistant,Human,Rimmington,Tanner,Human,Crafting Guild
751,773,0.99241245,Child,Human,Throughout Meiyerditch,Christopher,Human,? (edit)
1745,3278,0.9924028,Grigor Rasputin,Vampyre,The Crypt,Remus Kaninus,Vampyre,North-east Darkmeyer
1592,3037,0.99240154,Gerald,Human,South of Baxtorian Falls,Pete,Human,North of the Clock Tower
3037,3906,0.99240154,Pete,Human,North of the Clock Tower,Ted Rehnison,Human,West Ardougne
1525,3037,0.99240154,Fur trader,Human,East Ardougne,Pete,Human,North of the Clock Tower
3037,3595,0.99240154,Pete,Human,North of the Clock Tower,Siegfried Erkle,Human,2 nd floor [ UK ] 3 rd floor [ US ] of Legends' Guild (west side)
1966,3037,0.99240154,Hiylik Myna,Human,Paterdomus,Pete,Human,North of the Clock Tower
2846,3902,0.9923887,Niles,Human,Anywhere random events can occur,Tea Seller,Human,Varrock
3066,3902,0.9923887,Piles,Human,Resource Area,Tea Seller,Human,Varrock
714,3391,0.99238324,Chancy,Human,Rimmington,Sailor,Human,Red Rock
4235,4303,0.99237263,Wally,Human,Varrock,Wistan,Human,Burthorpe
432,1738,0.99237025,Bjorn,Human,Rellekka Longhall Bar,Greengrocer,Human,Miscellania Market
1526,3837,0.99237025,Fur trader,Human,Rellekka marketplace,Styrmir,Human,Rellekka Longhall Bar
432,1526,0.99237025,Bjorn,Human,Rellekka Longhall Bar,Fur trader,Human,Rellekka marketplace
1738,3837,0.99237025,Greengrocer,Human,Miscellania Market,Styrmir,Human,Rellekka Longhall Bar
2116,3560,0.99236494,Jeed,Human,Emir's Arena,Shop assistant,Human,Edgeville
722,4025,0.9923638,Charlie,Human,The Grand Tree top floor,Tourist,,"Civitas illa Fortis , Aldarin"
4064,4268,0.992362,Trobert,Human,Brimhaven,Wesley,Human,Nardah
1684,1691,0.99235404,Goblin,Goblin,Battle of Atarisundri,Goblin guard,Goblin,Goblin Cave
3563,3564,0.9923452,Shop assistant,Human,Musa Point,Shop assistant,Human,Rimmington
2146,3563,0.9923452,Joe,Human,Draynor Village jail,Shop assistant,Human,Musa Point
1372,4357,0.992344,Festive Cook,Human,The Nutcracker,Wyson the gardener,Human,Falador
724,839,0.9923403,Charlie the cook,Human,Brimhaven,Cook,Human,Lumbridge Castle kitchen
318,3969,0.99231625,Banker,Human,Varrock,Thrander,Human,Realm of Memories
318,3299,0.9923065,Banker,Human,Varrock,Richard,Human,Hosidius
3049,3107,0.9923057,Phials,Human,Rimmington,Port worker,Human,Port Piscarilius
97,2010,0.9922966,Ali the Tailor,Human,Al Kharid,Iago,Human,No
2754,3966,0.99227166,Mountain Dwarf,Dwarf,Lumbridge dining hall,Thorodin,Dwarf,Miscellania and Etceteria Dungeon
2755,3966,0.99227166,Mountain Dwarf,Dwarf,Near White Wolf Mountain,Thorodin,Dwarf,Miscellania and Etceteria Dungeon
3962,3966,0.99227166,Thorgel,Dwarf,Temple of Light,Thorodin,Dwarf,Miscellania and Etceteria Dungeon
1065,3966,0.99227166,Drogo dwarf,Dwarf,Dwarven Mine,Thorodin,Dwarf,Miscellania and Etceteria Dungeon
1732,3966,0.99227166,Green Gemstone Secretary,Dwarf,Keldagrim,Thorodin,Dwarf,Miscellania and Etceteria Dungeon
2480,3966,0.99227166,Lovakengj Engineer,Dwarf,Battlefront,Thorodin,Dwarf,Miscellania and Etceteria Dungeon
1113,3966,0.99227166,Dwarven Boatman,Dwarf,Keldagrim south-west mine,Thorodin,Dwarf,Miscellania and Etceteria Dungeon
1114,3966,0.99227166,Dwarven Engineer,Dwarf,Keldagrim,Thorodin,Dwarf,Miscellania and Etceteria Dungeon
1879,3966,0.99227166,Hammerspike Stoutbeard,Dwarf,Dwarven Mines,Thorodin,Dwarf,Miscellania and Etceteria Dungeon
247,3966,0.99227166,Austri,Dwarf,Taverley,Thorodin,Dwarf,Miscellania and Etceteria Dungeon
3756,3923,0.99226487,Spice seller,Human,East Ardougne,Terry Balando,Human,Exam Centre
722,2553,0.9922476,Charlie,Human,The Grand Tree top floor,Man,Human,Hosidius vinery
722,2552,0.9922476,Charlie,Human,The Grand Tree top floor,Man,Human,Catacombs of Kourend
1701,4188,0.99224305,Golova,Human,Hosidius,Veronica,Human,Draynor Manor
1951,3989,0.9922424,Hickton,Human,Catherby,Tindel Marchant,Human,Port Khazard
722,2069,0.99223083,Charlie,Human,The Grand Tree top floor,Ironman tutor,Human,Tutorial Island
2890,3066,0.9922259,Obli,Human,Shilo Village,Piles,Human,Resource Area
2846,2890,0.9922259,Niles,Human,Anywhere random events can occur,Obli,Human,Shilo Village
1112,3966,0.9922241,Dwarven Boatman,Dwarf,Keldagrim,Thorodin,Dwarf,Miscellania and Etceteria Dungeon
1292,3070,0.9922216,Executioner,Human,East Ardougne,Pillory Guard,Human,Random Event
1360,1674,0.992216,Femi,Gnome,Tree Gnome Stronghold,Gnome traveller,Gnome,"King's Axe Inn , 1 st floor [ UK ] 2 nd floor [ US ]"
3072,3073,0.992201,Pious Pete,Human,Candelight random event,Pious Pete,Human,Realm of Memories
2874,3613,0.99219835,Nurmof,Dwarf,Dwarven Mines,Silver Cog Secretary,Dwarf,Keldagrim
1299,3613,0.9921953,Factory Manager,Dwarf,Keldagrim,Silver Cog Secretary,Dwarf,Keldagrim
1074,1786,0.9921844,Drunken Dwarf,Dwarf,Random,Guard,Dwarf,Motherlode Mine entrance
327,328,0.99217457,Barbarian,Human,Varrock,Barbarian,Human,Blue Moon Inn
2631,4047,0.9921466,Meiyerditch citizen,Human,Meiyerditch,Trader Sven,Human,Meiyerditch
1836,3613,0.9921454,Gunslik,Dwarf,Western Keldagrim,Silver Cog Secretary,Dwarf,Keldagrim
2161,3613,0.9921454,Jorra,Dwarf ( Imcando-descendant ),Lovakengj Assembly,Silver Cog Secretary,Dwarf,Keldagrim
3309,3613,0.9921454,Riki the sculptor's model,Dwarf,Keldagrim,Silver Cog Secretary,Dwarf,Keldagrim
1674,2497,0.9921333,Gnome traveller,Gnome,"King's Axe Inn , 1 st floor [ UK ] 2 nd floor [ US ]",Lumdo,Gnome,"Ape Atoll , Crash Island"
1341,2635,0.99212843,Father Eysseric,Human,Shayzien,Melee combat tutor,Human,Lumbridge
1830,2428,0.9921129,Gulluck,Gnome,Grand Tree,Local Gnome,Gnome,Tree Gnome Village
1830,2201,0.9921129,Gulluck,Gnome,Grand Tree,Kalron,Gnome,Tree Gnome Village
1076,1786,0.99211264,Drunken Dwarf,,Player-owned boat,Guard,Dwarf,Motherlode Mine entrance
2318,2660,0.9921,Lady Table,Human,Temple Knight Training Grounds,Mia,Human,Shayzien
3339,3788,0.99209785,Rommik,Human,Blue Moon Inn,Squire,Human,Void Knights' Outpost
1539,3973,0.9920956,Galana,Citizen of Arceuus,Arceuus Library,Thyria,Citizen of Arceuus,Arceuus
2741,3973,0.9920956,Mori,Citizen of Arceuus,Arceuus,Thyria,Citizen of Arceuus,Arceuus
360,2502,0.9920952,Bartender,Human,Nemus Retreat,Lunami,Human,Auburnvale
1452,4214,0.99209344,Florin,Human,Burgh de Rott,Vladimir,Human,Burgh de Rott
3066,3556,0.9920819,Piles,Human,Resource Area,Shipyard worker,,Ship Yard
2846,3556,0.9920815,Niles,Human,Anywhere random events can occur,Shipyard worker,,Ship Yard
1860,4064,0.9920801,Hairdresser,Human,Falador,Trobert,Human,Brimhaven
1559,3299,0.9920794,Gary,Human,Varrock,Richard,Human,Hosidius
3338,3788,0.9920677,Rommik,Human,Rimmington,Squire,Human,Void Knights' Outpost
639,3788,0.9920677,Captain Rimor,Human,Mount Quidamortem,Squire,Human,Void Knights' Outpost
2562,2665,0.992062,Manni the Reveller,Human,Rellekka Longhall Bar,Mikey,Human,South-east of Barbarian Village
56,2878,0.99205416,Aisles,Human,Tai Bwo Wannai,Nurse Sarah,Human,West Ardougne
1342,1585,0.9920525,Father Gnome,Gnome,? (edit),Generic Diplomat,Gnome,
2620,3969,0.99203503,Mazion,Human,Entrana sandpit,Thrander,Human,Realm of Memories
243,3955,0.9920284,Audmann,Dwarf,Keldagrim,Thirus,Dwarf ( Imcando-descendant ),Lovakengj
1116,3955,0.9920284,Dwarven Miner,Dwarf,Keldagrim,Thirus,Dwarf ( Imcando-descendant ),Lovakengj
243,2249,0.99202836,Audmann,Dwarf,Keldagrim,"Khorvak, a dwarven engineer",Dwarf,Under White Wolf Mountain
243,2163,0.99202836,Audmann,Dwarf,Keldagrim,Jorzik,Dwarf,Keldagrim
1116,2249,0.99202836,Dwarven Miner,Dwarf,Keldagrim,"Khorvak, a dwarven engineer",Dwarf,Under White Wolf Mountain
1116,2163,0.99202836,Dwarven Miner,Dwarf,Keldagrim,Jorzik,Dwarf,Keldagrim
2971,3556,0.9920183,Oziach,Human,North-west Edgeville,Shipyard worker,,Ship Yard
2973,3556,0.9920183,Oziach,Human,Blue Moon Inn,Shipyard worker,,Ship Yard
2232,3139,0.99201447,Kennith,Human,"Fishing Platform , later Witchaven",Prisoner,Human,Haunted Woods
2232,3536,0.99201447,Kennith,Human,"Fishing Platform , later Witchaven",Shilop,Human,Varrock square
23,1967,0.9920069,Account Guide,Human,Tutorial Island,Hobbes,Human,Sinclair Mansion
1378,1967,0.9920069,Financial Advisor,Human,Tutorial Island,Hobbes,Human,Sinclair Mansion
2600,3213,0.9919976,Mary,Human,Sinclair Mansion,Ranged combat tutor,Human,Lumbridge
1004,2890,0.99198985,Dock worker,Human,Port Piscarilius,Obli,Human,Shilo Village
2652,3560,0.9919859,Messenger,Human,Anywhere,Shop assistant,Human,Edgeville
1559,2385,0.99198306,Gary,Human,Varrock,Lesser Fanatic,Human,Edgeville
172,4027,0.9919771,arc_test_01,Citizen of Arceuus,,Tower Mage,Citizen of Arceuus,"Tower of Magic , Arceuus"
2274,3301,0.991976,Kjut,Dwarf,Keldagrim,Richard Flintmaul,Dwarf,
2274,2940,0.991976,Kjut,Dwarf,Keldagrim,Ordan,Dwarf,Keldagrim
1115,2274,0.991976,Dwarven Ferryman,Dwarf,Keldagrim,Kjut,Dwarf,Keldagrim
661,1534,0.9919647,Carpenter,Human,Sophanem,Gabooty,Human,Tai Bwo Wannai
834,2050,0.99196357,Conwenna,Elf,Prifddinas,Indis,Elf,Prifddinas
1382,2050,0.99196357,Findis,Elf,Prifddinas,Indis,Elf,Prifddinas
2050,2403,0.99196357,Indis,Elf,Prifddinas,Lilifang,Elf,Grand Library
2050,2624,0.99196357,Indis,Elf,Prifddinas,Meddwl Ymlaen Llaw,Elf,North of Prifddinas
995,2050,0.99196357,Diol,Elf,Prifddinas,Indis,Elf,Prifddinas
1695,3636,0.99196297,Godric,Human,Troll Stronghold prison,Sir Percival,Human,Fisher Realm
405,2163,0.9919618,Bentamir,Dwarf,Keldagrim,Jorzik,Dwarf,Keldagrim
405,3955,0.9919618,Bentamir,Dwarf,Keldagrim,Thirus,Dwarf ( Imcando-descendant ),Lovakengj
405,2249,0.9919618,Bentamir,Dwarf,Keldagrim,"Khorvak, a dwarven engineer",Dwarf,Under White Wolf Mountain
4102,4110,0.99196076,TzHaar-Ket-Keh,TzHaar,Mor Ul Rek,TzHaar-Mej-Kah,TzHaar,Mor Ul Rek
4102,4106,0.99196076,TzHaar-Ket-Keh,TzHaar,Mor Ul Rek,TzHaar-Mej,TzHaar,Mor Ul Rek
3139,3340,0.99195445,Prisoner,Human,Haunted Woods,Ron Gadderanks,Human,North Darkmeyer
3340,3536,0.99195445,Ron Gadderanks,Human,North Darkmeyer,Shilop,Human,Varrock square
1299,2874,0.99194646,Factory Manager,Dwarf,Keldagrim,Nurmof,Dwarf,Dwarven Mines
280,1771,0.99194455,Guard,Human,Varrock,Guard,Human,Varrock
777,3499,0.99194026,Citizen,Human,Aldarin,Sergius,Human,Twilight Temple
1352,3499,0.99194026,Felius,Human,Twilight Temple,Sergius,Human,Twilight Temple
2158,3788,0.99192274,Jonathan,Human,Hosidius,Squire,Human,Void Knights' Outpost
1158,3896,0.9919218,Eira,Elf,Prifddinas,Tatie,Elf,Prifddinas
3382,3896,0.9919218,Saeth,Elf,Prifddinas,Tatie,Elf,Prifddinas
510,1158,0.9919218,Branwen,Elf,Prifddinas,Eira,Elf,Prifddinas
510,3382,0.9919218,Branwen,Elf,Prifddinas,Saeth,Elf,Prifddinas
510,1373,0.9919218,Branwen,Elf,Prifddinas,Ffoni,Elf,Prifddinas
510,2849,0.9919218,Branwen,Elf,Prifddinas,Nimrodel,Elf,Grand Library
2849,3896,0.9919218,Nimrodel,Elf,Grand Library,Tatie,Elf,Prifddinas
1373,3896,0.9919218,Ffoni,Elf,Prifddinas,Tatie,Elf,Prifddinas
406,1981,0.991912,Bernald,Human,Burthorpe,Hops,Human,Rimmington
690,3969,0.9919046,Cave monk,Human,Entrana,Thrander,Human,Realm of Memories
534,3969,0.9919046,Brother Omad,Human,Monastery south of Ardougne,Thrander,Human,Realm of Memories
532,3969,0.9919046,Brother Kojo,Human,"The Clock Tower , south of Ardougne",Thrander,Human,Realm of Memories
1344,3969,0.9919046,Father Lawrence,Human,Varrock church,Thrander,Human,Realm of Memories
529,3969,0.9919046,Brother Cedric,Human,East Ardougne,Thrander,Human,Realm of Memories
2718,3969,0.9919046,Monk,Human,Lumbridge Swamp,Thrander,Human,Realm of Memories
276,1830,0.9919039,Ball boy,Gnome,"Al Kharid , Brimhaven , Catherby beach",Gulluck,Gnome,Grand Tree
3213,3648,0.99190307,Ranged combat tutor,Human,Lumbridge,Siren,,
1860,2620,0.99188817,Hairdresser,Human,Falador,Mazion,Human,Entrana sandpit
517,1951,0.9918856,Brian,Human,Port Sarim,Hickton,Human,Catherby
2517,3447,0.9918839,Mad skavid,Skavid,Skavid caves,Scared skavid,Skavid,Skavid caves
2517,3661,0.9918833,Mad skavid,Skavid,Skavid caves,Skavid,Skavid,Skavid caves
3298,3566,0.99187326,Richard,Human,Ardougne,Shop assistant,Human,Varrock
842,2069,0.9918614,Cooky Weasel,Human,Rabbit Hole,Ironman tutor,Human,Tutorial Island
369,3639,0.9918561,Bartender,Human,Lumbridge,Sir Rebral,Human,Falador
3497,4262,0.99185264,Sergeant Tobyn,Human,Varrock Square,Well-dressed man,Human,Aldarin
530,830,0.9918493,Brother Jered,Human,Edgeville Monastery,Concerned man,Human,Varrock
1206,2146,0.9918412,Ellis,Human,Al Kharid,Joe,Human,Draynor Village jail
1206,3564,0.9918412,Ellis,Human,Al Kharid,Shop assistant,Human,Rimmington
553,2500,0.99183667,Bunkdo,Gnome,Ape Atoll,Lumo,Gnome,Ape Atoll
532,1860,0.991833,Brother Kojo,Human,"The Clock Tower , south of Ardougne",Hairdresser,Human,Falador
529,1860,0.991833,Brother Cedric,Human,East Ardougne,Hairdresser,Human,Falador
1344,1860,0.991833,Father Lawrence,Human,Varrock church,Hairdresser,Human,Falador
1860,2718,0.991833,Hairdresser,Human,Falador,Monk,Human,Lumbridge Swamp
534,1860,0.991833,Brother Omad,Human,Monastery south of Ardougne,Hairdresser,Human,Falador
690,1860,0.991833,Cave monk,Human,Entrana,Hairdresser,Human,Falador
1297,2853,0.99183017,Faaid,Human,Menaphos,Nkuku,Human,Nardah
193,4064,0.9918269,Arhein,Human,Catherby,Trobert,Human,Brimhaven
800,3973,0.99180853,Clerris,Citizen of Arceuus,Dense runestone mine,Thyria,Citizen of Arceuus,Arceuus
3141,3564,0.99179506,Prisoner,Human,North Darkmeyer,Shop assistant,Human,Rimmington
1038,3564,0.99179506,Doug Deeping,Human,Down the north-eastern borehole of the Digsite,Shop assistant,Human,Rimmington
935,2146,0.99179506,Darkmeyer Slave,Human,Hallowed Sepulchre,Joe,Human,Draynor Village jail
2146,2674,0.99179506,Joe,Human,Draynor Village jail,Mine cart driver,Human,Desert Mining Camp
468,2146,0.99179506,Boar31337Killer,Human,Southern Island of The Node,Joe,Human,Draynor Village jail
1444,3564,0.99179506,Flax keeper,Human,Seers' Village Flax Fields,Shop assistant,Human,Rimmington
1444,2146,0.99179506,Flax keeper,Human,Seers' Village Flax Fields,Joe,Human,Draynor Village jail
468,3564,0.99179506,Boar31337Killer,Human,Southern Island of The Node,Shop assistant,Human,Rimmington
2674,3564,0.99179506,Mine cart driver,Human,Desert Mining Camp,Shop assistant,Human,Rimmington
1886,3564,0.99179506,Hans,Human,Al Kharid,Shop assistant,Human,Rimmington
1886,2146,0.99179506,Hans,Human,Al Kharid,Joe,Human,Draynor Village jail
2146,3141,0.99179506,Joe,Human,Draynor Village jail,Prisoner,Human,North Darkmeyer
935,3564,0.99179506,Darkmeyer Slave,Human,Hallowed Sepulchre,Shop assistant,Human,Rimmington
1038,2146,0.99179506,Doug Deeping,Human,Down the north-eastern borehole of the Digsite,Joe,Human,Draynor Village jail
2221,3499,0.9917928,Kauayotl,Human,Tal Teklan,Sergius,Human,Twilight Temple
13,2569,0.9917884,Abigale,Human,Lumbridge Swamp,Mariah,Human,Hosidius
230,1657,0.99178594,Assistant Le Smith,Gnome,Tree Gnome Stronghold,Gnome,Gnome,
798,2620,0.9917815,Clerk,Human,Clan Hub,Mazion,Human,Entrana sandpit
470,2205,0.99177796,Bob,Human,Lumbridge,Kangai Mau,Human,Brimhaven
471,2205,0.99177796,Bob,Human,Lumbridge,Kangai Mau,Human,Brimhaven
1259,3097,0.9917691,Erdan,Human,Myths' Guild,Ponts the Bridgemaster,Human,Myths' Guild
504,1935,0.9917674,Boy,Human,Taverley,Henja,Human,Rimmington
2620,3299,0.9917669,Mazion,Human,Entrana sandpit,Richard,Human,Hosidius
2318,2349,0.9917574,Lady Table,Human,Temple Knight Training Grounds,Layleen,Human,Tai Bwo Wannai
2972,3107,0.991753,Oziach,Human,South of the Edgeville Monastery,Port worker,Human,Port Piscarilius
3878,4062,0.9917495,Tamayu,Human,Tai Bwo Wannai village,Tribal Weapon Salesman,Human,Ranging Guild
3974,4062,0.99174917,Tiadeche,Human,Tai Bwo Wannai village,Tribal Weapon Salesman,Human,Ranging Guild
3384,4077,0.99174774,Safta Doc,Human,Tai Bwo Wannai,Trufitus,Human,Tai Bwo Wannai
2964,2974,0.99173486,Ouditor,Citizen of Arceuus,Arceuus,Pagida,Citizen of Arceuus,Library Historical Archive
193,3299,0.991724,Arhein,Human,Catherby,Richard,Human,Hosidius
2219,2744,0.9916971,Kathy Corkat,Human,West of Tree Gnome Stronghold,Mort'ton local,Human,Mort'ton
530,948,0.9916966,Brother Jered,Human,Edgeville Monastery,David,Human,Sinclair Mansion
798,3969,0.9916929,Clerk,Human,Clan Hub,Thrander,Human,Realm of Memories
2068,4025,0.9916884,Ironman tutor,Human,Lumbridge,Tourist,,"Civitas illa Fortis , Aldarin"
2219,2668,0.9916858,Kathy Corkat,Human,West of Tree Gnome Stronghold,Milli Rehnison,Human,West Ardougne
836,4349,0.99168575,Cook,Human,Blue Moon Inn,Worried Baker,Human,Varrock
640,1951,0.9916853,Captain Rovin,Human,Varrock Palace,Hickton,Human,Catherby
2551,3568,0.99168384,Man,Werewolf,Canifis,Shop keeper,Human,Al Kharid
2964,4095,0.9916811,Ouditor,Citizen of Arceuus,Arceuus,Tyss,Citizen of Arceuus,Great Kourend
1526,2956,0.9916717,Fur trader,Human,Rellekka marketplace,Ospak,Human,Rellekka Longhall Bar
1178,1526,0.9916717,Eldgrim,Human,Rellekka Longhall Bar,Fur trader,Human,Rellekka marketplace
1178,1738,0.9916717,Eldgrim,Human,Rellekka Longhall Bar,Greengrocer,Human,Miscellania Market
1738,2956,0.9916713,Greengrocer,Human,Miscellania Market,Ospak,Human,Rellekka Longhall Bar
714,1886,0.9916534,Chancy,Human,Rimmington,Hans,Human,Al Kharid
714,1444,0.9916534,Chancy,Human,Rimmington,Flax keeper,Human,Seers' Village Flax Fields
468,714,0.9916534,Boar31337Killer,Human,Southern Island of The Node,Chancy,Human,Rimmington
714,3141,0.9916534,Chancy,Human,Rimmington,Prisoner,Human,North Darkmeyer
714,1038,0.9916534,Chancy,Human,Rimmington,Doug Deeping,Human,Down the north-eastern borehole of the Digsite
714,935,0.9916534,Chancy,Human,Rimmington,Darkmeyer Slave,Human,Hallowed Sepulchre
714,2674,0.9916534,Chancy,Human,Rimmington,Mine cart driver,Human,Desert Mining Camp
3400,3401,0.99165154,Salius,Human,Salvager Overlook,Salvager,Human,Salvager Overlook
2068,2553,0.9916359,Ironman tutor,Human,Lumbridge,Man,Human,Hosidius vinery
2068,2552,0.9916359,Ironman tutor,Human,Lumbridge,Man,Human,Catacombs of Kourend
835,839,0.9916342,Cook,Human,Al Kharid,Cook,Human,Lumbridge Castle kitchen
1300,2216,0.99161524,Factory Worker,Dwarf,Blast Furnace,Karl,Dwarf,Keldagrim
410,1324,0.99159944,Bert,Human,Yanille,Farmer,Human,Groats' farm
410,1885,0.991599,Bert,Human,Yanille,Hans,Human,Lumbridge
1035,2677,0.99159837,Doric,Dwarf,North of Falador,Miner,Dwarf,Motherlode Mine
2449,3391,0.99158156,Lord Daquarius,Human,Taverley Dungeon,Sailor,Human,Red Rock
690,3299,0.9915713,Cave monk,Human,Entrana,Richard,Human,Hosidius
1344,3299,0.9915713,Father Lawrence,Human,Varrock church,Richard,Human,Hosidius
2718,3299,0.9915713,Monk,Human,Lumbridge Swamp,Richard,Human,Hosidius
529,3299,0.9915713,Brother Cedric,Human,East Ardougne,Richard,Human,Hosidius
532,3299,0.9915712,Brother Kojo,Human,"The Clock Tower , south of Ardougne",Richard,Human,Hosidius
534,3299,0.9915712,Brother Omad,Human,Monastery south of Ardougne,Richard,Human,Hosidius
1004,3902,0.991565,Dock worker,Human,Port Piscarilius,Tea Seller,Human,Varrock
2385,3969,0.9915458,Lesser Fanatic,Human,Edgeville,Thrander,Human,Realm of Memories
1754,3462,0.991541,Grubfoot,Goblin,Goblin Village,Scrubfoot,Goblin,Scrubfoot's cave
1078,3562,0.9915401,Drunken soldier,Human,The Cloak and Stagger,Shop assistant,Human,Lumbridge
2980,3562,0.9915401,Panning guide,Human,Digsite,Shop assistant,Human,Lumbridge
3562,3700,0.9915401,Shop assistant,Human,Lumbridge,Smithing apprentice,Human,Lumbridge
3562,3997,0.9915401,Shop assistant,Human,Lumbridge,Toby,Human,Varrock
2578,3562,0.9915401,Mark,Human,Port Piscarilius,Shop assistant,Human,Lumbridge
3562,3928,0.9915401,Shop assistant,Human,Lumbridge,The 'Wedge',Human,Camelot
1715,3562,0.9915401,Grand Exchange Clerk,Human,Grand Exchange,Shop assistant,Human,Lumbridge
2385,3177,0.99150836,Lesser Fanatic,Human,Edgeville,Quartermaster,Human,Tyras Camp
429,2385,0.99150836,Billy Rehnison,Human,West Ardougne,Lesser Fanatic,Human,Edgeville
830,2068,0.9914928,Concerned man,Human,Varrock,Ironman tutor,Human,Lumbridge
2915,3963,0.9914832,Olaf the Bard,Human,Rellekka,Thorkel Silkbeard,Human,Jatizso
520,624,0.9914721,Briget,Human,Shayzien,Captain Ginea,Human,Shayzien Encampment
2349,4052,0.9914651,Layleen,Human,Tai Bwo Wannai,Tramp,Human,Varrock
993,2349,0.991465,Digsite workman,Human,Digsite and near Varrock Museum,Layleen,Human,Tai Bwo Wannai
2349,3681,0.991465,Layleen,Human,Tai Bwo Wannai,Slave,Human,Fight Arena
2228,2349,0.991465,Kelvin,Human,Fight Arena,Layleen,Human,Tai Bwo Wannai
120,2051,0.99145937,Amelia,Human,Shayzien,Information clerk,Human,Varrock Museum
80,3066,0.9914497,Alfonse the waiter,Human,Brimhaven,Piles,Human,Resource Area
354,2846,0.9914497,Bartender,Human,Varrock,Niles,Human,Anywhere random events can occur
354,3066,0.9914497,Bartender,Human,Varrock,Piles,Human,Resource Area
80,2846,0.9914497,Alfonse the waiter,Human,Brimhaven,Niles,Human,Anywhere random events can occur
167,2449,0.9914476,Apprentice workman,Human,Falador,Lord Daquarius,Human,Taverley Dungeon
342,2216,0.9914471,Barman,Dwarf,West Keldagrim,Karl,Dwarf,Keldagrim
9,359,0.9914396,Abbot Langley,Human,Edgeville Monastery,Bartender,Human,"North-east of Varrock , nearly in Wilderness"
858,2385,0.99143434,Councillor Andrews,Human,Kourend Castle,Lesser Fanatic,Human,Edgeville
2069,3562,0.9914254,Ironman tutor,Human,Tutorial Island,Shop assistant,Human,Lumbridge
1770,3070,0.99142265,Guard,Human,East Ardougne,Pillory Guard,Human,Random Event
1559,3969,0.99141335,Gary,Human,Varrock,Thrander,Human,Realm of Memories
1915,3564,0.9914045,Head Servant,Human,? (edit),Shop assistant,Human,Rimmington
1915,2146,0.9914045,Head Servant,Human,? (edit),Joe,Human,Draynor Village jail
798,1860,0.99140114,Clerk,Human,Clan Hub,Hairdresser,Human,Falador
2058,2874,0.99139357,Inn Keeper,Dwarf,Keldagrim - The King's Axe Inn,Nurmof,Dwarf,Dwarven Mines
2339,3639,0.9913791,Larry,Human,Falador,Sir Rebral,Human,Falador
3946,4052,0.99137414,Theodore Paxton,Human,Red Rock,Tramp,Human,Varrock
993,3946,0.99137414,Digsite workman,Human,Digsite and near Varrock Museum,Theodore Paxton,Human,Red Rock
3681,3946,0.99137414,Slave,Human,Fight Arena,Theodore Paxton,Human,Red Rock
2228,3946,0.99137414,Kelvin,Human,Fight Arena,Theodore Paxton,Human,Red Rock
410,3725,0.991374,Bert,Human,Yanille,Soldier,Human,Death Plateau (south)
410,876,0.991374,Bert,Human,Yanille,Crafting tutor,Human,Lumbridge Castle
362,410,0.991374,Bartender,Human,Port Sarim,Bert,Human,Yanille
2989,2991,0.99137175,Party Pete,Human,Falador Party Room,Party Pete,Human,Falador Party Room
1869,1928,0.99136233,Hallak,Elemental,Water Ravine Dungeon,Helpful Spirit,Ghost,Tombs of Amascut
915,3735,0.99135983,Daga,Monkey,Marim,Solihib,Monkey,Marim
1257,3338,0.9913561,Erasmus,Human,Lumbridge,Rommik,Human,Rimmington
639,1257,0.9913561,Captain Rimor,Human,Mount Quidamortem,Erasmus,Human,Lumbridge
2594,2652,0.99135053,Martin Thwait,Human,Rogues' Den,Messenger,Human,Anywhere
310,977,0.99134535,Banker,Elf,Prifddinas,Derwen,Elf,Prifddinas
2444,3729,0.99131393,Look-out,Human,North of the Arceuus Library,Soldier,Human,Lizardman Canyon
528,948,0.99130964,Brother Brace,Human,Tutorial Island,David,Human,Sinclair Mansion
207,1018,0.99130625,Arno,Human,Farming Guild,Dominic Onion,Human,"Nightmare Zone , north of Yanille"
2971,3107,0.99129844,Oziach,Human,North-west Edgeville,Port worker,Human,Port Piscarilius
2973,3107,0.99129844,Oziach,Human,Blue Moon Inn,Port worker,Human,Port Piscarilius
528,830,0.9912974,Brother Brace,Human,Tutorial Island,Concerned man,Human,Varrock
573,2187,0.9912845,c4ssi4n,Human,Hallowed Sepulchre,Jyn,Human,Hallowed Sepulchre
2560,3648,0.9912783,Mandy,Human,Mansion in a faraway island.,Siren,,
2086,3391,0.99127585,Jack,Human,Myths' Guild,Sailor,Human,Red Rock
2974,4027,0.9912739,Pagida,Citizen of Arceuus,Library Historical Archive,Tower Mage,Citizen of Arceuus,"Tower of Magic , Arceuus"
2560,2600,0.9912567,Mandy,Human,Mansion in a faraway island.,Mary,Human,Sinclair Mansion
1582,2608,0.9912535,General Vir,Human,Battlefront,Master smithing tutor,Human,Varrock
243,491,0.9912431,Audmann,Dwarf,Keldagrim,Boot,Dwarf,Dwarven Mines
491,1116,0.9912431,Boot,Dwarf,Dwarven Mines,Dwarven Miner,Dwarf,Keldagrim
2878,3560,0.9912423,Nurse Sarah,Human,West Ardougne,Shop assistant,Human,Edgeville
410,1950,0.9912404,Bert,Human,Yanille,Hewey,Human,Lumbridge Swamp
167,3564,0.9912398,Apprentice workman,Human,Falador,Shop assistant,Human,Rimmington
167,2146,0.9912398,Apprentice workman,Human,Falador,Joe,Human,Draynor Village jail
1110,1522,0.99122715,Dwarf,Dwarf,Motherlode Mine,Fullangr,Dwarf,Miscellania and Etceteria Dungeon
1028,3614,0.9912206,Donovan the Family Handyman,Human,"Sinclair Mansion , 1 st floor [ UK ] 2 nd floor [ US ]",Silver merchant,Human,East Ardougne
2877,3377,0.99121964,Nurse Inn'Juree,Human,Shayzien Encampment,Sabreen,Human,Emir's Arena
1489,2006,0.99120593,Freja,Human,Myths' Guild,Hunting expert,Human,Rellekka Hunter area
4027,4095,0.9912058,Tower Mage,Citizen of Arceuus,"Tower of Magic , Arceuus",Tyss,Citizen of Arceuus,Great Kourend
3049,3066,0.99120176,Phials,Human,Rimmington,Piles,Human,Resource Area
2846,3049,0.99120176,Niles,Human,Anywhere random events can occur,Phials,Human,Rimmington
405,491,0.9911955,Bentamir,Dwarf,Keldagrim,Boot,Dwarf,Dwarven Mines
1114,2218,0.9911927,Dwarven Engineer,Dwarf,Keldagrim,Kaston,Dwarf,Shayzien
1113,2218,0.9911927,Dwarven Boatman,Dwarf,Keldagrim south-west mine,Kaston,Dwarf,Shayzien
247,2218,0.9911927,Austri,Dwarf,Taverley,Kaston,Dwarf,Shayzien
1732,2218,0.9911927,Green Gemstone Secretary,Dwarf,Keldagrim,Kaston,Dwarf,Shayzien
1879,2218,0.9911927,Hammerspike Stoutbeard,Dwarf,Dwarven Mines,Kaston,Dwarf,Shayzien
1065,2218,0.9911927,Drogo dwarf,Dwarf,Dwarven Mine,Kaston,Dwarf,Shayzien
2218,3962,0.9911927,Kaston,Dwarf,Shayzien,Thorgel,Dwarf,Temple of Light
2218,2754,0.9911927,Kaston,Dwarf,Shayzien,Mountain Dwarf,Dwarf,Lumbridge dining hall
2218,2755,0.9911927,Kaston,Dwarf,Shayzien,Mountain Dwarf,Dwarf,Near White Wolf Mountain
2218,2480,0.9911927,Kaston,Dwarf,Shayzien,Lovakengj Engineer,Dwarf,Battlefront
798,3299,0.99118966,Clerk,Human,Clan Hub,Richard,Human,Hosidius
2349,3560,0.9911841,Layleen,Human,Tai Bwo Wannai,Shop assistant,Human,Edgeville
879,4142,0.9911768,Crate goblin,Dorgeshuun,Dorgesh-Kaan,Ur-zek,Dorgeshuun,Dorgesh-Kaan
1538,2679,0.99113303,Galahad,Human,Near McGrubor's Wood,Miner Magnus,Human,Miscellania
857,3004,0.9911252,Council workman,Human,Bridge leading to Rellekka,Peasant,Human,Fisher Realm
537,1300,0.9911252,Brown Engine Secretary,Dwarf,Keldagrim,Factory Worker,Dwarf,Blast Furnace
1286,3897,0.99111265,Evelot,Human,South of Tower of Life,Tau,Human,Falador
243,1023,0.9911088,Audmann,Dwarf,Keldagrim,Donal,Dwarf,Miscellania and Etceteria Dungeon
1023,1116,0.9911088,Donal,Dwarf,Miscellania and Etceteria Dungeon,Dwarven Miner,Dwarf,Keldagrim
1170,1176,0.991104,Elder Korel,Tortugan,The Summer Shore,Elder Strom,Tortugan,The Summer Shore
785,4206,0.99108773,Citizen,Human,Bazaar in Civitas illa Fortis,Vincens,Human,Outer Fortis
318,2385,0.9910851,Banker,Human,Varrock,Lesser Fanatic,Human,Edgeville
405,1023,0.99106145,Bentamir,Dwarf,Keldagrim,Donal,Dwarf,Miscellania and Etceteria Dungeon
230,652,0.9910608,Assistant Le Smith,Gnome,Tree Gnome Stronghold,Carado,Gnome,Ape Atoll
1107,1116,0.9910501,Dwarf,Dwarf,Dwarven Mine,Dwarven Miner,Dwarf,Keldagrim
243,1107,0.9910501,Audmann,Dwarf,Keldagrim,Dwarf,Dwarf,Dwarven Mine
1798,2580,0.9910495,Guard Captain,Human,"Dragon Inn , Yanille",Market Guard,,Port Roberts
423,1093,0.9910426,BigRedJapan,Human,Rooftop Agility Courses,Duke Horacio,Human,Lumbridge Castle
423,1094,0.9910426,BigRedJapan,Human,Rooftop Agility Courses,Duke Horacio,Human,Lumbridge Castle ground floor [ UK ] 1 st floor [ US ]
1695,2385,0.9910338,Godric,Human,Troll Stronghold prison,Lesser Fanatic,Human,Edgeville
405,1107,0.99100494,Bentamir,Dwarf,Keldagrim,Dwarf,Dwarf,Dwarven Mine
128,310,0.99099916,Amrod,Elf,Prifddinas,Banker,Elf,Prifddinas
1257,3339,0.99099475,Erasmus,Human,Lumbridge,Rommik,Human,Blue Moon Inn
1282,3521,0.99099183,Etz,Human,Auburnvale,Shas,Human,Auburnvale
1343,3789,0.9909382,Father Jean,Human,Hosidius,Squire,Human,Void Knight Outpost
1112,2218,0.990937,Dwarven Boatman,Dwarf,Keldagrim,Kaston,Dwarf,Shayzien
2553,3299,0.9909316,Man,Human,Hosidius vinery,Richard,Human,Hosidius
2552,3299,0.9909316,Man,Human,Catacombs of Kourend,Richard,Human,Hosidius
2661,3498,0.9909284,Miala,Human,East of Burgh de Rott,Sergiu,Human,Burgh de Rott
233,911,0.9909281,Assistant Serf,Human,Varrock,D3ad1i F15her,Human,The Node
735,3604,0.990922,Chef Olivia,Human,Hosidius,Signy,Human,Miscellania and Etceteria Dungeon
103,2651,0.9909107,Almera,Human,Baxtorian Falls,Meskhenet,Human,Nardah
410,468,0.9909083,Bert,Human,Yanille,Boar31337Killer,Human,Southern Island of The Node
410,3141,0.9909083,Bert,Human,Yanille,Prisoner,Human,North Darkmeyer
410,1038,0.9909083,Bert,Human,Yanille,Doug Deeping,Human,Down the north-eastern borehole of the Digsite
410,1886,0.9909083,Bert,Human,Yanille,Hans,Human,Al Kharid
410,935,0.9909083,Bert,Human,Yanille,Darkmeyer Slave,Human,Hallowed Sepulchre
410,1444,0.9909083,Bert,Human,Yanille,Flax keeper,Human,Seers' Village Flax Fields
410,2674,0.9909083,Bert,Human,Yanille,Mine cart driver,Human,Desert Mining Camp
1338,1343,0.9908991,Father Aereck,Human,Lumbridge,Father Jean,Human,Hosidius
1337,1343,0.9908991,Father Aereck,Human,Lumbridge,Father Jean,Human,Hosidius
504,4269,0.9908984,Boy,Human,Taverley,Weve,Human,Wyvern Cave
838,4303,0.9908916,Cook,Human,Jolly Boar Inn,Wistan,Human,Burthorpe
365,4439,0.99088895,Bartender,Human,Bandit Village in the Kharidian Desert,Zul-Onan,Human,Zul-Andra
3235,4439,0.99088895,Razmire Keelgan,Human,Mort'ton,Zul-Onan,Human,Zul-Andra
3299,4025,0.99088115,Richard,Human,Hosidius,Tourist,,"Civitas illa Fortis , Aldarin"
2069,2385,0.99087447,Ironman tutor,Human,Tutorial Island,Lesser Fanatic,Human,Edgeville
2272,3042,0.9908731,Kiyahtla,Human,Tlati Rainforest,Petrus,Human,Minotaurs' Rest
410,3391,0.99086857,Bert,Human,Yanille,Sailor,Human,Red Rock
2620,3562,0.9908587,Mazion,Human,Entrana sandpit,Shop assistant,Human,Lumbridge
1347,1876,0.99085426,Faustus,Human,Aldarin,Hamid,Human,Emir's Arena
2126,3429,0.990831,Jess,Human,East Ardougne,Sarah,Human,South Falador Farm
340,3429,0.9908309,Barmaid,Human,Falador,Sarah,Human,South Falador Farm
2230,3429,0.9908309,Kendall,Human,Great Kourend,Sarah,Human,South Falador Farm
1351,2500,0.9908136,Felfiz Yaryus,Gnome,Farming Guild,Lumo,Gnome,Ape Atoll
2500,3142,0.9908136,Lumo,Gnome,Ape Atoll,Prissy Scilla,Gnome,Tree Gnome Stronghold
2500,3118,0.9908136,Lumo,Gnome,Ape Atoll,Praistan Ebola,Gnome,Brimhaven
2345,2500,0.9908136,Latlink Fastbell,Gnome,Farming Guild,Lumo,Gnome,Ape Atoll
483,2500,0.99081326,Bolongo,Gnome,Tree Gnome Stronghold,Lumo,Gnome,Ape Atoll
2326,2500,0.99081326,Lammy Langle,Gnome,Hosidius,Lumo,Gnome,Ape Atoll
1504,2500,0.99081326,Frizzy Skernip,Gnome,Port Sarim,Lumo,Gnome,Ape Atoll
2500,4396,0.99081326,Lumo,Gnome,Ape Atoll,Yulf Squecks,Gnome,Etceteria
837,4349,0.9908087,Cook,Human,Blue Moon Inn,Worried Baker,Human,Varrock
3301,4146,0.9908016,Richard Flintmaul,Dwarf,,Utrec,Dwarf,Mining Guild
2940,4146,0.9908016,Ordan,Dwarf,Keldagrim,Utrec,Dwarf,Mining Guild
1115,4146,0.9908016,Dwarven Ferryman,Dwarf,Keldagrim,Utrec,Dwarf,Mining Guild
1559,2068,0.99079955,Gary,Human,Varrock,Ironman tutor,Human,Lumbridge
142,2744,0.99079156,Angel,Human,Rimmington,Mort'ton local,Human,Mort'ton
2221,2565,0.9907911,Kauayotl,Human,Tal Teklan,Marcus,Human,Auburnvale
2448,4350,0.9907882,Lord Crombwick,Human,Crombwick Manor,Wounded soldier,Human,Infirmary
3339,3514,0.99076927,Rommik,Human,Blue Moon Inn,Shantay,Human,Shantay Pass
2435,3807,0.9907686,Loinur,Dwarf ( Imcando-descendant ),Arceuus,Stonemason,Dwarf,Keldagrim
3636,3969,0.99076664,Sir Percival,Human,Fisher Realm,Thrander,Human,Realm of Memories
4349,4361,0.9907609,Worried Baker,Human,Varrock,Xi_plzPetDogz_xiX,Human,South of Edgeville Monastery
939,2224,0.9907478,Dartog,Dorgeshuun,Tunnels between Dorgeshuun Mines and Lumbridge Castle cellar.,Kazgar,Dorgeshuun,Tunnel near Lumbridge Castle cellar
142,2668,0.9907219,Angel,Human,Rimmington,Milli Rehnison,Human,West Ardougne
537,2275,0.9907179,Brown Engine Secretary,Dwarf,Keldagrim,Klank,Dwarf,Underground Pass
532,798,0.99069965,Brother Kojo,Human,"The Clock Tower , south of Ardougne",Clerk,Human,Clan Hub
529,798,0.99069965,Brother Cedric,Human,East Ardougne,Clerk,Human,Clan Hub
798,1344,0.99069965,Clerk,Human,Clan Hub,Father Lawrence,Human,Varrock church
690,798,0.99069965,Cave monk,Human,Entrana,Clerk,Human,Clan Hub
534,798,0.99069965,Brother Omad,Human,Monastery south of Ardougne,Clerk,Human,Clan Hub
798,2718,0.99069965,Clerk,Human,Clan Hub,Monk,Human,Lumbridge Swamp
1138,3391,0.9906968,Ed Wood,Human,Digsite,Sailor,Human,Red Rock
3338,3514,0.9906951,Rommik,Human,Rimmington,Shantay,Human,Shantay Pass
639,3514,0.9906951,Captain Rimor,Human,Mount Quidamortem,Shantay,Human,Shantay Pass
937,2158,0.9906888,Darren,Human,East of the Wilderness Agility Course,Jonathan,Human,Hosidius
196,1602,0.9906812,Aristarchus,Human,Southern Pollnivneach,Ghommal,Human,In front of the Warriors' Guild
1709,3339,0.9906801,Gossip,Human,Sinclair Mansion,Rommik,Human,Blue Moon Inn
362,2449,0.9906788,Bartender,Human,Port Sarim,Lord Daquarius,Human,Taverley Dungeon
2449,3725,0.9906788,Lord Daquarius,Human,Taverley Dungeon,Soldier,Human,Death Plateau (south)
876,2449,0.9906788,Crafting tutor,Human,Lumbridge Castle,Lord Daquarius,Human,Taverley Dungeon
3391,3563,0.99067724,Sailor,Human,Red Rock,Shop assistant,Human,Musa Point
911,1470,0.990677,D3ad1i F15her,Human,The Node,Former Vampyre,Human,Meiyerditch
1885,2449,0.9906652,Hans,Human,Lumbridge,Lord Daquarius,Human,Taverley Dungeon
1324,2449,0.9906652,Farmer,Human,Groats' farm,Lord Daquarius,Human,Taverley Dungeon
2789,3961,0.9906608,Myndill,Dwarf,Keldagrim,Thordur,Dwarf,Dwarven Mines
354,3107,0.9906575,Bartender,Human,Varrock,Port worker,Human,Port Piscarilius
80,3107,0.9906575,Alfonse the waiter,Human,Brimhaven,Port worker,Human,Port Piscarilius
838,3181,0.9906507,Cook,Human,Jolly Boar Inn,Quest Guide,Human,Tutorial Island
2651,2652,0.9906506,Meskhenet,Human,Nardah,Messenger,Human,Anywhere
2480,2678,0.9906504,Lovakengj Engineer,Dwarf,Battlefront,Miner,Dwarf,The Deeper Lode
1732,2678,0.9906504,Green Gemstone Secretary,Dwarf,Keldagrim,Miner,Dwarf,The Deeper Lode
2678,3962,0.9906504,Miner,Dwarf,The Deeper Lode,Thorgel,Dwarf,Temple of Light
1114,2678,0.9906504,Dwarven Engineer,Dwarf,Keldagrim,Miner,Dwarf,The Deeper Lode
2678,2754,0.9906504,Miner,Dwarf,The Deeper Lode,Mountain Dwarf,Dwarf,Lumbridge dining hall
1879,2678,0.9906504,Hammerspike Stoutbeard,Dwarf,Dwarven Mines,Miner,Dwarf,The Deeper Lode
2678,2755,0.9906504,Miner,Dwarf,The Deeper Lode,Mountain Dwarf,Dwarf,Near White Wolf Mountain
1065,2678,0.9906504,Drogo dwarf,Dwarf,Dwarven Mine,Miner,Dwarf,The Deeper Lode
247,2678,0.9906504,Austri,Dwarf,Taverley,Miner,Dwarf,The Deeper Lode
1113,2678,0.9906504,Dwarven Boatman,Dwarf,Keldagrim south-west mine,Miner,Dwarf,The Deeper Lode
403,3743,0.99063945,Benjamin,Human,East of Burgh de Rott,Sorin,Human,Burgh de Rott
2718,3562,0.99063647,Monk,Human,Lumbridge Swamp,Shop assistant,Human,Lumbridge
532,3562,0.99063647,Brother Kojo,Human,"The Clock Tower , south of Ardougne",Shop assistant,Human,Lumbridge
534,3562,0.99063647,Brother Omad,Human,Monastery south of Ardougne,Shop assistant,Human,Lumbridge
529,3562,0.99063647,Brother Cedric,Human,East Ardougne,Shop assistant,Human,Lumbridge
690,3562,0.99063647,Cave monk,Human,Entrana,Shop assistant,Human,Lumbridge
1344,3562,0.99063647,Father Lawrence,Human,Varrock church,Shop assistant,Human,Lumbridge
167,4354,0.9906341,Apprentice workman,Human,Falador,Wydin,Human,Port Sarim
167,4355,0.9906341,Apprentice workman,Human,Falador,Wydin,Human,
2371,3213,0.99062437,Leela,Human,Hosidius,Ranged combat tutor,Human,Lumbridge
147,398,0.9906237,Anna,Human,Sinclair Mansion,Bella Le Bowle,Human,Rabbit Hole
1117,1962,0.9906234,Dylan,Dwarf,Christmas Factory,Hirko,Dwarf,Keldagrim
410,1915,0.9906198,Bert,Human,Yanille,Head Servant,Human,? (edit)
1107,1962,0.9906144,Dwarf,Dwarf,Dwarven Mine,Hirko,Dwarf,Keldagrim
2111,3571,0.9906085,Jasper,Human,Salvager Overlook,Shop keeper,Human,Falador
1140,3497,0.99060714,Edmond,Human,Bandit camp mine,Sergeant Tobyn,Human,Varrock Square
1934,3497,0.990607,Hengrad,Human,Fight Arena,Sergeant Tobyn,Human,Varrock Square
3497,3860,0.990607,Sergeant Tobyn,Human,Varrock Square,Svidi,Human,East of Rellekka
527,3497,0.990607,Brother Althric,Human,Edgeville Monastery,Sergeant Tobyn,Human,Varrock Square
2714,3497,0.990607,Monk,Human,Varrock,Sergeant Tobyn,Human,Varrock Square
1163,3497,0.990607,Elder Chaos druid,Human,Chaos Temple,Sergeant Tobyn,Human,Varrock Square
1060,3497,0.990607,Drezel,Human,Paterdomus,Sergeant Tobyn,Human,Varrock Square
707,3497,0.990607,Chadwell,Human,West Ardougne,Sergeant Tobyn,Human,Varrock Square
3497,4094,0.990607,Sergeant Tobyn,Human,Varrock Square,Tyras guard,Human,Tyras Camp
3497,4128,0.990607,Sergeant Tobyn,Human,Varrock Square,Unferth,Human,Burthorpe
3497,3532,0.990607,Sergeant Tobyn,Human,Varrock Square,Sherpa,Human,? (edit)
2340,3497,0.990607,Larry,Human,Wilderness,Sergeant Tobyn,Human,Varrock Square
3497,3515,0.990607,Sergeant Tobyn,Human,Varrock Square,Shantay Guard,Human,Ruins of Unkah
493,801,0.9906068,Border Guard,,Custodia Mountains,Clodius,Human,Villa Lucens
493,3812,0.99060625,Border Guard,,Custodia Mountains,Stradius,Human,Villa Lucens
1023,1962,0.9905976,Donal,Dwarf,Miscellania and Etceteria Dungeon,Hirko,Dwarf,Keldagrim
185,3493,0.99059653,Arena Guard Fronk,Human,Emir's Arena,Sergeant Raymond,Human,Ghorrock Dungeon
452,751,0.9905956,Blenny,Human,,Child,Human,Throughout Meiyerditch
1117,2008,0.9905948,Dylan,Dwarf,Christmas Factory,Hura,Dwarf,Dwarven Mine
838,4235,0.9905899,Cook,Human,Jolly Boar Inn,Wally,Human,Varrock
2273,4065,0.9905884,Kjedelig Uppsen,Human,Neitiznot Hall,Trogen Konungarde,Human,Neitiznot Hall
2248,2503,0.9905774,Khazard Soldier,Human,Ghorrock Dungeon,Lundail,Human,Mage Arena bank
99,668,0.99056685,Alice,Human,Farm west of Port Phasmatys,Cassie,Human,Northern Falador
99,4418,0.99056685,Alice,Human,Farm west of Port Phasmatys,Zenesha,Human,East Ardougne
99,3900,0.99056685,Alice,Human,Farm west of Port Phasmatys,Tayten,Human,Mansion in a faraway island.
99,4329,0.99056685,Alice,Human,Farm west of Port Phasmatys,Woman,Human,Dorgeshuun Mines
243,342,0.99056315,Audmann,Dwarf,Keldagrim,Barman,Dwarf,West Keldagrim
342,1116,0.99056315,Barman,Dwarf,West Keldagrim,Dwarven Miner,Dwarf,Keldagrim
491,1962,0.9905593,Boot,Dwarf,Dwarven Mines,Hirko,Dwarf,Keldagrim
2594,3946,0.99055356,Martin Thwait,Human,Rogues' Den,Theodore Paxton,Human,Red Rock
639,1709,0.99054563,Captain Rimor,Human,Mount Quidamortem,Gossip,Human,Sinclair Mansion
1709,3338,0.99054563,Gossip,Human,Sinclair Mansion,Rommik,Human,Rimmington
2385,3299,0.9905404,Lesser Fanatic,Human,Edgeville,Richard,Human,Hosidius
1486,2964,0.9905278,Freald,Citizen of Arceuus,Arceuus,Ouditor,Citizen of Arceuus,Arceuus
1614,2278,0.9905274,Ghost,Ghost,Tombs of Amascut,Klenter,Ghost,Sophanem
1715,4268,0.99051535,Grand Exchange Clerk,Human,Grand Exchange,Wesley,Human,Nardah
2980,4268,0.99051535,Panning guide,Human,Digsite,Wesley,Human,Nardah
2578,4268,0.99051535,Mark,Human,Port Piscarilius,Wesley,Human,Nardah
1078,4268,0.99051535,Drunken soldier,Human,The Cloak and Stagger,Wesley,Human,Nardah
3997,4268,0.99051535,Toby,Human,Varrock,Wesley,Human,Nardah
3928,4268,0.99051535,The 'Wedge',Human,Camelot,Wesley,Human,Nardah
3700,4268,0.99051535,Smithing apprentice,Human,Lumbridge,Wesley,Human,Nardah
1068,4065,0.9905056,Dron,Human,Rellekka,Trogen Konungarde,Human,Neitiznot Hall
661,2105,0.99050224,Carpenter,Human,Sophanem,Jaraah,Human,Emir's Arena
342,405,0.99049693,Barman,Dwarf,West Keldagrim,Bentamir,Dwarf,Keldagrim
2903,4306,0.990492,Odysseus,Cat,Cutscene during A Tail of Two Cats and Dragon Slayer II,Witch's cat,Cat,Underground Pass
1829,2970,0.9904831,Gulldamar,Dwarf,Keldagrim,Oxi,Dwarf,Keldagrim Rat Pits
1945,3248,0.9904802,Hervi,Dwarf,Keldagrim,Red Axe Secretary,Dwarf,Keldagrim
514,1945,0.9904802,Brendt,Dwarf,Jatizso,Hervi,Dwarf,Keldagrim
824,1553,0.99047637,Commander Montai,Gnome,Battlefield,Garkor,Gnome,Ape Atoll
1107,2008,0.9904685,Dwarf,Dwarf,Dwarven Mine,Hura,Dwarf,Dwarven Mine
433,4306,0.9904659,Black Cat,Cat,Black Knights' Fortress,Witch's cat,Cat,Underground Pass
472,4306,0.9904659,Bob,Cat,"Asgarnia , spawns at Burthorpe",Witch's cat,Cat,Underground Pass
1914,3514,0.99045825,Head mourner,Elf,West Ardougne,Shantay,Human,Shantay Pass
1641,4361,0.99045706,Giles,Human,Anywhere random events can occur,Xi_plzPetDogz_xiX,Human,South of Edgeville Monastery
2216,2249,0.9904533,Karl,Dwarf,Keldagrim,"Khorvak, a dwarven engineer",Dwarf,Under White Wolf Mountain
2163,2216,0.9904533,Jorzik,Dwarf,Keldagrim,Karl,Dwarf,Keldagrim
2216,3955,0.9904532,Karl,Dwarf,Keldagrim,Thirus,Dwarf ( Imcando-descendant ),Lovakengj
1023,2008,0.99044514,Donal,Dwarf,Miscellania and Etceteria Dungeon,Hura,Dwarf,Dwarven Mine
1581,3571,0.99041426,General Salara,Human,Shayzien,Shop keeper,Human,Falador
491,2008,0.9903978,Boot,Dwarf,Dwarven Mines,Hura,Dwarf,Dwarven Mine
3212,4042,0.9903976,Randivor,Dwarf,Keldagrim,Trader,Dwarf,Trade Octagon
231,1674,0.9903941,Assistant Lori,Gnome,Grand Tree,Gnome traveller,Gnome,"King's Axe Inn , 1 st floor [ UK ] 2 nd floor [ US ]"
2679,3556,0.99038756,Miner Magnus,Human,Miscellania,Shipyard worker,,Ship Yard
117,1342,0.9903867,Ambassador Ferrnook,Gnome,Varrock Palace 1 st floor [ UK ] 2 nd floor [ US ],Father Gnome,Gnome,? (edit)
118,1342,0.9903867,Ambassador Gimblewap,Gnome,Ardougne Castle 1 st floor [ UK ] 2 nd floor [ US ],Father Gnome,Gnome,? (edit)
119,1342,0.9903867,Ambassador Spanfipple,Gnome,White Knights' Castle 1 st floor [ UK ] 2 nd floor [ US ],Father Gnome,Gnome,? (edit)
2260,2262,0.99038327,King Healthorg,Gnome,Quest cutscene,King Narnode Shareen,Gnome,Grand Tree
2257,2260,0.99038327,King Bolren,Gnome,Tree Gnome Village,King Healthorg,Gnome,Quest cutscene
2568,4169,0.9903695,Maria Gunnars,Human,Rellekka docks,Vanligga Gastfrihet,Human,Jatizso
787,4354,0.99036664,Civilian,Human,West Ardougne,Wydin,Human,Port Sarim
787,4355,0.99036664,Civilian,Human,West Ardougne,Wydin,Human,
831,3244,0.99036443,Conrad King,Human,Port Piscarilius,Recruiter,Human,West Ardougne
1255,3244,0.9903637,epic mager34,Human,Lumbridge watermill,Recruiter,Human,West Ardougne
1876,4402,0.9903575,Hamid,Human,Emir's Arena,Zamorakian Acolyte,Human,Ferox Enclave
919,4176,0.99035704,Dale,Human,Hosidius,Vasquen,Human,Lumbridge
1487,4176,0.99035674,Fred the Farmer,Human,Lumbridge,Vasquen,Human,Lumbridge
2116,2651,0.99035096,Jeed,Human,Emir's Arena,Meskhenet,Human,Nardah
530,3038,0.99034756,Brother Jered,Human,Edgeville Monastery,Peter,Human,Fossil Island
230,276,0.990327,Assistant Le Smith,Gnome,Tree Gnome Stronghold,Ball boy,Gnome,"Al Kharid , Brimhaven , Catherby beach"
714,1915,0.9903267,Chancy,Human,Rimmington,Head Servant,Human,? (edit)
800,2741,0.9903249,Clerris,Citizen of Arceuus,Dense runestone mine,Mori,Citizen of Arceuus,Arceuus
800,1539,0.9903249,Clerris,Citizen of Arceuus,Dense runestone mine,Galana,Citizen of Arceuus,Arceuus Library
2551,3571,0.9903232,Man,Werewolf,Canifis,Shop keeper,Human,Falador
230,1659,0.9903166,Assistant Le Smith,Gnome,Tree Gnome Stronghold,Gnome,Gnome,Mourner HQ Prison in West Ardougne
349,1147,0.9903109,Bartender,Rabbit,Western Bunbridge,Eg,Rabbit,Lumbridge
2666,3902,0.99030745,Miles,Human,Anywhere random events can occur,Tea Seller,Human,Varrock
2923,4303,0.9903018,Old Man Yarlo,Human,Varrock,Wistan,Human,Burthorpe
743,2078,0.99029756,Child,Human,All over West Ardougne,Ivan,Human,Burgh de Rott
743,4194,0.99029756,Child,Human,All over West Ardougne,Victor,Human,Burgh de Rott
2221,3475,0.9902966,Kauayotl,Human,Tal Teklan,Sebamo,Human,Auburnvale
3263,3600,0.99027014,Ref,Human,Warriors' Guild,Sigmund,Human,Lumbridge Castle
3735,3938,0.99027,Solihib,Monkey,Marim,The Monkey's Uncle,Monkey,Roof of The Monkey's Aunt 's house
3510,3858,0.99026465,Shady stranger,,Draynor Village,Suspicious outsider,,Draynor Village
2449,3882,0.9902543,Lord Daquarius,Human,Taverley Dungeon,Tanner,Human,Crafting Guild
1488,4176,0.99025285,Fred the Farmer,Human,Fred's farm,Vasquen,Human,Lumbridge
842,2980,0.9902383,Cooky Weasel,Human,Rabbit Hole,Panning guide,Human,Digsite
842,1715,0.9902383,Cooky Weasel,Human,Rabbit Hole,Grand Exchange Clerk,Human,Grand Exchange
842,3997,0.9902383,Cooky Weasel,Human,Rabbit Hole,Toby,Human,Varrock
842,3928,0.9902383,Cooky Weasel,Human,Rabbit Hole,The 'Wedge',Human,Camelot
842,1078,0.9902383,Cooky Weasel,Human,Rabbit Hole,Drunken soldier,Human,The Cloak and Stagger
842,2578,0.9902383,Cooky Weasel,Human,Rabbit Hole,Mark,Human,Port Piscarilius
842,3700,0.9902383,Cooky Weasel,Human,Rabbit Hole,Smithing apprentice,Human,Lumbridge
570,3794,0.99023056,Butterfly,Troll,Weiss,Squirrel,Troll,Weiss
1093,2246,0.9902289,Duke Horacio,Human,Lumbridge Castle,Khazard Guard,Human,Fight Arena
1094,2246,0.9902289,Duke Horacio,Human,Lumbridge Castle ground floor [ UK ] 1 st floor [ US ],Khazard Guard,Human,Fight Arena
436,2024,0.9902266,Black Knight Captain,Human,Black Knights' Fortress,Ide,Human,
3177,4268,0.9902139,Quartermaster,Human,Tyras Camp,Wesley,Human,Nardah
429,4268,0.9902139,Billy Rehnison,Human,West Ardougne,Wesley,Human,Nardah
520,1580,0.9902124,Briget,Human,Shayzien,General Kilian,Human,Shayzien
1961,2744,0.9902041,Hild,Human,Miscellania and Etceteria Dungeon,Mort'ton local,Human,Mort'ton
3301,3955,0.9901799,Richard Flintmaul,Dwarf,,Thirus,Dwarf ( Imcando-descendant ),Lovakengj
2249,3301,0.9901799,"Khorvak, a dwarven engineer",Dwarf,Under White Wolf Mountain,Richard Flintmaul,Dwarf,
2249,2940,0.9901799,"Khorvak, a dwarven engineer",Dwarf,Under White Wolf Mountain,Ordan,Dwarf,Keldagrim
1115,3955,0.9901799,Dwarven Ferryman,Dwarf,Keldagrim,Thirus,Dwarf ( Imcando-descendant ),Lovakengj
2163,2940,0.9901799,Jorzik,Dwarf,Keldagrim,Ordan,Dwarf,Keldagrim
2163,3301,0.9901799,Jorzik,Dwarf,Keldagrim,Richard Flintmaul,Dwarf,
1115,2249,0.9901799,Dwarven Ferryman,Dwarf,Keldagrim,"Khorvak, a dwarven engineer",Dwarf,Under White Wolf Mountain
1115,2163,0.9901799,Dwarven Ferryman,Dwarf,Keldagrim,Jorzik,Dwarf,Keldagrim
2940,3955,0.99017984,Ordan,Dwarf,Keldagrim,Thirus,Dwarf ( Imcando-descendant ),Lovakengj
1950,2449,0.990166,Hewey,Human,Lumbridge Swamp,Lord Daquarius,Human,Taverley Dungeon
1695,4064,0.99016535,Godric,Human,Troll Stronghold prison,Trobert,Human,Brimhaven
1961,2668,0.9901619,Hild,Human,Miscellania and Etceteria Dungeon,Milli Rehnison,Human,West Ardougne
858,4268,0.9901616,Councillor Andrews,Human,Kourend Castle,Wesley,Human,Nardah
1316,3963,0.99015737,Falo the Bard,Human,North of Seers' Village,Thorkel Silkbeard,Human,Jatizso
3897,4170,0.9901396,Tau,Human,Falador,Vannah,Human,Hosidius
2651,3559,0.9901378,Meskhenet,Human,Nardah,Shop assistant,Human,Al Kharid
334,1343,0.99013156,Barge foreman,Human,Digsite barge,Father Jean,Human,Hosidius
1414,1468,0.9901054,Fisherman,Human,Port Piscarilius,Forester (hard),Human,Paterdomus
1414,2102,0.9901054,Fisherman,Human,Port Piscarilius,James,Human,Grand Exchange entrance
56,2594,0.99009,Aisles,Human,Tai Bwo Wannai,Martin Thwait,Human,Rogues' Den
937,1709,0.99008906,Darren,Human,East of the Wilderness Agility Course,Gossip,Human,Sinclair Mansion
652,1672,0.99008703,Carado,Gnome,Ape Atoll,Gnome soldier,Gnome,Battle of Atarisundri
2228,2652,0.99008393,Kelvin,Human,Fight Arena,Messenger,Human,Anywhere
993,2652,0.99008393,Digsite workman,Human,Digsite and near Varrock Museum,Messenger,Human,Anywhere
2652,4052,0.9900836,Messenger,Human,Anywhere,Tramp,Human,Varrock
2652,3681,0.9900836,Messenger,Human,Anywhere,Slave,Human,Fight Arena
2669,4188,0.99008226,Millie Miller,Human,Mill Lane Mill,Veronica,Human,Draynor Manor
80,3556,0.9900799,Alfonse the waiter,Human,Brimhaven,Shipyard worker,,Ship Yard
354,3556,0.9900799,Bartender,Human,Varrock,Shipyard worker,,Ship Yard
2228,2310,0.9900789,Kelvin,Human,Fight Arena,Lacey,Human,Mansion in a faraway island.
3040,4052,0.9900789,Petra Fiyed,Human,Goblin Cave,Tramp,Human,Varrock
993,2310,0.9900789,Digsite workman,Human,Digsite and near Varrock Museum,Lacey,Human,Mansion in a faraway island.
993,3040,0.9900788,Digsite workman,Human,Digsite and near Varrock Museum,Petra Fiyed,Human,Goblin Cave
3040,3681,0.9900788,Petra Fiyed,Human,Goblin Cave,Slave,Human,Fight Arena
2310,3681,0.9900788,Lacey,Human,Mansion in a faraway island.,Slave,Human,Fight Arena
737,4052,0.9900788,Cheryl,Human,Port Piscarilius,Tramp,Human,Varrock
2228,3040,0.9900788,Kelvin,Human,Fight Arena,Petra Fiyed,Human,Goblin Cave
737,993,0.9900788,Cheryl,Human,Port Piscarilius,Digsite workman,Human,Digsite and near Varrock Museum
737,3681,0.9900788,Cheryl,Human,Port Piscarilius,Slave,Human,Fight Arena
737,2228,0.9900788,Cheryl,Human,Port Piscarilius,Kelvin,Human,Fight Arena
2310,4052,0.9900788,Lacey,Human,Mansion in a faraway island.,Tramp,Human,Varrock
432,2562,0.9900684,Bjorn,Human,Rellekka Longhall Bar,Manni the Reveller,Human,Rellekka Longhall Bar
2562,3837,0.9900684,Manni the Reveller,Human,Rellekka Longhall Bar,Styrmir,Human,Rellekka Longhall Bar
973,2859,0.9900592,Derni,Dwarf,Keldagrim south-west mine,Nolar,Dwarf,Keldagrim
3572,3928,0.99005246,Shop keeper,Human,Museum Camp,The 'Wedge',Human,Camelot
3572,3997,0.99005246,Shop keeper,Human,Museum Camp,Toby,Human,Varrock
2980,3572,0.99005246,Panning guide,Human,Digsite,Shop keeper,Human,Museum Camp
1078,3572,0.99005246,Drunken soldier,Human,The Cloak and Stagger,Shop keeper,Human,Museum Camp
2578,3572,0.99005246,Mark,Human,Port Piscarilius,Shop keeper,Human,Museum Camp
1715,3572,0.99005246,Grand Exchange Clerk,Human,Grand Exchange,Shop keeper,Human,Museum Camp
3572,3700,0.99005246,Shop keeper,Human,Museum Camp,Smithing apprentice,Human,Lumbridge
2124,2577,0.9900425,Jeremy Clerksin,Human,Varrock church,Marius Giste,Human,Varrock Museum
2111,3568,0.9900359,Jasper,Human,Salvager Overlook,Shop keeper,Human,Al Kharid
714,3594,0.99003565,Chancy,Human,Rimmington,Sid,Human,Mansion in a faraway island.
904,2996,0.9900323,Customer,Human,Keldagrim Library,Patty Seer,Human,Lumbridge Castle kitchen
2996,3786,0.9900323,Patty Seer,Human,Lumbridge Castle kitchen,Squire,Human,Void Knight Outpost
2996,3522,0.9900323,Patty Seer,Human,Lumbridge Castle kitchen,Shayda,Human,Shayzien
2996,3987,0.9900323,Patty Seer,Human,Lumbridge Castle kitchen,Tina,Human,Falador
2316,2996,0.9900323,Lady Servil,Human,Fight Arena,Patty Seer,Human,Lumbridge Castle kitchen
2222,2996,0.9900323,Kaylee,Human,Falador,Patty Seer,Human,Lumbridge Castle kitchen
2591,2996,0.9900323,Martha Rehnison,Human,West Ardougne,Patty Seer,Human,Lumbridge Castle kitchen
2058,4191,0.99002284,Inn Keeper,Dwarf,Keldagrim - The King's Axe Inn,Vestri,Dwarf,Near White Wolf Mountain
1673,2201,0.9900187,Gnome trainer,Gnome,Tree Gnome Stronghold,Kalron,Gnome,Tree Gnome Village
1658,2428,0.9900187,Gnome,Gnome,Taverley,Local Gnome,Gnome,Tree Gnome Village
1658,2201,0.9900187,Gnome,Gnome,Taverley,Kalron,Gnome,Tree Gnome Village
1673,2428,0.9900187,Gnome trainer,Gnome,Tree Gnome Stronghold,Local Gnome,Gnome,Tree Gnome Village
1997,2485,0.99000204,Hugh,Human,Salvager Overlook,Lubufu,Human,Brimhaven
1548,2500,0.9899999,Gardener,Gnome,No,Lumo,Gnome,Ape Atoll
2594,2651,0.98999155,Martin Thwait,Human,Rogues' Den,Meskhenet,Human,Nardah
714,2449,0.9899901,Chancy,Human,Rimmington,Lord Daquarius,Human,Taverley Dungeon
1581,3826,0.9899863,General Salara,Human,Shayzien,Street urchin,Human,Pollnivneach
317,1559,0.9899759,Banker,Human,Tutorial Island,Gary,Human,Varrock
287,1559,0.9899759,Banker,Human,Bank,Gary,Human,Varrock
1520,1559,0.9899759,Fry,Human,Rabbit Hole,Gary,Human,Varrock
293,1559,0.9899759,Banker,Werewolf,Canifis,Gary,Human,Varrock
298,1559,0.9899759,Banker,Human,Draynor Village,Gary,Human,Varrock
640,836,0.98996973,Captain Rovin,Human,Varrock Palace,Cook,Human,Blue Moon Inn
695,2574,0.9899621,Cecilia,Human,Falador Park,Marissa,Human,Varrock Palace
1178,2562,0.98995847,Eldgrim,Human,Rellekka Longhall Bar,Manni the Reveller,Human,Rellekka Longhall Bar
2562,2956,0.9899584,Manni the Reveller,Human,Rellekka Longhall Bar,Ospak,Human,Rellekka Longhall Bar
640,3181,0.98995787,Captain Rovin,Human,Varrock Palace,Quest Guide,Human,Tutorial Island
737,3197,0.98995507,Cheryl,Human,Port Piscarilius,Rachael,Human,Burthorpe Games Room
2310,3197,0.98995507,Lacey,Human,Mansion in a faraway island.,Rachael,Human,Burthorpe Games Room
3040,3197,0.98995507,Petra Fiyed,Human,Goblin Cave,Rachael,Human,Burthorpe Games Room
660,2567,0.98995394,Caroline,Human,Witchaven,Maria Gadderanks,Human,North Darkmeyer
145,1674,0.9899444,Anita,Gnome,Tree Gnome Stronghold,Gnome traveller,Gnome,"King's Axe Inn , 1 st floor [ UK ] 2 nd floor [ US ]"
1935,1996,0.98994267,Henja,Human,Rimmington,Hudon,Human,Baxtorian Falls
1935,3407,0.98994267,Henja,Human,Rimmington,Sammy Servil,Human,Fight Arena prison
103,2349,0.98993933,Almera,Human,Baxtorian Falls,Layleen,Human,Tai Bwo Wannai
3783,4351,0.98991793,Squire (Intermediate),Human,Void Knight Outpost boat,Wounded soldier,Human,Battlefront
4007,4332,0.98991746,Tool Leprechaun,Leprechaun,Various,Woodcutting Leprechaun,Leprechaun,Forestry events
3512,4332,0.98991746,Shamus,Leprechaun,Lumbridge Swamp,Woodcutting Leprechaun,Leprechaun,Forestry events
286,2492,0.9899165,Bank guard,Human,Draynor Village,Luke,Human,Shipyard
1068,2273,0.98990405,Dron,Human,Rellekka,Kjedelig Uppsen,Human,Neitiznot Hall
2567,3784,0.98989964,Maria Gadderanks,Human,North Darkmeyer,Squire (Novice),Human,Void Knights' Outpost boat
491,1522,0.9898983,Boot,Dwarf,Dwarven Mines,Fullangr,Dwarf,Miscellania and Etceteria Dungeon
831,4235,0.98989683,Conrad King,Human,Port Piscarilius,Wally,Human,Varrock
517,3181,0.98989534,Brian,Human,Port Sarim,Quest Guide,Human,Tutorial Island
1255,4235,0.9898931,epic mager34,Human,Lumbridge watermill,Wally,Human,Varrock
1657,1659,0.98989236,Gnome,Gnome,,Gnome,Gnome,Mourner HQ Prison in West Ardougne
2567,2573,0.98989165,Maria Gadderanks,Human,North Darkmeyer,Marisi,Human,Hosidius
142,2669,0.989887,Angel,Human,Rimmington,Millie Miller,Human,Mill Lane Mill
1299,2058,0.9898776,Factory Manager,Dwarf,Keldagrim,Inn Keeper,Dwarf,Keldagrim - The King's Axe Inn
831,1997,0.98986816,Conrad King,Human,Port Piscarilius,Hugh,Human,Salvager Overlook
2086,4354,0.98986405,Jack,Human,Myths' Guild,Wydin,Human,Port Sarim
2086,4355,0.98986405,Jack,Human,Myths' Guild,Wydin,Human,
1695,3969,0.9898618,Godric,Human,Troll Stronghold prison,Thrander,Human,Realm of Memories
504,575,0.9898565,Boy,Human,Taverley,Cabin boy,Human,Lunar Isle
798,2378,0.98985374,Clerk,Human,Clan Hub,Lenny,Human,North of Prifddinas
3632,3633,0.98984754,Sir Lucan,Human,Camelot,Sir Palomedes,Human,Camelot
3947,4152,0.9898331,Thessalia,Human,Varrock,Valaine,Human,Champions' Guild
2166,2629,0.9898325,JoyfulJudy02,Human,? (edit),Megan,Human,North-east Falador
1343,2631,0.9898317,Father Jean,Human,Hosidius,Meiyerditch citizen,Human,Meiyerditch
2108,2771,0.98982346,Jarr,Human,Al Kharid,Mubariz,Human,Emir's Arena
1255,1997,0.9897976,epic mager34,Human,Lumbridge watermill,Hugh,Human,Salvager Overlook
1226,1227,0.9897844,Emissary Chef,Human,Twilight Temple,Emissary Chosen,Human,Twilight Temple
999,3316,0.9897802,Disappointed father,Human,Varrock,Roavar,Werewolf,Canifis
56,2652,0.98977923,Aisles,Human,Tai Bwo Wannai,Messenger,Human,Anywhere
1486,4027,0.9897779,Freald,Citizen of Arceuus,Arceuus,Tower Mage,Citizen of Arceuus,"Tower of Magic , Arceuus"
3613,3966,0.9897733,Silver Cog Secretary,Dwarf,Keldagrim,Thorodin,Dwarf,Miscellania and Etceteria Dungeon
2567,4286,0.98974717,Maria Gadderanks,Human,North Darkmeyer,Willow,Human,South of Ice Mountain
2058,2901,0.9897447,Inn Keeper,Dwarf,Keldagrim - The King's Axe Inn,Odmar,Dwarf,Keldagrim
3500,3890,0.98974234,Servant,Human,ScapeRune,Taria,Human,Rimmington
1300,3301,0.9897406,Factory Worker,Dwarf,Blast Furnace,Richard Flintmaul,Dwarf,
1300,2940,0.9897406,Factory Worker,Dwarf,Blast Furnace,Ordan,Dwarf,Keldagrim
1115,1300,0.9897406,Dwarven Ferryman,Dwarf,Keldagrim,Factory Worker,Dwarf,Blast Furnace
430,1765,0.98973477,"Billy, a guard of Falador",Human,North Falador (cutscene),Guard,Human,Falador
430,1801,0.98973477,"Billy, a guard of Falador",Human,North Falador (cutscene),Guard Recruiter,Human,Falador
430,1766,0.98973477,"Billy, a guard of Falador",Human,North Falador (cutscene),Guard,Human,Falador
4107,4111,0.98973316,TzHaar-Mej-Bal,TzHaar,Mor Ul Rek,TzHaar-Mej-Roh,TzHaar,Mor Ul Rek
4108,4111,0.98973316,TzHaar-Mej-Dir,TzHaar,Mor Ul Rek,TzHaar-Mej-Roh,TzHaar,Mor Ul Rek
1522,4146,0.9897128,Fullangr,Dwarf,Miscellania and Etceteria Dungeon,Utrec,Dwarf,Mining Guild
80,3049,0.9897095,Alfonse the waiter,Human,Brimhaven,Phials,Human,Rimmington
354,3049,0.9897095,Bartender,Human,Varrock,Phials,Human,Rimmington
1347,3497,0.9897087,Faustus,Human,Aldarin,Sergeant Tobyn,Human,Varrock Square
1018,3630,0.9897081,Dominic Onion,Human,"Nightmare Zone , north of Yanille",Sir Kuam Ferentse,Human,Temple Knight Training Grounds
1468,1470,0.9897055,Forester (hard),Human,Paterdomus,Former Vampyre,Human,Meiyerditch
1470,2102,0.9897055,Former Vampyre,Human,Meiyerditch,James,Human,Grand Exchange entrance
1961,2669,0.9896985,Hild,Human,Miscellania and Etceteria Dungeon,Millie Miller,Human,Mill Lane Mill
406,1477,0.9896984,Bernald,Human,Burthorpe,Francis,Human,Entrana
65,2038,0.98969775,Al Shabim,Human,Bedabin Camp,Ima,Human,Emir's Arena
2129,4169,0.98969716,Jessie,Human,East of the Giant Pit,Vanligga Gastfrihet,Human,Jatizso
990,1812,0.9896947,Diana,,Auburn Valley,Guild Hunter Cervus (Adept),Human,Hunter Guild
3514,3788,0.98968613,Shantay,Human,Shantay Pass,Squire,Human,Void Knights' Outpost
1705,2185,0.98968333,Gordon,Human,Farm south of Farming Guild,Justin Servil,Human,Fight Arena
1576,2185,0.98968333,General Babacus,Human,Shayzien,Justin Servil,Human,Fight Arena
1566,2185,0.98968333,Gee,Human,Lumbridge,Justin Servil,Human,Fight Arena
1855,2185,0.98968333,Hadley,Human,Tourist Information Centre,Justin Servil,Human,Fight Arena
142,1701,0.9896832,Angel,Human,Rimmington,Golova,Human,Hosidius
940,1810,0.98968107,Darve,Human,Dorgesh-Kaan South Dungeon,Guidor,Human,Varrock
1023,1522,0.9896661,Donal,Dwarf,Miscellania and Etceteria Dungeon,Fullangr,Dwarf,Miscellania and Etceteria Dungeon
798,3568,0.98966223,Clerk,Human,Clan Hub,Shop keeper,Human,Al Kharid
2068,3177,0.9896591,Ironman tutor,Human,Lumbridge,Quartermaster,Human,Tyras Camp
429,2068,0.9896591,Billy Rehnison,Human,West Ardougne,Ironman tutor,Human,Lumbridge
3181,3989,0.989651,Quest Guide,Human,Tutorial Island,Tindel Marchant,Human,Port Khazard
858,2068,0.98963284,Councillor Andrews,Human,Kourend Castle,Ironman tutor,Human,Lumbridge
1270,4144,0.9896281,Estate agent,Human,"Varrock , Falador , Seers' Village , Ardougne , Hosidius",Uri,Human,Wherever an emote clue is completed
2144,2453,0.9896247,Joe,Human,Mos Le'Harmless,Lord Kandur Hosidius,Human,Hosidius
1021,3950,0.9896239,Don,Human,Slepe,Thief,Human,Varrock
286,1559,0.9896225,Bank guard,Human,Draynor Village,Gary,Human,Varrock
276,1673,0.9896203,Ball boy,Gnome,"Al Kharid , Brimhaven , Catherby beach",Gnome trainer,Gnome,Tree Gnome Stronghold
276,1658,0.98962027,Ball boy,Gnome,"Al Kharid , Brimhaven , Catherby beach",Gnome,Gnome,Taverley
1996,3051,0.9895952,Hudon,Human,Baxtorian Falls,Philipe Carnillean,Human,East Ardougne
3051,3407,0.9895952,Philipe Carnillean,Human,East Ardougne,Sammy Servil,Human,Fight Arena prison
1836,2678,0.98959136,Gunslik,Dwarf,Western Keldagrim,Miner,Dwarf,The Deeper Lode
2678,3309,0.98959136,Miner,Dwarf,The Deeper Lode,Riki the sculptor's model,Dwarf,Keldagrim
2161,2678,0.98959136,Jorra,Dwarf ( Imcando-descendant ),Lovakengj Assembly,Miner,Dwarf,The Deeper Lode
342,537,0.98958606,Barman,Dwarf,West Keldagrim,Brown Engine Secretary,Dwarf,Keldagrim
102,4170,0.9895837,Allanna,Human,Farming Guild,Vannah,Human,Hosidius
2385,2552,0.9895816,Lesser Fanatic,Human,Edgeville,Man,Human,Catacombs of Kourend
2385,2553,0.9895816,Lesser Fanatic,Human,Edgeville,Man,Human,Hosidius vinery
2010,2038,0.9895686,Iago,Human,No,Ima,Human,Emir's Arena
2052,2148,0.9895594,Inga,Human,Rellekka,Jofridr Mordstatter,Human,Neitiznot
1223,2052,0.9895594,Emily,Human,Falador,Inga,Human,Rellekka
158,3017,0.9895526,Antos,Human,Auburnvale,Perdie,Human,Port Roberts
369,2339,0.9895433,Bartender,Human,Lumbridge,Larry,Human,Falador
1107,1522,0.98953414,Dwarf,Dwarf,Dwarven Mine,Fullangr,Dwarf,Miscellania and Etceteria Dungeon
396,4328,0.9895328,Beigarth,Human,Miscellania and Etceteria Dungeon,Woman,Human,The Warrens
396,3099,0.9895328,Beigarth,Human,Miscellania and Etceteria Dungeon,Poor looking woman,Human,Port Piscarilius
1521,1563,0.9895305,Fuggy,Dwarf ( Imcando-descendant ),Lovakengj,Gauss,Dwarf,Keldagrim
1345,4019,0.989516,Father Reen,Human,Al Kharid,Torrell,Human,South of East Ardougne
1366,2675,0.98951495,Ferd,Dwarf,Miscellania and Etceteria Dungeon,Mine supervisor,Dwarf ( Imcando-descendant ),"Lovakite mine , Great Kourend"
1257,3514,0.98951113,Erasmus,Human,Lumbridge,Shantay,Human,Shantay Pass
2218,4191,0.9895099,Kaston,Dwarf,Shayzien,Vestri,Dwarf,Near White Wolf Mountain
1695,3299,0.98950934,Godric,Human,Troll Stronghold prison,Richard,Human,Hosidius
517,836,0.98950845,Brian,Human,Port Sarim,Cook,Human,Blue Moon Inn
2051,2408,0.98950016,Information clerk,Human,Varrock Museum,Ling,Human,
1018,3788,0.98949957,Dominic Onion,Human,"Nightmare Zone , north of Yanille",Squire,Human,Void Knights' Outpost
1534,3611,0.98949546,Gabooty,Human,Tai Bwo Wannai,Silk trader,Human,Al Kharid
2613,2790,0.9894944,Mawnis Burowgar,Human,Neitiznot,Mysterious Adventurer,Human,Myths' Guild
2818,3611,0.9894886,Neil,Human,Bandit Camp,Silk trader,Human,Al Kharid
2385,4025,0.9894861,Lesser Fanatic,Human,Edgeville,Tourist,,"Civitas illa Fortis , Aldarin"
3299,3562,0.98948526,Richard,Human,Hosidius,Shop assistant,Human,Lumbridge
2069,3969,0.9894825,Ironman tutor,Human,Tutorial Island,Thrander,Human,Realm of Memories
3783,4350,0.98947644,Squire (Intermediate),Human,Void Knight Outpost boat,Wounded soldier,Human,Infirmary
3177,3565,0.9894758,Quartermaster,Human,Tyras Camp,Shop assistant,Human,Varrock
429,3565,0.9894758,Billy Rehnison,Human,West Ardougne,Shop assistant,Human,Varrock
1088,3872,0.98947096,Duel Guide,Human,Emir's Arena,Sylvia,Human,Blue Moon Inn
1324,3563,0.98946774,Farmer,Human,Groats' farm,Shop assistant,Human,Musa Point
1885,3563,0.98946774,Hans,Human,Lumbridge,Shop assistant,Human,Musa Point
179,1376,0.98946524,Arcis,Citizen of Arceuus,Arceuus,Filamina,Citizen of Arceuus,Arceuus
3684,3938,0.98946214,Sleeping Monkey,Monkey,Marim,The Monkey's Uncle,Monkey,Roof of The Monkey's Aunt 's house
1090,3938,0.98946214,Dugopul,Monkey,Ape Atoll,The Monkey's Uncle,Monkey,Roof of The Monkey's Aunt 's house
842,3562,0.9894568,Cooky Weasel,Human,Rabbit Hole,Shop assistant,Human,Lumbridge
362,3563,0.98945475,Bartender,Human,Port Sarim,Shop assistant,Human,Musa Point
876,3563,0.98945475,Crafting tutor,Human,Lumbridge Castle,Shop assistant,Human,Musa Point
3563,3725,0.98945475,Shop assistant,Human,Musa Point,Soldier,Human,Death Plateau (south)
858,3565,0.9894546,Councillor Andrews,Human,Kourend Castle,Shop assistant,Human,Varrock
1484,1485,0.98945326,Freaky Forester,Human,Freaky Forest,Freaky Forester,Human,Forestry events
1484,1499,0.98945326,Freaky Forester,Human,Freaky Forest,Friendly Forester,Human,"Draynor Village , Seers' Village , Prifddinas , Nemus Retreat"
1863,3181,0.989438,Hajedy,Human,Brimhaven,Quest Guide,Human,Tutorial Island
3181,3575,0.989438,Quest Guide,Human,Tutorial Island,Shop keeper,Human,Port Khazard
2244,3181,0.989438,Khazard Barman,Human,South-western corner of the Fight Arena,Quest Guide,Human,Tutorial Island
128,977,0.9894346,Amrod,Elf,Prifddinas,Derwen,Elf,Prifddinas
2385,2620,0.9894302,Lesser Fanatic,Human,Edgeville,Mazion,Human,Entrana sandpit
1140,4402,0.9894242,Edmond,Human,Bandit camp mine,Zamorakian Acolyte,Human,Ferox Enclave
3532,4402,0.9894238,Sherpa,Human,? (edit),Zamorakian Acolyte,Human,Ferox Enclave
4094,4402,0.9894238,Tyras guard,Human,Tyras Camp,Zamorakian Acolyte,Human,Ferox Enclave
1060,4402,0.9894238,Drezel,Human,Paterdomus,Zamorakian Acolyte,Human,Ferox Enclave
1163,4402,0.9894238,Elder Chaos druid,Human,Chaos Temple,Zamorakian Acolyte,Human,Ferox Enclave
527,4402,0.9894238,Brother Althric,Human,Edgeville Monastery,Zamorakian Acolyte,Human,Ferox Enclave
2340,4402,0.9894238,Larry,Human,Wilderness,Zamorakian Acolyte,Human,Ferox Enclave
1934,4402,0.9894238,Hengrad,Human,Fight Arena,Zamorakian Acolyte,Human,Ferox Enclave
3860,4402,0.9894238,Svidi,Human,East of Rellekka,Zamorakian Acolyte,Human,Ferox Enclave
3515,4402,0.9894238,Shantay Guard,Human,Ruins of Unkah,Zamorakian Acolyte,Human,Ferox Enclave
2714,4402,0.9894238,Monk,Human,Varrock,Zamorakian Acolyte,Human,Ferox Enclave
4128,4402,0.9894238,Unferth,Human,Burthorpe,Zamorakian Acolyte,Human,Ferox Enclave
707,4402,0.9894238,Chadwell,Human,West Ardougne,Zamorakian Acolyte,Human,Ferox Enclave
512,518,0.98941696,Bravek,Human,West Ardougne,Brian,Human,Rimmington
528,3038,0.98941046,Brother Brace,Human,Tutorial Island,Peter,Human,Fossil Island
857,1951,0.9894073,Council workman,Human,Bridge leading to Rellekka,Hickton,Human,Catherby
937,3338,0.98940325,Darren,Human,East of the Wilderness Agility Course,Rommik,Human,Rimmington
639,937,0.98940325,Captain Rimor,Human,Mount Quidamortem,Darren,Human,East of the Wilderness Agility Course
1000,4392,0.9893948,Disappointed mother,Human,Varrock,Yrsa,Human,Rellekka
836,3989,0.9893923,Cook,Human,Blue Moon Inn,Tindel Marchant,Human,Port Khazard
520,4119,0.98937577,Briget,Human,Shayzien,Ulina,Human,Christmas Factory
318,4268,0.9893704,Banker,Human,Varrock,Wesley,Human,Nardah
1520,2492,0.9893661,Fry,Human,Rabbit Hole,Luke,Human,Shipyard
298,2492,0.9893661,Banker,Human,Draynor Village,Luke,Human,Shipyard
287,2492,0.9893661,Banker,Human,Bank,Luke,Human,Shipyard
317,2492,0.9893658,Banker,Human,Tutorial Island,Luke,Human,Shipyard
293,2492,0.9893658,Banker,Werewolf,Canifis,Luke,Human,Shipyard
2051,2052,0.98936474,Information clerk,Human,Varrock Museum,Inga,Human,Rellekka
167,3563,0.9893641,Apprentice workman,Human,Falador,Shop assistant,Human,Musa Point
716,2846,0.9893612,Charles,Human,Port Piscarilius,Niles,Human,Anywhere random events can occur
716,3066,0.9893612,Charles,Human,Port Piscarilius,Piles,Human,Resource Area
2846,4416,0.9893612,Niles,Human,Anywhere random events can occur,Zembo,Human,"Musa Point, Karamja"
3066,4416,0.9893612,Piles,Human,Resource Area,Zembo,Human,"Musa Point, Karamja"
1609,1614,0.9893502,Ghost,Undead,Mynydd,Ghost,Ghost,Tombs of Amascut
318,2068,0.98934615,Banker,Human,Varrock,Ironman tutor,Human,Lumbridge
1559,3572,0.9893334,Gary,Human,Varrock,Shop keeper,Human,Museum Camp
436,2742,0.9893264,Black Knight Captain,Human,Black Knights' Fortress,Morris,Human,Hemenster
842,2492,0.98932314,Cooky Weasel,Human,Rabbit Hole,Luke,Human,Shipyard
491,1117,0.98930764,Boot,Dwarf,Dwarven Mines,Dylan,Dwarf,Christmas Factory
842,1860,0.98929894,Cooky Weasel,Human,Rabbit Hole,Hairdresser,Human,Falador
1876,1978,0.98928976,Hamid,Human,Emir's Arena,Hooknosed Jack,Human,Varrock Rat Pits
3217,3960,0.9892796,Ranger (medium),Human,Paterdomus,Thora the Barkeep,Human,Rellekka Longhall Bar
537,1110,0.98926723,Brown Engine Secretary,Dwarf,Keldagrim,Dwarf,Dwarf,Motherlode Mine
940,4303,0.9892576,Darve,Human,Dorgesh-Kaan South Dungeon,Wistan,Human,Burthorpe
1444,3882,0.98925674,Flax keeper,Human,Seers' Village Flax Fields,Tanner,Human,Crafting Guild
468,3882,0.98925674,Boar31337Killer,Human,Southern Island of The Node,Tanner,Human,Crafting Guild
2674,3882,0.98925674,Mine cart driver,Human,Desert Mining Camp,Tanner,Human,Crafting Guild
1038,3882,0.98925674,Doug Deeping,Human,Down the north-eastern borehole of the Digsite,Tanner,Human,Crafting Guild
935,3882,0.98925674,Darkmeyer Slave,Human,Hallowed Sepulchre,Tanner,Human,Crafting Guild
1886,3882,0.98925674,Hans,Human,Al Kharid,Tanner,Human,Crafting Guild
3141,3882,0.98925674,Prisoner,Human,North Darkmeyer,Tanner,Human,Crafting Guild
2620,3572,0.9892502,Mazion,Human,Entrana sandpit,Shop keeper,Human,Museum Camp
534,2385,0.9892414,Brother Omad,Human,Monastery south of Ardougne,Lesser Fanatic,Human,Edgeville
532,2385,0.9892414,Brother Kojo,Human,"The Clock Tower , south of Ardougne",Lesser Fanatic,Human,Edgeville
690,2385,0.9892414,Cave monk,Human,Entrana,Lesser Fanatic,Human,Edgeville
529,2385,0.9892414,Brother Cedric,Human,East Ardougne,Lesser Fanatic,Human,Edgeville
2385,2718,0.9892414,Lesser Fanatic,Human,Edgeville,Monk,Human,Lumbridge Swamp
1344,2385,0.9892414,Father Lawrence,Human,Varrock church,Lesser Fanatic,Human,Edgeville
1206,3391,0.98923826,Ellis,Human,Al Kharid,Sailor,Human,Red Rock
167,1206,0.98923504,Apprentice workman,Human,Falador,Ellis,Human,Al Kharid
2651,3561,0.98923326,Meskhenet,Human,Nardah,Shop assistant,Human,Falador
1093,2577,0.9892261,Duke Horacio,Human,Lumbridge Castle,Marius Giste,Human,Varrock Museum
1094,2577,0.9892261,Duke Horacio,Human,Lumbridge Castle ground floor [ UK ] 1 st floor [ US ],Marius Giste,Human,Varrock Museum
3687,4339,0.989224,Slieve,Human,Taverley Dungeon,Worker,Human,Red Rock
2218,2678,0.98922205,Kaston,Dwarf,Shayzien,Miner,Dwarf,The Deeper Lode
354,2666,0.9892206,Bartender,Human,Varrock,Miles,Human,Anywhere random events can occur
80,2666,0.9892206,Alfonse the waiter,Human,Brimhaven,Miles,Human,Anywhere random events can occur
132,1216,0.98920834,Anaire,Elf,Prifddinas,Elven Scout,Elf,Isafdar
3049,3902,0.98919845,Phials,Human,Rimmington,Tea Seller,Human,Varrock
444,2272,0.98918796,Blacksmith,,Tal Teklan,Kiyahtla,Human,Tlati Rainforest
298,3299,0.98918146,Banker,Human,Draynor Village,Richard,Human,Hosidius
1520,3299,0.98918146,Fry,Human,Rabbit Hole,Richard,Human,Hosidius
287,3299,0.98918146,Banker,Human,Bank,Richard,Human,Hosidius
293,3299,0.9891813,Banker,Werewolf,Canifis,Richard,Human,Hosidius
317,3299,0.9891813,Banker,Human,Tutorial Island,Richard,Human,Hosidius
2207,4351,0.98914593,Karaday,Human,Tai Bwo Wannai,Wounded soldier,Human,Battlefront
2651,2878,0.9891417,Meskhenet,Human,Nardah,Nurse Sarah,Human,West Ardougne
737,3890,0.9891405,Cheryl,Human,Port Piscarilius,Taria,Human,Rimmington
3040,3890,0.9891405,Petra Fiyed,Human,Goblin Cave,Taria,Human,Rimmington
2310,3890,0.9891405,Lacey,Human,Mansion in a faraway island.,Taria,Human,Rimmington
3969,4268,0.9891374,Thrander,Human,Realm of Memories,Wesley,Human,Nardah
1107,1117,0.9891367,Dwarf,Dwarf,Dwarven Mine,Dylan,Dwarf,Christmas Factory
1749,4160,0.98913443,Grinka Krast,Vampyre,East Darkmeyer,Vampyre Juvenile,Vampyre,Ver Sinhaza
536,1300,0.9891328,Brown Engine Director,Dwarf,Keldagrim,Factory Worker,Dwarf,Blast Furnace
1493,2858,0.98913205,Freygerd,Human,Jatizso,Noella,Human,East Ardougne
1492,2858,0.98913205,Freygerd,Human,Rellekka,Noella,Human,East Ardougne
2349,2594,0.9891208,Layleen,Human,Tai Bwo Wannai,Martin Thwait,Human,Rogues' Den
1023,1117,0.9891139,Donal,Dwarf,Miscellania and Etceteria Dungeon,Dylan,Dwarf,Christmas Factory
1219,4208,0.9891129,Emelio,Human,Outer Fortis,Vineyard worker,Human,Aldarin
838,1997,0.98911047,Cook,Human,Jolly Boar Inn,Hugh,Human,Salvager Overlook
991,3245,0.9891088,Diango,Human,Draynor Village,Recruiter,Human,Edgeville
312,2448,0.9891088,Banker,Human,Shayzien,Lord Crombwick,Human,Crombwick Manor
830,2716,0.9891052,Concerned man,Human,Varrock,Monk,Human,Entrana
531,830,0.9891052,Brother Jered,Human,Edgeville Monastery,Concerned man,Human,Varrock
830,1988,0.989095,Concerned man,Human,Varrock,Horvik,Human,"Varrock , East Anvils"
158,2502,0.98909426,Antos,Human,Auburnvale,Lunami,Human,Auburnvale
1581,3568,0.98909414,General Salara,Human,Shayzien,Shop keeper,Human,Al Kharid
1257,1578,0.98909366,Erasmus,Human,Lumbridge,General Hining,Human,Tyras Camp
1257,2865,0.98909366,Erasmus,Human,Lumbridge,Norman,Human,Falador
941,1257,0.98909366,Daryl,Human,Shayzien,Erasmus,Human,Lumbridge
2318,2651,0.9890915,Lady Table,Human,Temple Knight Training Grounds,Meskhenet,Human,Nardah
2972,3902,0.98908794,Oziach,Human,South of the Edgeville Monastery,Tea Seller,Human,Varrock
858,3572,0.98907745,Councillor Andrews,Human,Kourend Castle,Shop keeper,Human,Museum Camp
1270,4246,0.98906267,Estate agent,Human,"Varrock , Falador , Seers' Village , Ardougne , Hosidius",Watson,Human,Hosidius
287,858,0.98905504,Banker,Human,Bank,Councillor Andrews,Human,Kourend Castle
858,1520,0.98905504,Councillor Andrews,Human,Kourend Castle,Fry,Human,Rabbit Hole
293,858,0.98905504,Banker,Werewolf,Canifis,Councillor Andrews,Human,Kourend Castle
298,858,0.98905504,Banker,Human,Draynor Village,Councillor Andrews,Human,Kourend Castle
317,858,0.98905504,Banker,Human,Tutorial Island,Councillor Andrews,Human,Kourend Castle
1206,1444,0.9890536,Ellis,Human,Al Kharid,Flax keeper,Human,Seers' Village Flax Fields
1038,1206,0.9890536,Doug Deeping,Human,Down the north-eastern borehole of the Digsite,Ellis,Human,Al Kharid
1206,3141,0.9890536,Ellis,Human,Al Kharid,Prisoner,Human,North Darkmeyer
468,1206,0.9890536,Boar31337Killer,Human,Southern Island of The Node,Ellis,Human,Al Kharid
935,1206,0.9890536,Darkmeyer Slave,Human,Hallowed Sepulchre,Ellis,Human,Al Kharid
1206,1886,0.9890536,Ellis,Human,Al Kharid,Hans,Human,Al Kharid
1206,2674,0.9890536,Ellis,Human,Al Kharid,Mine cart driver,Human,Desert Mining Camp
1550,2609,0.98905057,Gardener Gunnhild,Human,Miscellania,Matilda,Human,Etceteria Market
1456,1550,0.98905057,Flower Girl,Human,Miscellania Market,Gardener Gunnhild,Human,Miscellania
286,2620,0.9890486,Bank guard,Human,Draynor Village,Mazion,Human,Entrana sandpit
1774,1871,0.98904574,Guard,,H.A.M. Storerooms,HAM member,Human,H.A.M. Store room
1323,1345,0.98904383,Farmer,Human,Miscellania,Father Reen,Human,Al Kharid
530,722,0.98903084,Brother Jered,Human,Edgeville Monastery,Charlie,Human,The Grand Tree top floor
993,2651,0.9890303,Digsite workman,Human,Digsite and near Varrock Museum,Meskhenet,Human,Nardah
2228,2651,0.9890303,Kelvin,Human,Fight Arena,Meskhenet,Human,Nardah
2651,4052,0.98903024,Meskhenet,Human,Nardah,Tramp,Human,Varrock
2651,3681,0.98903024,Meskhenet,Human,Nardah,Slave,Human,Fight Arena
429,3572,0.98901457,Billy Rehnison,Human,West Ardougne,Shop keeper,Human,Museum Camp
3177,3572,0.98901457,Quartermaster,Human,Tyras Camp,Shop keeper,Human,Museum Camp
214,2846,0.9890095,Arthur the Clue Hunter,Human,Lumbridge,Niles,Human,Anywhere random events can occur
214,3066,0.9890095,Arthur the Clue Hunter,Human,Lumbridge,Piles,Human,Resource Area
2495,3097,0.9890039,Lumbridge Guide,Human,Lumbridge,Ponts the Bridgemaster,Human,Myths' Guild
1701,1961,0.98900205,Golova,Human,Hosidius,Hild,Human,Miscellania and Etceteria Dungeon
937,3339,0.9889983,Darren,Human,East of the Wilderness Agility Course,Rommik,Human,Blue Moon Inn
624,3568,0.9889864,Captain Ginea,Human,Shayzien Encampment,Shop keeper,Human,Al Kharid
103,2652,0.9889835,Almera,Human,Baxtorian Falls,Messenger,Human,Anywhere
405,4118,0.9889826,Bentamir,Dwarf,Keldagrim,Ulifed,Dwarf,Keldagrim
532,4268,0.9889739,Brother Kojo,Human,"The Clock Tower , south of Ardougne",Wesley,Human,Nardah
1344,4268,0.9889739,Father Lawrence,Human,Varrock church,Wesley,Human,Nardah
690,4268,0.9889739,Cave monk,Human,Entrana,Wesley,Human,Nardah
2718,4268,0.9889739,Monk,Human,Lumbridge Swamp,Wesley,Human,Nardah
534,4268,0.9889739,Brother Omad,Human,Monastery south of Ardougne,Wesley,Human,Nardah
529,4268,0.9889739,Brother Cedric,Human,East Ardougne,Wesley,Human,Nardah
312,3069,0.9889728,Banker,Human,Shayzien,Piliar,Human,Port Piscarilius
2500,4033,0.9889664,Lumo,Gnome,Ape Atoll,Tracker gnome 2,Gnome,Battlefield
2500,4034,0.9889664,Lumo,Gnome,Ape Atoll,Tracker gnome 3,Gnome,Battlefield
2500,4032,0.9889664,Lumo,Gnome,Ape Atoll,Tracker gnome 1,Gnome,Battlefield
1531,2500,0.9889663,G.L.O. Caranock,Gnome,Karamja Shipyard,Lumo,Gnome,Ape Atoll
2318,2594,0.988956,Lady Table,Human,Temple Knight Training Grounds,Martin Thwait,Human,Rogues' Den
2635,3487,0.9889494,Melee combat tutor,Human,Lumbridge,Seravel,Human,Shilo Village
342,536,0.98894846,Barman,Dwarf,West Keldagrim,Brown Engine Director,Dwarf,Keldagrim
2553,4268,0.98893225,Man,Human,Hosidius vinery,Wesley,Human,Nardah
2552,4268,0.98893225,Man,Human,Catacombs of Kourend,Wesley,Human,Nardah
1352,3400,0.98892003,Felius,Human,Twilight Temple,Salius,Human,Salvager Overlook
777,3400,0.98892003,Citizen,Human,Aldarin,Salius,Human,Salvager Overlook
2652,3559,0.9889194,Messenger,Human,Anywhere,Shop assistant,Human,Al Kharid
2660,3890,0.9889173,Mia,Human,Shayzien,Taria,Human,Rimmington
2531,3894,0.98890543,Maid,Human,Player-owned house or Servants' Guild,Tassie Slipcast,Human,Barbarian Village
286,3299,0.98889315,Bank guard,Human,Draynor Village,Richard,Human,Hosidius
1025,2660,0.9888865,Donie,Human,In and around Lumbridge,Mia,Human,Shayzien
2460,2660,0.9888865,Lorelai,Human,"Warriors' Guild , basement",Mia,Human,Shayzien
106,2660,0.9888865,Alrena,Human,East Ardougne,Mia,Human,Shayzien
1026,2660,0.9888865,Donie,Human,North-east of Lumbridge General Store,Mia,Human,Shayzien
1642,2660,0.98888636,Gileth,Human,Tree Gnome Village,Mia,Human,Shayzien
298,429,0.9888835,Banker,Human,Draynor Village,Billy Rehnison,Human,West Ardougne
1520,3177,0.9888835,Fry,Human,Rabbit Hole,Quartermaster,Human,Tyras Camp
317,429,0.9888835,Banker,Human,Tutorial Island,Billy Rehnison,Human,West Ardougne
293,429,0.9888835,Banker,Werewolf,Canifis,Billy Rehnison,Human,West Ardougne
317,3177,0.9888835,Banker,Human,Tutorial Island,Quartermaster,Human,Tyras Camp
298,3177,0.9888835,Banker,Human,Draynor Village,Quartermaster,Human,Tyras Camp
287,429,0.9888835,Banker,Human,Bank,Billy Rehnison,Human,West Ardougne
287,3177,0.9888835,Banker,Human,Bank,Quartermaster,Human,Tyras Camp
293,3177,0.9888835,Banker,Werewolf,Canifis,Quartermaster,Human,Tyras Camp
429,1520,0.9888835,Billy Rehnison,Human,West Ardougne,Fry,Human,Rabbit Hole
640,837,0.98888314,Captain Rovin,Human,Varrock Palace,Cook,Human,Blue Moon Inn
3562,4025,0.98887575,Shop assistant,Human,Lumbridge,Tourist,,"Civitas illa Fortis , Aldarin"
2608,2921,0.9888717,Master smithing tutor,Human,Varrock,Old man,Human,Shayzien
1997,3181,0.98886657,Hugh,Human,Salvager Overlook,Quest Guide,Human,Tutorial Island
41,2255,0.98886526,Aemilia,Human,Auburnvale,King,Human,Tal Teklan
4106,4107,0.98885953,TzHaar-Mej,TzHaar,Mor Ul Rek,TzHaar-Mej-Bal,TzHaar,Mor Ul Rek
4107,4110,0.98885953,TzHaar-Mej-Bal,TzHaar,Mor Ul Rek,TzHaar-Mej-Kah,TzHaar,Mor Ul Rek
4106,4108,0.98885953,TzHaar-Mej,TzHaar,Mor Ul Rek,TzHaar-Mej-Dir,TzHaar,Mor Ul Rek
4108,4110,0.98885953,TzHaar-Mej-Dir,TzHaar,Mor Ul Rek,TzHaar-Mej-Kah,TzHaar,Mor Ul Rek
2105,3128,0.98884904,Jaraah,Human,Emir's Arena,Priest,Human,West Ardougne
1323,3402,0.98884296,Farmer,Human,Miscellania,Sam,Human,Arceuus Library
2553,3562,0.9888391,Man,Human,Hosidius vinery,Shop assistant,Human,Lumbridge
2552,3562,0.9888391,Man,Human,Catacombs of Kourend,Shop assistant,Human,Lumbridge
520,1971,0.9888348,Briget,Human,Shayzien,Holly,Human,North of Port Sarim
2855,3933,0.98883015,'No fingers',Human,Tower of Life,'The Guns',Human,Tower of Life
361,4019,0.9888297,Bartender,Human,? (edit),Torrell,Human,South of East Ardougne
1299,2218,0.9888216,Factory Manager,Dwarf,Keldagrim,Kaston,Dwarf,Shayzien
785,814,0.98881984,Citizen,Human,Bazaar in Civitas illa Fortis,Colosseum Announcer,Human,Fortis Colosseum
1344,3572,0.98881936,Father Lawrence,Human,Varrock church,Shop keeper,Human,Museum Camp
529,3572,0.98881936,Brother Cedric,Human,East Ardougne,Shop keeper,Human,Museum Camp
690,3572,0.98881936,Cave monk,Human,Entrana,Shop keeper,Human,Museum Camp
2718,3572,0.98881936,Monk,Human,Lumbridge Swamp,Shop keeper,Human,Museum Camp
532,3572,0.98881936,Brother Kojo,Human,"The Clock Tower , south of Ardougne",Shop keeper,Human,Museum Camp
534,3572,0.98881936,Brother Omad,Human,Monastery south of Ardougne,Shop keeper,Human,Museum Camp
2846,2971,0.98881674,Niles,Human,Anywhere random events can occur,Oziach,Human,North-west Edgeville
2846,2973,0.98881674,Niles,Human,Anywhere random events can occur,Oziach,Human,Blue Moon Inn
2973,3066,0.98881674,Oziach,Human,Blue Moon Inn,Piles,Human,Resource Area
2971,3066,0.98881674,Oziach,Human,North-west Edgeville,Piles,Human,Resource Area
798,3562,0.9888165,Clerk,Human,Clan Hub,Shop assistant,Human,Lumbridge
2126,3428,0.9888149,Jess,Human,East Ardougne,Sarah,Human,South Falador Farm
2230,3428,0.9888145,Kendall,Human,Great Kourend,Sarah,Human,South Falador Farm
340,3428,0.9888145,Barmaid,Human,Falador,Sarah,Human,South Falador Farm
3309,3966,0.9888129,Riki the sculptor's model,Dwarf,Keldagrim,Thorodin,Dwarf,Miscellania and Etceteria Dungeon
1836,3966,0.9888129,Gunslik,Dwarf,Western Keldagrim,Thorodin,Dwarf,Miscellania and Etceteria Dungeon
2161,3966,0.9888129,Jorra,Dwarf ( Imcando-descendant ),Lovakengj Assembly,Thorodin,Dwarf,Miscellania and Etceteria Dungeon
243,4118,0.9888128,Audmann,Dwarf,Keldagrim,Ulifed,Dwarf,Keldagrim
1116,4118,0.9888128,Dwarven Miner,Dwarf,Keldagrim,Ulifed,Dwarf,Keldagrim
1025,3890,0.98881197,Donie,Human,In and around Lumbridge,Taria,Human,Rimmington
106,3890,0.98881197,Alrena,Human,East Ardougne,Taria,Human,Rimmington
2460,3890,0.98881197,Lorelai,Human,"Warriors' Guild , basement",Taria,Human,Rimmington
1642,3890,0.98881197,Gileth,Human,Tree Gnome Village,Taria,Human,Rimmington
1026,3890,0.98881197,Donie,Human,North-east of Lumbridge General Store,Taria,Human,Rimmington
128,882,0.9888109,Amrod,Elf,Prifddinas,Crefydd,Elf,Top floor of the Tower of Voices
2693,3510,0.98880446,Mishkal'un Dorn,Human,Tunnel of Chaos,Shady stranger,,Draynor Village
2575,3788,0.988796,Marius,Human,Burgh de Rott,Squire,Human,Void Knights' Outpost
52,3949,0.98878723,Agmundi,Dwarf,Keldagrim,Thidrolda,Dwarf,World Wildlife Fund conservation area
3187,3687,0.98877656,R0ck 5masher,Human,The Node,Slieve,Human,Taverley Dungeon
831,3181,0.9887638,Conrad King,Human,Port Piscarilius,Quest Guide,Human,Tutorial Island
798,1874,0.9887425,Clerk,Human,Clan Hub,Hambling,Human,Rellekka Longhall Bar
2371,3785,0.98874223,Leela,Human,Hosidius,Squire (Veteran),Human,Void Knight Outpost boat
1581,2111,0.98873734,General Salara,Human,Shayzien,Jasper,Human,Salvager Overlook
2846,3107,0.988737,Niles,Human,Anywhere random events can occur,Port worker,Human,Port Piscarilius
3066,3107,0.988737,Piles,Human,Resource Area,Port worker,Human,Port Piscarilius
120,3428,0.9887367,Amelia,Human,Shayzien,Sarah,Human,South Falador Farm
1255,3181,0.9887333,epic mager34,Human,Lumbridge watermill,Quest Guide,Human,Tutorial Island
553,1659,0.98872983,Bunkdo,Gnome,Ape Atoll,Gnome,Gnome,Mourner HQ Prison in West Ardougne
999,2339,0.988724,Disappointed father,Human,Varrock,Larry,Human,Falador
1915,3882,0.9887029,Head Servant,Human,? (edit),Tanner,Human,Crafting Guild
287,2620,0.9886992,Banker,Human,Bank,Mazion,Human,Entrana sandpit
298,2620,0.9886992,Banker,Human,Draynor Village,Mazion,Human,Entrana sandpit
293,2620,0.9886992,Banker,Werewolf,Canifis,Mazion,Human,Entrana sandpit
1520,2620,0.9886992,Fry,Human,Rabbit Hole,Mazion,Human,Entrana sandpit
317,2620,0.9886992,Banker,Human,Tutorial Island,Mazion,Human,Entrana sandpit
286,858,0.9886979,Bank guard,Human,Draynor Village,Councillor Andrews,Human,Kourend Castle
1538,3556,0.9886972,Galahad,Human,Near McGrubor's Wood,Shipyard worker,,Ship Yard
2272,3571,0.9886937,Kiyahtla,Human,Tlati Rainforest,Shop keeper,Human,Falador
798,842,0.98868597,Clerk,Human,Clan Hub,Cooky Weasel,Human,Rabbit Hole
4025,4268,0.98868525,Tourist,,"Civitas illa Fortis , Aldarin",Wesley,Human,Nardah
289,1987,0.98866814,Banker,Citizen of Arceuus,Arceuus,Horphis,Citizen of Arceuus,Arceuus Library
536,1110,0.988657,Brown Engine Director,Dwarf,Keldagrim,Dwarf,Dwarf,Motherlode Mine
2069,3299,0.9886559,Ironman tutor,Human,Tutorial Island,Richard,Human,Hosidius
1360,2497,0.9886371,Femi,Gnome,Tree Gnome Stronghold,Lumdo,Gnome,"Ape Atoll , Crash Island"
1950,3563,0.98863536,Hewey,Human,Lumbridge Swamp,Shop assistant,Human,Musa Point
2974,4075,0.98861855,Pagida,Citizen of Arceuus,Library Historical Archive,Trossa,Citizen of Arceuus,North of Arceuus
405,463,0.98861814,Bentamir,Dwarf,Keldagrim,Blue Opal Secretary,Dwarf,Keldagrim
405,4274,0.988618,Bentamir,Dwarf,Keldagrim,White Chisel Secretary,Dwarf,Keldagrim
858,4119,0.98861754,Councillor Andrews,Human,Kourend Castle,Ulina,Human,Christmas Factory
661,3128,0.98861665,Carpenter,Human,Sophanem,Priest,Human,West Ardougne
858,1971,0.9886161,Councillor Andrews,Human,Kourend Castle,Holly,Human,North of Port Sarim
1502,1876,0.98860276,Frincos,Human,Entrana,Hamid,Human,Emir's Arena
2108,2248,0.9885948,Jarr,Human,Al Kharid,Khazard Soldier,Human,Ghorrock Dungeon
2678,4191,0.9885947,Miner,Dwarf,The Deeper Lode,Vestri,Dwarf,Near White Wolf Mountain
429,4119,0.9885893,Billy Rehnison,Human,West Ardougne,Ulina,Human,Christmas Factory
3177,4119,0.9885893,Quartermaster,Human,Tyras Camp,Ulina,Human,Christmas Factory
193,858,0.9885855,Arhein,Human,Catherby,Councillor Andrews,Human,Kourend Castle
2608,3201,0.98858166,Master smithing tutor,Human,Varrock,Radimus Erkle,Human,Legends' Guild
2878,3559,0.98857605,Nurse Sarah,Human,West Ardougne,Shop assistant,Human,Al Kharid
1347,2111,0.98857206,Faustus,Human,Aldarin,Jasper,Human,Salvager Overlook
857,3181,0.9885701,Council workman,Human,Bridge leading to Rellekka,Quest Guide,Human,Tutorial Island
653,3444,0.9885689,Caranthir,Elf,Prifddinas,Sawmill Operator,Elf,Prifddinas
2890,3049,0.98856795,Obli,Human,Shilo Village,Phials,Human,Rimmington
836,2244,0.9885677,Cook,Human,Blue Moon Inn,Khazard Barman,Human,South-western corner of the Fight Arena
836,3575,0.9885677,Cook,Human,Blue Moon Inn,Shop keeper,Human,Port Khazard
836,1863,0.9885677,Cook,Human,Blue Moon Inn,Hajedy,Human,Brimhaven
410,714,0.9885665,Bert,Human,Yanille,Chancy,Human,Rimmington
188,2669,0.9885615,Arena Guard Rachi,Human,Emir's Arena,Millie Miller,Human,Mill Lane Mill
2349,2652,0.9885612,Layleen,Human,Tai Bwo Wannai,Messenger,Human,Anywhere
286,429,0.98855454,Bank guard,Human,Draynor Village,Billy Rehnison,Human,West Ardougne
286,3177,0.98855454,Bank guard,Human,Draynor Village,Quartermaster,Human,Tyras Camp
1971,3177,0.98855186,Holly,Human,North of Port Sarim,Quartermaster,Human,Tyras Camp
429,1971,0.98855186,Billy Rehnison,Human,West Ardougne,Holly,Human,North of Port Sarim
517,837,0.98854613,Brian,Human,Port Sarim,Cook,Human,Blue Moon Inn
3299,3565,0.9885425,Richard,Human,Hosidius,Shop assistant,Human,Varrock
1749,2737,0.988539,Grinka Krast,Vampyre,East Darkmeyer,Mordan Nikazsi,Vampyre,South-east Darkmeyer
1055,1749,0.988539,Drasdan Ranor,Vampyre,South Darkmeyer,Grinka Krast,Vampyre,East Darkmeyer
1206,2086,0.9885373,Ellis,Human,Al Kharid,Jack,Human,Myths' Guild
718,3354,0.98853326,Charles Charlington,Human,Fossil Island,Ru Merald,Human,Tlati Rainforest
2812,3354,0.98853326,Natural Historian,Human,Mount Quidamortem,Ru Merald,Human,Tlati Rainforest
2811,3354,0.98853326,Natural historian,Human,Varrock Museum,Ru Merald,Human,Tlati Rainforest
1965,3354,0.98853326,Historian Minas,Human,Varrock Museum,Ru Merald,Human,Tlati Rainforest
2151,3354,0.98853326,John,Human,Museum Camp,Ru Merald,Human,Tlati Rainforest
3041,3354,0.98853326,Petrified Pete,Human,Fossil Island,Ru Merald,Human,Tlati Rainforest
2794,4183,0.98853046,Mysterious Old Man,Human,Anywhere,Veos,Human,"Port Sarim docks, Port Piscarilius , The Sheared Ram in Lumbridge"
4262,4402,0.988526,Well-dressed man,Human,Aldarin,Zamorakian Acolyte,Human,Ferox Enclave
1206,1915,0.98851687,Ellis,Human,Al Kharid,Head Servant,Human,? (edit)
3966,4191,0.98851347,Thorodin,Dwarf,Miscellania and Etceteria Dungeon,Vestri,Dwarf,Near White Wolf Mountain
722,1559,0.98850125,Charlie,Human,The Grand Tree top floor,Gary,Human,Varrock
1078,2068,0.98848933,Drunken soldier,Human,The Cloak and Stagger,Ironman tutor,Human,Lumbridge
2068,3997,0.98848933,Ironman tutor,Human,Lumbridge,Toby,Human,Varrock
2068,3700,0.98848933,Ironman tutor,Human,Lumbridge,Smithing apprentice,Human,Lumbridge
2068,3928,0.98848933,Ironman tutor,Human,Lumbridge,The 'Wedge',Human,Camelot
1715,2068,0.98848933,Grand Exchange Clerk,Human,Grand Exchange,Ironman tutor,Human,Lumbridge
2068,2578,0.98848933,Ironman tutor,Human,Lumbridge,Mark,Human,Port Piscarilius
2068,2980,0.98848933,Ironman tutor,Human,Lumbridge,Panning guide,Human,Digsite
876,1206,0.9884846,Crafting tutor,Human,Lumbridge Castle,Ellis,Human,Al Kharid
362,1206,0.9884846,Bartender,Human,Port Sarim,Ellis,Human,Al Kharid
1206,3725,0.9884846,Ellis,Human,Al Kharid,Soldier,Human,Death Plateau (south)
2339,3049,0.9884747,Larry,Human,Falador,Phials,Human,Rimmington
536,1522,0.9884739,Brown Engine Director,Dwarf,Keldagrim,Fullangr,Dwarf,Miscellania and Etceteria Dungeon
3400,3475,0.9884738,Salius,Human,Salvager Overlook,Sebamo,Human,Auburnvale
494,3181,0.98847187,Bork Sigmundson,Human,Ice Troll Caves,Quest Guide,Human,Tutorial Island
714,787,0.98847187,Chancy,Human,Rimmington,Civilian,Human,West Ardougne
2218,3613,0.98846245,Kaston,Dwarf,Shayzien,Silver Cog Secretary,Dwarf,Keldagrim
318,3572,0.9884491,Banker,Human,Varrock,Shop keeper,Human,Museum Camp
3299,3523,0.9884478,Richard,Human,Hosidius,Shayzien Infiltrator,Human,Lizardman Temple
243,4274,0.9884469,Audmann,Dwarf,Keldagrim,White Chisel Secretary,Dwarf,Keldagrim
463,1116,0.9884469,Blue Opal Secretary,Dwarf,Keldagrim,Dwarven Miner,Dwarf,Keldagrim
1116,4274,0.9884469,Dwarven Miner,Dwarf,Keldagrim,White Chisel Secretary,Dwarf,Keldagrim
243,463,0.9884469,Audmann,Dwarf,Keldagrim,Blue Opal Secretary,Dwarf,Keldagrim
362,1138,0.9884453,Bartender,Human,Port Sarim,Ed Wood,Human,Digsite
876,1138,0.9884453,Crafting tutor,Human,Lumbridge Castle,Ed Wood,Human,Digsite
1138,3725,0.98844504,Ed Wood,Human,Digsite,Soldier,Human,Death Plateau (south)
2620,4268,0.9884435,Mazion,Human,Entrana sandpit,Wesley,Human,Nardah
1206,1885,0.9884385,Ellis,Human,Al Kharid,Hans,Human,Lumbridge
1206,1324,0.9884385,Ellis,Human,Al Kharid,Farmer,Human,Groats' farm
1559,4268,0.98843503,Gary,Human,Varrock,Wesley,Human,Nardah
1876,4351,0.98843133,Hamid,Human,Emir's Arena,Wounded soldier,Human,Battlefront
467,1662,0.98842484,Blurberry,Gnome,1 st floor [ UK ] 2 nd floor [ US ] of the Grand Tree,Gnome banker,Gnome,Gnome Stronghold
341,1662,0.98842484,Barman,Gnome,• The 1 st floor [ UK ] 2 nd floor [ US ] of the Grand Tree . • East of the Gnomeball Field,Gnome banker,Gnome,Gnome Stronghold
467,810,0.98842436,Blurberry,Gnome,1 st floor [ UK ] 2 nd floor [ US ] of the Grand Tree,Cocktail seller,Gnome,"Al Kharid , Brimhaven , Catherby beach"
1668,1702,0.98842436,Gnome emissary,Gnome,Keldagrim,Golrie,Gnome,Tree Gnome Village dungeon
810,3335,0.98842436,Cocktail seller,Gnome,"Al Kharid , Brimhaven , Catherby beach",Rometti,Gnome,"Grand Tree , Tree Gnome Stronghold"
1662,3335,0.98842436,Gnome banker,Gnome,Gnome Stronghold,Rometti,Gnome,"Grand Tree , Tree Gnome Stronghold"
1662,1675,0.98842436,Gnome banker,Gnome,Gnome Stronghold,Gnome Waiter,Gnome,Grand Tree
1662,1702,0.98842436,Gnome banker,Gnome,Gnome Stronghold,Golrie,Gnome,Tree Gnome Village dungeon
341,810,0.98842436,Barman,Gnome,• The 1 st floor [ UK ] 2 nd floor [ US ] of the Grand Tree . • East of the Gnomeball Field,Cocktail seller,Gnome,"Al Kharid , Brimhaven , Catherby beach"
810,1675,0.98842436,Cocktail seller,Gnome,"Al Kharid , Brimhaven , Catherby beach",Gnome Waiter,Gnome,Grand Tree
341,1668,0.98842436,Barman,Gnome,• The 1 st floor [ UK ] 2 nd floor [ US ] of the Grand Tree . • East of the Gnomeball Field,Gnome emissary,Gnome,Keldagrim
467,1668,0.98842436,Blurberry,Gnome,1 st floor [ UK ] 2 nd floor [ US ] of the Grand Tree,Gnome emissary,Gnome,Keldagrim
810,1702,0.98842436,Cocktail seller,Gnome,"Al Kharid , Brimhaven , Catherby beach",Golrie,Gnome,Tree Gnome Village dungeon
1668,1675,0.98842436,Gnome emissary,Gnome,Keldagrim,Gnome Waiter,Gnome,Grand Tree
1668,3335,0.98842436,Gnome emissary,Gnome,Keldagrim,Rometti,Gnome,"Grand Tree , Tree Gnome Stronghold"
318,1520,0.9884225,Banker,Human,Varrock,Fry,Human,Rabbit Hole
298,318,0.9884225,Banker,Human,Draynor Village,Banker,Human,Varrock
317,318,0.9884225,Banker,Human,Tutorial Island,Banker,Human,Varrock
287,318,0.9884225,Banker,Human,Bank,Banker,Human,Varrock
293,318,0.9884225,Banker,Werewolf,Canifis,Banker,Human,Varrock
773,4287,0.98841995,Christopher,Human,? (edit),Wilough,Human,Varrock square
1558,3838,0.9884186,Gary,,Locus Oasis,Sue,,Locus Oasis
1860,3299,0.9884162,Hairdresser,Human,Falador,Richard,Human,Hosidius
193,3177,0.9884149,Arhein,Human,Catherby,Quartermaster,Human,Tyras Camp
193,429,0.9884149,Arhein,Human,Catherby,Billy Rehnison,Human,West Ardougne
2316,3429,0.9884106,Lady Servil,Human,Fight Arena,Sarah,Human,South Falador Farm
2591,3429,0.9884106,Martha Rehnison,Human,West Ardougne,Sarah,Human,South Falador Farm
3429,3987,0.9884106,Sarah,Human,South Falador Farm,Tina,Human,Falador
3429,3522,0.9884106,Sarah,Human,South Falador Farm,Shayda,Human,Shayzien
2222,3429,0.9884106,Kaylee,Human,Falador,Sarah,Human,South Falador Farm
3429,3786,0.9884106,Sarah,Human,South Falador Farm,Squire,Human,Void Knight Outpost
904,3429,0.98841035,Customer,Human,Keldagrim Library,Sarah,Human,South Falador Farm
52,4187,0.9884102,Agmundi,Dwarf,Keldagrim,Vermundi,Dwarf,Keldagrim
3636,4064,0.98840725,Sir Percival,Human,Fisher Realm,Trobert,Human,Brimhaven
1105,1300,0.9884052,Dwarf,Dwarf,"Lumbridge , Groats' Farm",Factory Worker,Dwarf,Blast Furnace
2068,2385,0.98840237,Ironman tutor,Human,Lumbridge,Lesser Fanatic,Human,Edgeville
167,3882,0.9883976,Apprentice workman,Human,Falador,Tanner,Human,Crafting Guild
536,2275,0.98839545,Brown Engine Director,Dwarf,Keldagrim,Klank,Dwarf,Underground Pass
1860,3969,0.98839384,Hairdresser,Human,Falador,Thrander,Human,Realm of Memories
2594,3560,0.9883851,Martin Thwait,Human,Rogues' Den,Shop assistant,Human,Edgeville
921,4345,0.9883758,Dallas Jones,Human,"Karamja Wines, Spirits, and Beers",Workman,Human,Falador
533,921,0.9883758,Brother Maledict,Human,Witchaven,Dallas Jones,Human,"Karamja Wines, Spirits, and Beers"
830,1416,0.9883753,Concerned man,Human,Varrock,Fisherman Frodi,Human,Miscellania
780,3499,0.98837095,Citizen,Human,Civitas illa Fortis,Sergius,Human,Twilight Temple
1900,2248,0.988369,Haskell,Human,• Rellekka • Island of Stone,Khazard Soldier,Human,Ghorrock Dungeon
286,534,0.9883637,Bank guard,Human,Draynor Village,Brother Omad,Human,Monastery south of Ardougne
286,532,0.9883637,Bank guard,Human,Draynor Village,Brother Kojo,Human,"The Clock Tower , south of Ardougne"
286,2718,0.9883637,Bank guard,Human,Draynor Village,Monk,Human,Lumbridge Swamp
286,1344,0.9883637,Bank guard,Human,Draynor Village,Father Lawrence,Human,Varrock church
286,690,0.9883637,Bank guard,Human,Draynor Village,Cave monk,Human,Entrana
286,529,0.9883637,Bank guard,Human,Draynor Village,Brother Cedric,Human,East Ardougne
1189,1202,0.9883577,Elgan,Elf,Prifddinas,Elladan,Elf,Prifddinas
1348,3179,0.9883511,Fayeth,Human,Lumbridge,Queen Sigrid,Human,Castle of Etceteria
528,722,0.98834383,Brother Brace,Human,Tutorial Island,Charlie,Human,The Grand Tree top floor
830,3038,0.9883434,Concerned man,Human,Varrock,Peter,Human,Fossil Island
921,1989,0.98834187,Dallas Jones,Human,"Karamja Wines, Spirits, and Beers",Hosa,Human,Kingstown statue
1301,2556,0.98833513,Fadli,Human,Emir's Arena,Man,Human,The Warrens
1301,3264,0.98833513,Fadli,Human,Emir's Arena,Refugee,Human,Ferox Enclave
2978,3346,0.98833346,Palum,Human,Christmas Factory,Rosie,Human,Farming Guild
3571,3826,0.9883334,Shop keeper,Human,Falador,Street urchin,Human,Pollnivneach
3359,3826,0.9883292,Rufus,Human,Civitas illa Fortis,Street urchin,Human,Pollnivneach
318,4119,0.9883273,Banker,Human,Varrock,Ulina,Human,Christmas Factory
2742,2846,0.9883269,Morris,Human,Hemenster,Niles,Human,Anywhere random events can occur
2742,3066,0.9883269,Morris,Human,Hemenster,Piles,Human,Resource Area
4075,4095,0.9883188,Trossa,Citizen of Arceuus,North of Arceuus,Tyss,Citizen of Arceuus,Great Kourend
3556,3639,0.9883117,Shipyard worker,,Ship Yard,Sir Rebral,Human,Falador
798,3572,0.9883024,Clerk,Human,Clan Hub,Shop keeper,Human,Museum Camp
2086,3882,0.9883003,Jack,Human,Myths' Guild,Tanner,Human,Crafting Guild
2846,3639,0.9882902,Niles,Human,Anywhere random events can occur,Sir Rebral,Human,Falador
3066,3639,0.9882902,Piles,Human,Resource Area,Sir Rebral,Human,Falador
1271,4144,0.9882884,Estate agent,Human,South of the Edgeville Monastery,Uri,Human,Wherever an emote clue is completed
2492,3571,0.98828393,Luke,Human,Shipyard,Shop keeper,Human,Falador
1876,2526,0.98828036,Hamid,Human,Emir's Arena,Mage of Zamorak,Human,Ourania Cave
1138,1324,0.9882798,Ed Wood,Human,Digsite,Farmer,Human,Groats' farm
1138,1885,0.9882798,Ed Wood,Human,Digsite,Hans,Human,Lumbridge
90,2010,0.9882759,Ali the Kebab seller,Human,Pollnivneach,Iago,Human,No
948,2716,0.98827577,David,Human,Sinclair Mansion,Monk,Human,Entrana
531,948,0.98827577,Brother Jered,Human,Edgeville Monastery,David,Human,Sinclair Mansion
1642,2594,0.98827076,Gileth,Human,Tree Gnome Village,Martin Thwait,Human,Rogues' Den
1025,2594,0.98827076,Donie,Human,In and around Lumbridge,Martin Thwait,Human,Rogues' Den
1026,2594,0.98827076,Donie,Human,North-east of Lumbridge General Store,Martin Thwait,Human,Rogues' Den
106,2594,0.98827076,Alrena,Human,East Ardougne,Martin Thwait,Human,Rogues' Den
2460,2594,0.98827076,Lorelai,Human,"Warriors' Guild , basement",Martin Thwait,Human,Rogues' Den
1235,2380,0.98826915,Enel,Elf,Prifddinas,Lenwe,Elf,Prifddinas
1149,1767,0.9882536,Egg,Rabbit,Al Kharid,Guard,Rabbit,Eastern Bunbridge
1397,1398,0.9882534,First Mate Deri,Human,Tempoross Cove,First Mate Peri,Human,Tempoross Cove
599,1398,0.9882534,Cannoneer,Human,Tempoross Cove,First Mate Peri,Human,Tempoross Cove
599,1645,0.9882534,Cannoneer,Human,Tempoross Cove,Gita Prymes,Human,Ruins of Unkah
1397,1645,0.9882534,First Mate Deri,Human,Tempoross Cove,Gita Prymes,Human,Ruins of Unkah
823,3187,0.98824215,Commander Fullore,Human,Kourend Castle,R0ck 5masher,Human,The Node
1112,2678,0.98824215,Dwarven Boatman,Dwarf,Keldagrim,Miner,Dwarf,The Deeper Lode
425,773,0.98824084,Bill,Human,Varrock,Christopher,Human,? (edit)
318,1971,0.9882377,Banker,Human,Varrock,Holly,Human,North of Port Sarim
1657,1672,0.98823476,Gnome,Gnome,,Gnome soldier,Gnome,Battle of Atarisundri
2118,3316,0.98823094,Jeff,Human,Varrock,Roavar,Werewolf,Canifis
3614,3790,0.9882273,Silver merchant,Human,East Ardougne,Squire,Human,Void Knight Outpost
1118,1966,0.98822093,Eadgar,Human,Summit of Trollheim ( Trollheim Teleport ),Hiylik Myna,Human,Paterdomus
1118,3595,0.98822093,Eadgar,Human,Summit of Trollheim ( Trollheim Teleport ),Siegfried Erkle,Human,2 nd floor [ UK ] 3 rd floor [ US ] of Legends' Guild (west side)
1118,3906,0.98822093,Eadgar,Human,Summit of Trollheim ( Trollheim Teleport ),Ted Rehnison,Human,West Ardougne
1118,1525,0.98822093,Eadgar,Human,Summit of Trollheim ( Trollheim Teleport ),Fur trader,Human,East Ardougne
1118,1592,0.98822093,Eadgar,Human,Summit of Trollheim ( Trollheim Teleport ),Gerald,Human,South of Baxtorian Falls
722,1988,0.9882206,Charlie,Human,The Grand Tree top floor,Horvik,Human,"Varrock , East Anvils"
1302,1305,0.98821926,Fairy,Fairy,Zanaris,Fairy Aeryka,Fairy,Zanaris wheat field
2865,3339,0.9882164,Norman,Human,Falador,Rommik,Human,Blue Moon Inn
941,3339,0.9882164,Daryl,Human,Shayzien,Rommik,Human,Blue Moon Inn
1578,3339,0.9882164,General Hining,Human,Tyras Camp,Rommik,Human,Blue Moon Inn
787,2227,0.9882128,Civilian,Human,West Ardougne,Keith,Human,"South-east of the Farming Guild , inside his house ."
298,2069,0.98821247,Banker,Human,Draynor Village,Ironman tutor,Human,Tutorial Island
287,2069,0.98821247,Banker,Human,Bank,Ironman tutor,Human,Tutorial Island
317,2069,0.98821247,Banker,Human,Tutorial Island,Ironman tutor,Human,Tutorial Island
1520,2069,0.98821247,Fry,Human,Rabbit Hole,Ironman tutor,Human,Tutorial Island
293,2069,0.98821247,Banker,Werewolf,Canifis,Ironman tutor,Human,Tutorial Island
915,3938,0.98821175,Daga,Monkey,Marim,The Monkey's Uncle,Monkey,Roof of The Monkey's Aunt 's house
2661,2663,0.9882033,Miala,Human,East of Burgh de Rott,Mihail,Human,Burgh de Rott
2249,4375,0.9882012,"Khorvak, a dwarven engineer",Dwarf,Under White Wolf Mountain,Yarsul,Dwarf,Mining Guild
2163,4375,0.9882012,Jorzik,Dwarf,Keldagrim,Yarsul,Dwarf,Mining Guild
3955,4375,0.9882012,Thirus,Dwarf ( Imcando-descendant ),Lovakengj,Yarsul,Dwarf,Mining Guild
941,3338,0.98820055,Daryl,Human,Shayzien,Rommik,Human,Rimmington
639,1578,0.98820055,Captain Rimor,Human,Mount Quidamortem,General Hining,Human,Tyras Camp
2865,3338,0.98820055,Norman,Human,Falador,Rommik,Human,Rimmington
639,2865,0.98820055,Captain Rimor,Human,Mount Quidamortem,Norman,Human,Falador
639,941,0.98820055,Captain Rimor,Human,Mount Quidamortem,Daryl,Human,Shayzien
1578,3338,0.98820055,General Hining,Human,Tyras Camp,Rommik,Human,Rimmington
714,3566,0.9881978,Chancy,Human,Rimmington,Shop assistant,Human,Varrock
38,2322,0.9881958,Advisor,Gnome,Cutscene,Laidee Gnonock,Gnome,Outside of the Warrior's Guild
973,3270,0.9881956,Derni,Dwarf,Keldagrim south-west mine,Reinald,Dwarf,Keldagrim
1950,4354,0.9881934,Hewey,Human,Lumbridge Swamp,Wydin,Human,Port Sarim
1950,4355,0.9881934,Hewey,Human,Lumbridge Swamp,Wydin,Human,
286,2069,0.9881933,Bank guard,Human,Draynor Village,Ironman tutor,Human,Tutorial Island
445,775,0.98818815,Blaec,Human,Zanaris,Chuck,Human,Realm of Memories
1019,2824,0.98818755,"Dominicus, Teoki of Ranul",,Auburn Valley,"Nenetl, Teoki of Ranul",Human,Crypt of Tonali
1573,2095,0.98818517,Gem trader,Human,Al Kharid,Jadid,Human,Emir's Arena
1573,3373,0.98818517,Gem trader,Human,Al Kharid,Sabeil,Human,Emir's Arena
286,318,0.9881829,Bank guard,Human,Draynor Village,Banker,Human,Varrock
2068,3562,0.98818123,Ironman tutor,Human,Lumbridge,Shop assistant,Human,Lumbridge
2272,3568,0.9881711,Kiyahtla,Human,Tlati Rainforest,Shop keeper,Human,Al Kharid
577,3351,0.988171,Cabin Boy Herbert,Human,Port Sarim Port Piscarilius,Roy,Human,Slepe
876,3882,0.9881691,Crafting tutor,Human,Lumbridge Castle,Tanner,Human,Crafting Guild
3725,3882,0.9881691,Soldier,Human,Death Plateau (south),Tanner,Human,Crafting Guild
362,3882,0.9881691,Bartender,Human,Port Sarim,Tanner,Human,Crafting Guild
2433,2974,0.9881651,Logios,Citizen of Arceuus,Library Historical Archive,Pagida,Citizen of Arceuus,Library Historical Archive
405,1962,0.9881612,Bentamir,Dwarf,Keldagrim,Hirko,Dwarf,Keldagrim
1116,3425,0.98815584,Dwarven Miner,Dwarf,Keldagrim,Santiri,Dwarf,Keldagrim
243,3425,0.98815584,Audmann,Dwarf,Keldagrim,Santiri,Dwarf,Keldagrim
340,2712,0.9881556,Barmaid,Human,Falador,Molly,Human,Evil twin
2126,2712,0.9881556,Jess,Human,East Ardougne,Molly,Human,Evil twin
2230,2712,0.9881556,Kendall,Human,Great Kourend,Molly,Human,Evil twin
318,2492,0.98815286,Banker,Human,Varrock,Luke,Human,Shipyard
1257,2158,0.9881525,Erasmus,Human,Lumbridge,Jonathan,Human,Hosidius
103,3561,0.9881425,Almera,Human,Baxtorian Falls,Shop assistant,Human,Falador
3565,3636,0.98814064,Shop assistant,Human,Varrock,Sir Percival,Human,Fisher Realm
2652,3946,0.98813915,Messenger,Human,Anywhere,Theodore Paxton,Human,Red Rock
243,1962,0.98813844,Audmann,Dwarf,Keldagrim,Hirko,Dwarf,Keldagrim
1116,1962,0.98813844,Dwarven Miner,Dwarf,Keldagrim,Hirko,Dwarf,Keldagrim
722,842,0.9881376,Charlie,Human,The Grand Tree top floor,Cooky Weasel,Human,Rabbit Hole
2666,3102,0.9881369,Miles,Human,Anywhere random events can occur,Port Official,Human,Port Piscarilius
2978,3391,0.9881328,Palum,Human,Christmas Factory,Sailor,Human,Red Rock
1522,2216,0.988131,Fullangr,Dwarf,Miscellania and Etceteria Dungeon,Karl,Dwarf,Keldagrim
744,3826,0.98812044,Child,Human,,Street urchin,Human,Pollnivneach
2385,4064,0.98811954,Lesser Fanatic,Human,Edgeville,Trobert,Human,Brimhaven
2216,2275,0.9881183,Karl,Dwarf,Keldagrim,Klank,Dwarf,Underground Pass
169,2961,0.9881118,Aranwe,Elf,Prifddinas,Oswallt,Elf,Prifddinas
837,3989,0.9881091,Cook,Human,Blue Moon Inn,Tindel Marchant,Human,Port Khazard
2106,2901,0.9881085,Jardric,Dwarf,Fossil Island,Odmar,Dwarf,Keldagrim
293,690,0.9881071,Banker,Werewolf,Canifis,Cave monk,Human,Entrana
293,532,0.9881071,Banker,Werewolf,Canifis,Brother Kojo,Human,"The Clock Tower , south of Ardougne"
293,2718,0.9881071,Banker,Werewolf,Canifis,Monk,Human,Lumbridge Swamp
293,1344,0.9881071,Banker,Werewolf,Canifis,Father Lawrence,Human,Varrock church
293,529,0.9881071,Banker,Werewolf,Canifis,Brother Cedric,Human,East Ardougne
1344,1520,0.9881071,Father Lawrence,Human,Varrock church,Fry,Human,Rabbit Hole
298,1344,0.9881071,Banker,Human,Draynor Village,Father Lawrence,Human,Varrock church
298,690,0.9881071,Banker,Human,Draynor Village,Cave monk,Human,Entrana
298,529,0.9881071,Banker,Human,Draynor Village,Brother Cedric,Human,East Ardougne
298,532,0.9881071,Banker,Human,Draynor Village,Brother Kojo,Human,"The Clock Tower , south of Ardougne"
298,534,0.9881071,Banker,Human,Draynor Village,Brother Omad,Human,Monastery south of Ardougne
534,1520,0.9881071,Brother Omad,Human,Monastery south of Ardougne,Fry,Human,Rabbit Hole
293,534,0.9881071,Banker,Werewolf,Canifis,Brother Omad,Human,Monastery south of Ardougne
287,690,0.9881071,Banker,Human,Bank,Cave monk,Human,Entrana
317,2718,0.9881071,Banker,Human,Tutorial Island,Monk,Human,Lumbridge Swamp
532,1520,0.9881071,Brother Kojo,Human,"The Clock Tower , south of Ardougne",Fry,Human,Rabbit Hole
287,529,0.9881071,Banker,Human,Bank,Brother Cedric,Human,East Ardougne
287,532,0.9881071,Banker,Human,Bank,Brother Kojo,Human,"The Clock Tower , south of Ardougne"
287,1344,0.9881071,Banker,Human,Bank,Father Lawrence,Human,Varrock church
287,2718,0.9881071,Banker,Human,Bank,Monk,Human,Lumbridge Swamp
317,690,0.9881071,Banker,Human,Tutorial Island,Cave monk,Human,Entrana
317,1344,0.9881071,Banker,Human,Tutorial Island,Father Lawrence,Human,Varrock church
1520,2718,0.9881071,Fry,Human,Rabbit Hole,Monk,Human,Lumbridge Swamp
317,534,0.9881071,Banker,Human,Tutorial Island,Brother Omad,Human,Monastery south of Ardougne
317,532,0.9881071,Banker,Human,Tutorial Island,Brother Kojo,Human,"The Clock Tower , south of Ardougne"
317,529,0.9881071,Banker,Human,Tutorial Island,Brother Cedric,Human,East Ardougne
287,534,0.9881071,Banker,Human,Bank,Brother Omad,Human,Monastery south of Ardougne
690,1520,0.9881071,Cave monk,Human,Entrana,Fry,Human,Rabbit Hole
529,1520,0.9881071,Brother Cedric,Human,East Ardougne,Fry,Human,Rabbit Hole
298,2718,0.9881071,Banker,Human,Draynor Village,Monk,Human,Lumbridge Swamp
1038,2781,0.9880966,Doug Deeping,Human,Down the north-eastern borehole of the Digsite,Murky Pat,Human,Lady Zay
468,2781,0.9880966,Boar31337Killer,Human,Southern Island of The Node,Murky Pat,Human,Lady Zay
2781,3141,0.9880966,Murky Pat,Human,Lady Zay,Prisoner,Human,North Darkmeyer
2674,2781,0.9880966,Mine cart driver,Human,Desert Mining Camp,Murky Pat,Human,Lady Zay
935,2781,0.9880966,Darkmeyer Slave,Human,Hallowed Sepulchre,Murky Pat,Human,Lady Zay
1444,2781,0.9880966,Flax keeper,Human,Seers' Village Flax Fields,Murky Pat,Human,Lady Zay
1886,2781,0.9880966,Hans,Human,Al Kharid,Murky Pat,Human,Lady Zay
3734,3969,0.9880942,Soldier,Human,The Cloak and Stagger,Thrander,Human,Realm of Memories
1322,1326,0.9880934,Farmer,Human,Kastori,Farmer,Human,Tal Teklan
1348,2978,0.9880923,Fayeth,Human,Lumbridge,Palum,Human,Christmas Factory
193,3562,0.9880882,Arhein,Human,Catherby,Shop assistant,Human,Lumbridge
2371,2560,0.9880822,Leela,Human,Hosidius,Mandy,Human,Mansion in a faraway island.
640,831,0.98807937,Captain Rovin,Human,Varrock Palace,Conrad King,Human,Port Piscarilius
2666,3556,0.98807484,Miles,Human,Anywhere random events can occur,Shipyard worker,,Ship Yard
640,1255,0.9880694,Captain Rovin,Human,Varrock Palace,epic mager34,Human,Lumbridge watermill
405,2008,0.98806894,Bentamir,Dwarf,Keldagrim,Hura,Dwarf,Dwarven Mine
405,3425,0.9880676,Bentamir,Dwarf,Keldagrim,Santiri,Dwarf,Keldagrim
831,3989,0.98806673,Conrad King,Human,Port Piscarilius,Tindel Marchant,Human,Port Khazard
3725,4354,0.98806584,Soldier,Human,Death Plateau (south),Wydin,Human,Port Sarim
876,4355,0.98806584,Crafting tutor,Human,Lumbridge Castle,Wydin,Human,
362,4355,0.98806584,Bartender,Human,Port Sarim,Wydin,Human,
362,4354,0.98806584,Bartender,Human,Port Sarim,Wydin,Human,Port Sarim
876,4354,0.98806584,Crafting tutor,Human,Lumbridge Castle,Wydin,Human,Port Sarim
3725,4355,0.98806584,Soldier,Human,Death Plateau (south),Wydin,Human,
1255,3989,0.98806345,epic mager34,Human,Lumbridge watermill,Tindel Marchant,Human,Port Khazard
3179,3346,0.98806006,Queen Sigrid,Human,Castle of Etceteria,Rosie,Human,Farming Guild
132,2689,0.9880565,Anaire,Elf,Prifddinas,Miriel,Elf,Prifddinas
2890,3902,0.9880552,Obli,Human,Shilo Village,Tea Seller,Human,Varrock
1141,2961,0.98804575,Edrahil,Elf,Prifddinas,Oswallt,Elf,Prifddinas
652,1657,0.9880456,Carado,Gnome,Ape Atoll,Gnome,Gnome,
1650,2961,0.9880456,Glorfindel,Elf,Prifddinas,Oswallt,Elf,Prifddinas
471,1954,0.9880445,Bob,Human,Lumbridge,High Priest,Human,Entrana
470,1954,0.9880445,Bob,Human,Lumbridge,High Priest,Human,Entrana
243,2008,0.9880416,Audmann,Dwarf,Keldagrim,Hura,Dwarf,Dwarven Mine
1116,2008,0.9880416,Dwarven Miner,Dwarf,Keldagrim,Hura,Dwarf,Dwarven Mine
1347,2207,0.98803735,Faustus,Human,Aldarin,Karaday,Human,Tai Bwo Wannai
1168,1170,0.98803085,Elder Katt,Tortugan,The Sacred Grove,Elder Korel,Tortugan,The Summer Shore
1055,4161,0.9880253,Drasdan Ranor,Vampyre,South Darkmeyer,Vampyre Juvinate,Vampyre,Daeyalt essence mine
1055,4162,0.9880253,Drasdan Ranor,Vampyre,South Darkmeyer,Vampyre Juvinate,Vampyre,Meiyerditch mine
2737,4161,0.98802525,Mordan Nikazsi,Vampyre,South-east Darkmeyer,Vampyre Juvinate,Vampyre,Daeyalt essence mine
2737,4162,0.98802525,Mordan Nikazsi,Vampyre,South-east Darkmeyer,Vampyre Juvinate,Vampyre,Meiyerditch mine
2318,3559,0.9880203,Lady Table,Human,Temple Knight Training Grounds,Shop assistant,Human,Al Kharid
1324,3882,0.98801696,Farmer,Human,Groats' farm,Tanner,Human,Crafting Guild
1885,3882,0.98801696,Hans,Human,Lumbridge,Tanner,Human,Crafting Guild
2058,3966,0.98801666,Inn Keeper,Dwarf,Keldagrim - The King's Axe Inn,Thorodin,Dwarf,Miscellania and Etceteria Dungeon
318,3565,0.98801506,Banker,Human,Varrock,Shop assistant,Human,Varrock
1757,2907,0.988015,Grug,Ogre,Jiggig,Ogre guard,Ogre,Jiggig
1757,3067,0.988015,Grug,Ogre,Jiggig,Pilg,Ogre,Jiggig
2907,2911,0.988015,Ogre guard,Ogre,Jiggig,Ogre trader,Ogre,Gu'Tanoth
2907,3448,0.988015,Ogre guard,Ogre,Jiggig,Scarg,Ogre,Chompy Marsh
2907,2910,0.988015,Ogre guard,Ogre,Jiggig,Ogre trader,Ogre,Gu'Tanoth
1552,2907,0.988015,Gargh,Ogre,South of Castle Wars,Ogre guard,Ogre,Jiggig
2907,2908,0.988015,Ogre guard,Ogre,Jiggig,Ogre merchant,Ogre,Gu'Tanoth
3067,3448,0.988015,Pilg,Ogre,Jiggig,Scarg,Ogre,Chompy Marsh
1552,3067,0.988015,Gargh,Ogre,South of Castle Wars,Pilg,Ogre,Jiggig
3067,4116,0.988015,Pilg,Ogre,Jiggig,Uglug Nar,Ogre,Jiggig
1762,3067,0.988015,Grunsh,Ogre,Red Axe base,Pilg,Ogre,Jiggig
2911,3067,0.988015,Ogre trader,Ogre,Gu'Tanoth,Pilg,Ogre,Jiggig
2907,4116,0.988015,Ogre guard,Ogre,Jiggig,Uglug Nar,Ogre,Jiggig
1762,2907,0.988015,Grunsh,Ogre,Red Axe base,Ogre guard,Ogre,Jiggig
2910,3067,0.988015,Ogre trader,Ogre,Gu'Tanoth,Pilg,Ogre,Jiggig
2908,3067,0.988015,Ogre merchant,Ogre,Gu'Tanoth,Pilg,Ogre,Jiggig
1758,2907,0.988015,Gruh,Ogre,South of Castle Wars,Ogre guard,Ogre,Jiggig
1758,3067,0.988015,Gruh,Ogre,South of Castle Wars,Pilg,Ogre,Jiggig
496,3343,0.9880135,Boulder,Troll,Weiss,Root,Troll,Weiss
1138,1950,0.9880134,Ed Wood,Human,Digsite,Hewey,Human,Lumbridge Swamp
2227,3298,0.98800385,Keith,Human,"South-east of the Farming Guild , inside his house .",Richard,Human,Ardougne
54,1253,0.9879996,Ahab,Human,Rusty Anchor Inn,Eohric,Human,Burthorpe castle
2526,3157,0.9879992,Mage of Zamorak,Human,Ourania Cave,Protester,Human,Varrock
2433,4095,0.98798156,Logios,Citizen of Arceuus,Library Historical Archive,Tyss,Citizen of Arceuus,Great Kourend
2557,2661,0.98798144,Man,Human,West Ardougne,Miala,Human,East of Burgh de Rott
2874,3966,0.98797274,Nurmof,Dwarf,Dwarven Mines,Thorodin,Dwarf,Miscellania and Etceteria Dungeon
1235,2057,0.9879712,Enel,Elf,Prifddinas,Ingwion,Elf,Prifddinas
2227,3566,0.9879707,Keith,Human,"South-east of the Farming Guild , inside his house .",Shop assistant,Human,Varrock
90,97,0.98797065,Ali the Kebab seller,Human,Pollnivneach,Ali the Tailor,Human,Al Kharid
1709,3514,0.9879693,Gossip,Human,Sinclair Mansion,Shantay,Human,Shantay Pass
2923,4361,0.98796827,Old Man Yarlo,Human,Varrock,Xi_plzPetDogz_xiX,Human,South of Edgeville Monastery
1502,3157,0.9879648,Frincos,Human,Entrana,Protester,Human,Varrock
1139,3611,0.98796386,Edmond,Human,East Ardougne,Silk trader,Human,Al Kharid
3557,3563,0.98796326,Shipyard Worker,Human,Shipyard,Shop assistant,Human,Musa Point
3543,3563,0.98796326,Shipwright Seb,Human,Shipyard,Shop assistant,Human,Musa Point
624,3571,0.9879631,Captain Ginea,Human,Shayzien Encampment,Shop keeper,Human,Falador
2002,3605,0.9879556,Hunding,Human,Barbarian Village,Sigurd,Human,Barbarian Village
1226,1229,0.9879552,Emissary Chef,Human,Twilight Temple,Emissary Herder,Human,Twilight Temple
56,993,0.98795116,Aisles,Human,Tai Bwo Wannai,Digsite workman,Human,Digsite and near Varrock Museum
56,4052,0.98795116,Aisles,Human,Tai Bwo Wannai,Tramp,Human,Varrock
56,3681,0.98795116,Aisles,Human,Tai Bwo Wannai,Slave,Human,Fight Arena
56,2228,0.98795116,Aisles,Human,Tai Bwo Wannai,Kelvin,Human,Fight Arena
948,3038,0.98794293,David,Human,Sinclair Mansion,Peter,Human,Fossil Island
1997,4361,0.98794156,Hugh,Human,Salvager Overlook,Xi_plzPetDogz_xiX,Human,South of Edgeville Monastery
1324,4354,0.9879364,Farmer,Human,Groats' farm,Wydin,Human,Port Sarim
1885,4354,0.9879364,Hans,Human,Lumbridge,Wydin,Human,Port Sarim
1885,4355,0.9879364,Hans,Human,Lumbridge,Wydin,Human,
1324,4355,0.9879364,Farmer,Human,Groats' farm,Wydin,Human,
583,1202,0.9879352,Caerwyn,Elf,Prifddinas,Elladan,Elf,Prifddinas
2598,3648,0.987925,Mary,Human,Varrock,Siren,,
70,2635,0.98792195,Alan,Human,Tal Teok,Melee combat tutor,Human,Lumbridge
2268,2635,0.98792195,King's Messenger,Human,Anywhere,Melee combat tutor,Human,Lumbridge
2485,4361,0.98791957,Lubufu,Human,Brimhaven,Xi_plzPetDogz_xiX,Human,South of Edgeville Monastery
214,1004,0.98791385,Arthur the Clue Hunter,Human,Lumbridge,Dock worker,Human,Port Piscarilius
1208,2688,0.98791367,Elnes,Dwarf ( Imcando-descendant ),Tithe Farm,Miriam,Dwarf ( Imcando-descendant ),Lovakengj
2130,4250,0.9879046,Jethick,Human,West Ardougne,Wayne,Human,Southern Falador
1255,3575,0.98790133,epic mager34,Human,Lumbridge watermill,Shop keeper,Human,Port Khazard
1255,1863,0.98790133,epic mager34,Human,Lumbridge watermill,Hajedy,Human,Brimhaven
1255,2244,0.98790133,epic mager34,Human,Lumbridge watermill,Khazard Barman,Human,South-western corner of the Fight Arena
3801,3843,0.9878979,Stankers,Dwarf,Coal Trucks,Sune,Dwarf,Keldagrim
1111,3801,0.9878979,Dwarf,Dwarf,Dorgesh-Kaan–Keldagrim train system,Stankers,Dwarf,Coal Trucks
2652,2878,0.987896,Messenger,Human,Anywhere,Nurse Sarah,Human,West Ardougne
831,3575,0.9878907,Conrad King,Human,Port Piscarilius,Shop keeper,Human,Port Khazard
831,2244,0.9878907,Conrad King,Human,Port Piscarilius,Khazard Barman,Human,South-western corner of the Fight Arena
831,1863,0.9878907,Conrad King,Human,Port Piscarilius,Hajedy,Human,Brimhaven
1253,1988,0.9878905,Eohric,Human,Burthorpe castle,Horvik,Human,"Varrock , East Anvils"
3938,4088,0.98788416,The Monkey's Uncle,Monkey,Roof of The Monkey's Aunt 's house,Tutab,Monkey,Ape Atoll
193,842,0.98788154,Arhein,Human,Catherby,Cooky Weasel,Human,Rabbit Hole
2598,2600,0.98787606,Mary,Human,Varrock,Mary,Human,Sinclair Mansion
1929,3890,0.9878758,Helpline Assistant,Human,,Taria,Human,Rimmington
203,2789,0.98786294,Armourer (tier 4),Dwarf,Lovakengj,Myndill,Dwarf,Keldagrim
4037,4040,0.9878602,Trader,Dwarf,Trade Octagon,Trader,Dwarf,Trade Octagon
1761,4037,0.9878602,Grundt,Dwarf,Jatizso,Trader,Dwarf,Trade Octagon
2448,4351,0.98785913,Lord Crombwick,Human,Crombwick Manor,Wounded soldier,Human,Battlefront
3132,3568,0.98784494,Prince Ali,Human,Draynor Village jail,Shop keeper,Human,Al Kharid
193,3969,0.9878423,Arhein,Human,Catherby,Thrander,Human,Realm of Memories
2129,2568,0.9878398,Jessie,Human,East of the Giant Pit,Maria Gunnars,Human,Rellekka docks
2496,3529,0.9878323,Lumbridge Sheep,Sheep,Lumbridge,Sheep,Sheep,Zanaris
369,2295,0.9878306,Bartender,Human,Lumbridge,Kortan,Human,East Ardougne
193,3565,0.98782253,Arhein,Human,Catherby,Shop assistant,Human,Varrock
1578,1709,0.9878217,General Hining,Human,Tyras Camp,Gossip,Human,Sinclair Mansion
941,1709,0.9878217,Daryl,Human,Shayzien,Gossip,Human,Sinclair Mansion
1709,2865,0.9878217,Gossip,Human,Sinclair Mansion,Norman,Human,Falador
4308,4315,0.98781204,Wizard,Human,Arceuus,Wizard Frumscone,Human,Wizards' Guild basement
3248,4199,0.98781085,Red Axe Secretary,Dwarf,Keldagrim,Vigr,Dwarf,Keldagrim
514,4199,0.98781085,Brendt,Dwarf,Jatizso,Vigr,Dwarf,Keldagrim
4109,4111,0.98781,TzHaar-Mej-Jal,TzHaar,Mor Ul Rek,TzHaar-Mej-Roh,TzHaar,Mor Ul Rek
145,1360,0.9878082,Anita,Gnome,Tree Gnome Stronghold,Femi,Gnome,Tree Gnome Stronghold
1860,1971,0.98779655,Hairdresser,Human,Falador,Holly,Human,North of Port Sarim
831,3125,0.9877938,Conrad King,Human,Port Piscarilius,Priest,Human,East Ardougne
530,1988,0.98778725,Brother Jered,Human,Edgeville Monastery,Horvik,Human,"Varrock , East Anvils"
2378,3568,0.98777527,Lenny,Human,North of Prifddinas,Shop keeper,Human,Al Kharid
2318,3890,0.9877745,Lady Table,Human,Temple Knight Training Grounds,Taria,Human,Rimmington
2781,4334,0.9877694,Murky Pat,Human,Lady Zay,Woodsman tutor,Human,Lumbridge
1255,3125,0.98775566,epic mager34,Human,Lumbridge watermill,Priest,Human,East Ardougne
410,1206,0.9877437,Bert,Human,Yanille,Ellis,Human,Al Kharid
1996,3734,0.98774356,Hudon,Human,Baxtorian Falls,Soldier,Human,The Cloak and Stagger
3407,3734,0.98774356,Sammy Servil,Human,Fight Arena prison,Soldier,Human,The Cloak and Stagger
722,3177,0.98774266,Charlie,Human,The Grand Tree top floor,Quartermaster,Human,Tyras Camp
429,722,0.98774266,Billy Rehnison,Human,West Ardougne,Charlie,Human,The Grand Tree top floor
1988,2068,0.9877424,Horvik,Human,"Varrock , East Anvils",Ironman tutor,Human,Lumbridge
1894,4402,0.987739,Harold Evans,Human,Under Canifis in the original Myreque Hideout,Zamorakian Acolyte,Human,Ferox Enclave
3299,4268,0.9877371,Richard,Human,Hosidius,Wesley,Human,Nardah
686,4136,0.9877193,Cave goblin,Dorgeshuun,Dorgesh-Kaan,Ur-lun,Dorgeshuun,Dorgesh-Kaan
70,3316,0.98771906,Alan,Human,Tal Teok,Roavar,Werewolf,Canifis
2268,3316,0.98771906,King's Messenger,Human,Anywhere,Roavar,Werewolf,Canifis
722,858,0.987713,Charlie,Human,The Grand Tree top floor,Councillor Andrews,Human,Kourend Castle
1962,4146,0.987682,Hirko,Dwarf,Keldagrim,Utrec,Dwarf,Mining Guild
4297,4300,0.98768103,Wise Old Man,Human,Draynor Village,Wise Old Man,Human,Al Kharid
4299,4300,0.98768103,Wise Old Man,,Land of Snow,Wise Old Man,Human,Al Kharid
172,4075,0.9876792,arc_test_01,Citizen of Arceuus,,Trossa,Citizen of Arceuus,North of Arceuus
798,2068,0.987678,Clerk,Human,Clan Hub,Ironman tutor,Human,Lumbridge
2818,3128,0.9876771,Neil,Human,Bandit Camp,Priest,Human,West Ardougne
318,3571,0.987677,Banker,Human,Varrock,Shop keeper,Human,Falador
3391,3882,0.98767614,Sailor,Human,Red Rock,Tanner,Human,Crafting Guild
4136,4419,0.98767495,Ur-lun,Dorgeshuun,Dorgesh-Kaan,Zenkog,Dorgeshuun,Dorgesh-Kaan market
1271,4246,0.98766994,Estate agent,Human,South of the Edgeville Monastery,Watson,Human,Hosidius
286,3562,0.98766136,Bank guard,Human,Draynor Village,Shop assistant,Human,Lumbridge
517,831,0.98765916,Brian,Human,Port Sarim,Conrad King,Human,Port Piscarilius
496,2020,0.9876572,Boulder,Troll,Weiss,Icicle,Troll,Weiss
372,2789,0.98765564,Barus,Dwarf,Lovakengj,Myndill,Dwarf,Keldagrim
353,1966,0.98765504,Bartender,Human,Varrock,Hiylik Myna,Human,Paterdomus
350,1966,0.98765504,Bartender,Human,Blue Moon Inn,Hiylik Myna,Human,Paterdomus
353,1525,0.98765504,Bartender,Human,Varrock,Fur trader,Human,East Ardougne
353,3906,0.98765504,Bartender,Human,Varrock,Ted Rehnison,Human,West Ardougne
353,3595,0.98765504,Bartender,Human,Varrock,Siegfried Erkle,Human,2 nd floor [ UK ] 3 rd floor [ US ] of Legends' Guild (west side)
350,3595,0.98765504,Bartender,Human,Blue Moon Inn,Siegfried Erkle,Human,2 nd floor [ UK ] 3 rd floor [ US ] of Legends' Guild (west side)
353,1592,0.98765504,Bartender,Human,Varrock,Gerald,Human,South of Baxtorian Falls
350,1525,0.98765504,Bartender,Human,Blue Moon Inn,Fur trader,Human,East Ardougne
350,1592,0.98765504,Bartender,Human,Blue Moon Inn,Gerald,Human,South of Baxtorian Falls
350,3906,0.98765504,Bartender,Human,Blue Moon Inn,Ted Rehnison,Human,West Ardougne
1299,2678,0.98765063,Factory Manager,Dwarf,Keldagrim,Miner,Dwarf,The Deeper Lode
517,1255,0.98764956,Brian,Human,Port Sarim,epic mager34,Human,Lumbridge watermill
2335,2770,0.98760545,Larrissa,Human,Lighthouse,Ms. Hynn Terprett,Human,Temple Knight Training Grounds
1118,2185,0.9875989,Eadgar,Human,Summit of Trollheim ( Trollheim Teleport ),Justin Servil,Human,Fight Arena
1695,2980,0.98759687,Godric,Human,Troll Stronghold prison,Panning guide,Human,Digsite
1695,1715,0.98759687,Godric,Human,Troll Stronghold prison,Grand Exchange Clerk,Human,Grand Exchange
1695,3997,0.98759687,Godric,Human,Troll Stronghold prison,Toby,Human,Varrock
1078,1695,0.98759687,Drunken soldier,Human,The Cloak and Stagger,Godric,Human,Troll Stronghold prison
1695,3700,0.98759687,Godric,Human,Troll Stronghold prison,Smithing apprentice,Human,Lumbridge
1695,2578,0.98759687,Godric,Human,Troll Stronghold prison,Mark,Human,Port Piscarilius
1695,3928,0.98759687,Godric,Human,Troll Stronghold prison,The 'Wedge',Human,Camelot
68,1751,0.9875954,Alan,Human,Blue Moon Inn,Group Ironman tutor,Human,Central island of The Node
1997,4235,0.98759484,Hugh,Human,Salvager Overlook,Wally,Human,Varrock
2068,2620,0.98759294,Ironman tutor,Human,Lumbridge,Mazion,Human,Entrana sandpit
207,3788,0.9875841,Arno,Human,Farming Guild,Squire,Human,Void Knights' Outpost
2652,3561,0.9875804,Messenger,Human,Anywhere,Shop assistant,Human,Falador
1327,1332,0.9875785,Farmer,Human,The Golden Field,Farmer Hayfield,Human,Hosidius
3572,4025,0.98757577,Shop keeper,Human,Museum Camp,Tourist,,"Civitas illa Fortis , Aldarin"
80,999,0.9875684,Alfonse the waiter,Human,Brimhaven,Disappointed father,Human,Varrock
354,999,0.9875684,Bartender,Human,Varrock,Disappointed father,Human,Varrock
207,2158,0.98756564,Arno,Human,Farming Guild,Jonathan,Human,Hosidius
1582,2921,0.98756266,General Vir,Human,Battlefront,Old man,Human,Shayzien
2149,4384,0.98755807,Johanhus Ulsbrecht,Human,H.A.M. Dungeon,Yenrab,Human,Slepe
2978,3179,0.9875572,Palum,Human,Christmas Factory,Queen Sigrid,Human,Castle of Etceteria
103,3559,0.98754907,Almera,Human,Baxtorian Falls,Shop assistant,Human,Al Kharid
1559,2492,0.9875456,Gary,Human,Varrock,Luke,Human,Shipyard
640,3004,0.9875449,Captain Rovin,Human,Varrock Palace,Peasant,Human,Fisher Realm
1004,3049,0.98754174,Dock worker,Human,Port Piscarilius,Phials,Human,Rimmington
1580,2393,0.98754114,General Kilian,Human,Shayzien,Lieutenant,,Chasm of Fire entrance
2449,3321,0.98753774,Lord Daquarius,Human,Taverley Dungeon,Robyn,Human,Shayzien
164,4312,0.9875356,Apprentice Cordelia,Human,Wizards' Tower,Wizard Akutha,Human,Wizards' Guild
1206,1950,0.98753387,Ellis,Human,Al Kharid,Hewey,Human,Lumbridge Swamp
318,722,0.9875295,Banker,Human,Varrock,Charlie,Human,The Grand Tree top floor
2492,3573,0.98752904,Luke,Human,Shipyard,Shop keeper,Human,Lumbridge
2108,4012,0.98752165,Jarr,Human,Al Kharid,Torbrund,Human,Rellekka Longhall Bar
2552,3572,0.98752135,Man,Human,Catacombs of Kourend,Shop keeper,Human,Museum Camp
2553,3572,0.98752135,Man,Human,Hosidius vinery,Shop keeper,Human,Museum Camp
1836,2106,0.98752046,Gunslik,Dwarf,Western Keldagrim,Jardric,Dwarf,Fossil Island
2106,2161,0.98752046,Jardric,Dwarf,Fossil Island,Jorra,Dwarf ( Imcando-descendant ),Lovakengj Assembly
2106,3309,0.98752046,Jardric,Dwarf,Fossil Island,Riki the sculptor's model,Dwarf,Keldagrim
305,977,0.9875175,Banker,Elf,Lletya,Derwen,Elf,Prifddinas
3038,3897,0.9875142,Peter,Human,Fossil Island,Tau,Human,Falador
193,1695,0.9875121,Arhein,Human,Catherby,Godric,Human,Troll Stronghold prison
287,3562,0.98751163,Banker,Human,Bank,Shop assistant,Human,Lumbridge
317,3562,0.98751163,Banker,Human,Tutorial Island,Shop assistant,Human,Lumbridge
1520,3562,0.98751163,Fry,Human,Rabbit Hole,Shop assistant,Human,Lumbridge
293,3562,0.98751163,Banker,Werewolf,Canifis,Shop assistant,Human,Lumbridge
298,3562,0.98751163,Banker,Human,Draynor Village,Shop assistant,Human,Lumbridge
743,4269,0.98750466,Child,Human,All over West Ardougne,Weve,Human,Wyvern Cave
3596,3819,0.9875035,Sigbert the Adventurer,Human,At the end of Yanille Agility Dungeon.,Stranger,Werewolf,Hair of the Dog Tavern
517,3004,0.9874999,Brian,Human,Port Sarim,Peasant,Human,Fisher Realm
3744,4438,0.9874995,Sorrn,Gnome,,Zul-Gutusolly,Gnome,Zul-Andra
1672,1830,0.9874959,Gnome soldier,Gnome,Battle of Atarisundri,Gulluck,Gnome,Grand Tree
2553,4119,0.98749447,Man,Human,Hosidius vinery,Ulina,Human,Christmas Factory
2552,4119,0.98749447,Man,Human,Catacombs of Kourend,Ulina,Human,Christmas Factory
787,3298,0.98748016,Civilian,Human,West Ardougne,Richard,Human,Ardougne
3004,3989,0.98747563,Peasant,Human,Fisher Realm,Tindel Marchant,Human,Port Khazard
231,1360,0.98747563,Assistant Lori,Gnome,Grand Tree,Femi,Gnome,Tree Gnome Stronghold
531,722,0.98747265,Brother Jered,Human,Edgeville Monastery,Charlie,Human,The Grand Tree top floor
722,2716,0.98747265,Charlie,Human,The Grand Tree top floor,Monk,Human,Entrana
2116,2652,0.9874711,Jeed,Human,Emir's Arena,Messenger,Human,Anywhere
2318,2878,0.98747003,Lady Table,Human,Temple Knight Training Grounds,Nurse Sarah,Human,West Ardougne
778,784,0.9874698,Citizen,Human,Auburnvale,Citizen,Human,Tal Teklan
778,781,0.9874698,Citizen,Human,Auburnvale,Citizen,Human,Kastori
784,2895,0.9874698,Citizen,Human,Tal Teklan,Ocuil,Human,Auburn Valley
781,2895,0.9874698,Citizen,Human,Kastori,Ocuil,Human,Auburn Valley
3378,3744,0.9874606,Sacrifice,Gnome,Zul-Andra,Sorrn,Gnome,
4350,4410,0.9874575,Wounded soldier,Human,Infirmary,Zealot,Human,Abandoned Mine
714,3298,0.9874511,Chancy,Human,Rimmington,Richard,Human,Ardougne
2575,4186,0.9874469,Marius,Human,Burgh de Rott,Verak,Human,East of Burgh de Rott
2923,3004,0.9874444,Old Man Yarlo,Human,Varrock,Peasant,Human,Fisher Realm
2008,4146,0.9874419,Hura,Dwarf,Dwarven Mine,Utrec,Dwarf,Mining Guild
1709,2586,0.9874399,Gossip,Human,Sinclair Mansion,Marlo,Human,Varrock
640,838,0.9874387,Captain Rovin,Human,Varrock Palace,Cook,Human,Jolly Boar Inn
823,3687,0.98743814,Commander Fullore,Human,Kourend Castle,Slieve,Human,Taverley Dungeon
141,3014,0.98743737,Aneirin,Elf,Prifddinas,Pennant,Elf,Prifddinas
1981,2960,0.98743606,Hops,Human,Rimmington,Oswald,Human,Shayzien
3499,4206,0.98743033,Sergius,Human,Twilight Temple,Vincens,Human,Outer Fortis
858,2492,0.9874219,Councillor Andrews,Human,Kourend Castle,Luke,Human,Shipyard
2380,2521,0.9874177,Lenwe,Elf,Prifddinas,Maedhros,Elf,Grand Library
288,3503,0.9874075,Banker,Human,Al Kharid,Seth,Human,Brimhaven
2069,3572,0.9874037,Ironman tutor,Human,Tutorial Island,Shop keeper,Human,Museum Camp
429,2492,0.9874009,Billy Rehnison,Human,West Ardougne,Luke,Human,Shipyard
2492,3177,0.9874009,Luke,Human,Shipyard,Quartermaster,Human,Tyras Camp
3562,3969,0.98739326,Shop assistant,Human,Lumbridge,Thrander,Human,Realm of Memories
1344,2068,0.98739266,Father Lawrence,Human,Varrock church,Ironman tutor,Human,Lumbridge
2068,2718,0.98739266,Ironman tutor,Human,Lumbridge,Monk,Human,Lumbridge Swamp
529,2068,0.98739266,Brother Cedric,Human,East Ardougne,Ironman tutor,Human,Lumbridge
532,2068,0.98739266,Brother Kojo,Human,"The Clock Tower , south of Ardougne",Ironman tutor,Human,Lumbridge
534,2068,0.98739266,Brother Omad,Human,Monastery south of Ardougne,Ironman tutor,Human,Lumbridge
690,2068,0.98739266,Cave monk,Human,Entrana,Ironman tutor,Human,Lumbridge
1138,2449,0.9873882,Ed Wood,Human,Digsite,Lord Daquarius,Human,Taverley Dungeon
69,3642,0.9873879,Alan,Human,Farming Guild,Sir Spishyus,Human,Temple Knight Training Grounds
1058,3642,0.9873879,Dreven,Human,Champions' Guild,Sir Spishyus,Human,Temple Knight Training Grounds
1110,1116,0.9873866,Dwarf,Dwarf,Motherlode Mine,Dwarven Miner,Dwarf,Keldagrim
243,1110,0.9873866,Audmann,Dwarf,Keldagrim,Dwarf,Dwarf,Motherlode Mine
2087,3826,0.98738503,Jack,Human,Musa Point or Karamja,Street urchin,Human,Pollnivneach
1998,2789,0.9873824,Hugor,Dwarf,Land's End,Myndill,Dwarf,Keldagrim
2485,4303,0.9873809,Lubufu,Human,Brimhaven,Wistan,Human,Burthorpe
1522,4118,0.98738086,Fullangr,Dwarf,Miscellania and Etceteria Dungeon,Ulifed,Dwarf,Keldagrim
4025,4119,0.98738015,Tourist,,"Civitas illa Fortis , Aldarin",Ulina,Human,Christmas Factory
3244,4303,0.9873738,Recruiter,Human,West Ardougne,Wistan,Human,Burthorpe
798,3571,0.98736775,Clerk,Human,Clan Hub,Shop keeper,Human,Falador
288,2551,0.98736423,Banker,Human,Al Kharid,Man,Werewolf,Canifis
435,4150,0.9873624,Black Guard,Dwarf,Keldagrim,Vaeringk,Dwarf,Keldagrim
471,3571,0.9873616,Bob,Human,Lumbridge,Shop keeper,Human,Falador
470,3571,0.9873616,Bob,Human,Lumbridge,Shop keeper,Human,Falador
3843,4037,0.98735654,Sune,Dwarf,Keldagrim,Trader,Dwarf,Trade Octagon
1111,4037,0.98735654,Dwarf,Dwarf,Dorgesh-Kaan–Keldagrim train system,Trader,Dwarf,Trade Octagon
188,2668,0.98735553,Arena Guard Rachi,Human,Emir's Arena,Milli Rehnison,Human,West Ardougne
2158,3339,0.98735034,Jonathan,Human,Hosidius,Rommik,Human,Blue Moon Inn
1488,2354,0.9873488,Fred the Farmer,Human,Fred's farm,Lead Navigator,Human,Digsite
1488,2943,0.9873488,Fred the Farmer,Human,Fred's farm,Orlando Smith,Human,Varrock Museum
405,1110,0.9873476,Bentamir,Dwarf,Keldagrim,Dwarf,Dwarf,Motherlode Mine
4119,4268,0.9873475,Ulina,Human,Christmas Factory,Wesley,Human,Nardah
639,2158,0.9873438,Captain Rimor,Human,Mount Quidamortem,Jonathan,Human,Hosidius
2158,3338,0.9873438,Jonathan,Human,Hosidius,Rommik,Human,Rimmington
2759,3547,0.98733795,Mountain Guide,Human,Nemus Retreat,Shipwright Silas,Human,Aldarin
2485,3181,0.98731863,Lubufu,Human,Brimhaven,Quest Guide,Human,Tutorial Island
407,1327,0.98731804,Bernard,Human,The Proudspire,Farmer,Human,The Golden Field
989,2230,0.9873179,Diana,Human,Myths' Guild,Kendall,Human,Great Kourend
989,2126,0.9873179,Diana,Human,Myths' Guild,Jess,Human,East Ardougne
340,989,0.9873179,Barmaid,Human,Falador,Diana,Human,Myths' Guild
2972,3049,0.9873171,Oziach,Human,South of the Edgeville Monastery,Phials,Human,Rimmington
65,3980,0.98731583,Al Shabim,Human,Bedabin Camp,Tiles,Human,Bandit Camp
1502,3497,0.9873105,Frincos,Human,Entrana,Sergeant Tobyn,Human,Varrock Square
1860,4119,0.98730886,Hairdresser,Human,Falador,Ulina,Human,Christmas Factory
1138,2978,0.98730767,Ed Wood,Human,Digsite,Palum,Human,Christmas Factory
1962,3425,0.9873071,Hirko,Dwarf,Keldagrim,Santiri,Dwarf,Keldagrim
1987,2869,0.9873033,Horphis,Citizen of Arceuus,Arceuus Library,Novice,Citizen of Arceuus,Arceuus church
173,1987,0.9873033,Archeio,Citizen of Arceuus,Arceuus Library,Horphis,Citizen of Arceuus,Arceuus Library
188,2744,0.98730063,Arena Guard Rachi,Human,Emir's Arena,Mort'ton local,Human,Mort'ton
2678,2901,0.98729706,Miner,Dwarf,The Deeper Lode,Odmar,Dwarf,Keldagrim
2010,2581,0.9872956,Iago,Human,No,Market seller,Human,Pollnivneach
919,2354,0.9872904,Dale,Human,Hosidius,Lead Navigator,Human,Digsite
919,2943,0.9872904,Dale,Human,Hosidius,Orlando Smith,Human,Varrock Museum
1487,2943,0.9872904,Fred the Farmer,Human,Lumbridge,Orlando Smith,Human,Varrock Museum
1487,2354,0.9872904,Fred the Farmer,Human,Lumbridge,Lead Navigator,Human,Digsite
4102,4111,0.9872889,TzHaar-Ket-Keh,TzHaar,Mor Ul Rek,TzHaar-Mej-Roh,TzHaar,Mor Ul Rek
3321,3391,0.9872865,Robyn,Human,Shayzien,Sailor,Human,Red Rock
370,3391,0.98727715,Bartender,Human,The Warrens,Sailor,Human,Red Rock
785,3499,0.9872719,Citizen,Human,Bazaar in Civitas illa Fortis,Sergius,Human,Twilight Temple
1203,3946,0.98727083,Ellen,Human,Myths' Guild,Theodore Paxton,Human,Red Rock
1914,2865,0.98726475,Head mourner,Elf,West Ardougne,Norman,Human,Falador
1578,1914,0.98726475,General Hining,Human,Tyras Camp,Head mourner,Elf,West Ardougne
941,1914,0.9872647,Daryl,Human,Shayzien,Head mourner,Elf,West Ardougne
369,2214,0.98725986,Bartender,Human,Lumbridge,Karim,Human,Al Kharid
1522,1962,0.98725885,Fullangr,Dwarf,Miscellania and Etceteria Dungeon,Hirko,Dwarf,Keldagrim
1935,4269,0.98725885,Henja,Human,Rimmington,Weve,Human,Wyvern Cave
2672,3434,0.9872545,Mimm,Gnome,,Sarble,Gnome,Tree Gnome Stronghold
167,1138,0.987251,Apprentice workman,Human,Falador,Ed Wood,Human,Digsite
1031,1900,0.9872481,Door Guard,Human,Fight Arena,Haskell,Human,• Rellekka • Island of Stone
520,3785,0.98724586,Briget,Human,Shayzien,Squire (Veteran),Human,Void Knight Outpost boat
1385,3444,0.9872437,Fingon,Elf,Prifddinas,Sawmill Operator,Elf,Prifddinas
318,3568,0.9872395,Banker,Human,Varrock,Shop keeper,Human,Al Kharid
1255,1641,0.98723716,epic mager34,Human,Lumbridge watermill,Giles,Human,Anywhere random events can occur
958,959,0.987237,Debug Man,,,Debug Woman,,
1971,2552,0.9872302,Holly,Human,North of Port Sarim,Man,Human,Catacombs of Kourend
1971,2553,0.9872302,Holly,Human,North of Port Sarim,Man,Human,Hosidius vinery
1000,2052,0.9872282,Disappointed mother,Human,Varrock,Inga,Human,Rellekka
1206,3557,0.98722404,Ellis,Human,Al Kharid,Shipyard Worker,Human,Shipyard
1206,3543,0.98722404,Ellis,Human,Al Kharid,Shipwright Seb,Human,Shipyard
298,4025,0.987223,Banker,Human,Draynor Village,Tourist,,"Civitas illa Fortis , Aldarin"
1520,4025,0.987223,Fry,Human,Rabbit Hole,Tourist,,"Civitas illa Fortis , Aldarin"
293,4025,0.987223,Banker,Werewolf,Canifis,Tourist,,"Civitas illa Fortis , Aldarin"
317,4025,0.987223,Banker,Human,Tutorial Island,Tourist,,"Civitas illa Fortis , Aldarin"
287,4025,0.987223,Banker,Human,Bank,Tourist,,"Civitas illa Fortis , Aldarin"
3299,4064,0.9872227,Richard,Human,Hosidius,Trobert,Human,Brimhaven
3276,3642,0.9872189,Relobo Blinyo (logs),Human,Grand Exchange,Sir Spishyus,Human,Temple Knight Training Grounds
2748,3642,0.9872189,Mosol Rei,Human,Entrance of Shilo Village,Sir Spishyus,Human,Temple Knight Training Grounds
369,2215,0.9872155,Bartender,Human,Lumbridge,Karim,Human,Blue Moon Inn
1140,2207,0.98721373,Edmond,Human,Bandit camp mine,Karaday,Human,Tai Bwo Wannai
2207,3515,0.9872136,Karaday,Human,Tai Bwo Wannai,Shantay Guard,Human,Ruins of Unkah
2207,4128,0.9872136,Karaday,Human,Tai Bwo Wannai,Unferth,Human,Burthorpe
2207,2714,0.9872136,Karaday,Human,Tai Bwo Wannai,Monk,Human,Varrock
2207,4094,0.9872136,Karaday,Human,Tai Bwo Wannai,Tyras guard,Human,Tyras Camp
2207,3532,0.9872136,Karaday,Human,Tai Bwo Wannai,Sherpa,Human,? (edit)
1163,2207,0.9872136,Elder Chaos druid,Human,Chaos Temple,Karaday,Human,Tai Bwo Wannai
1934,2207,0.9872136,Hengrad,Human,Fight Arena,Karaday,Human,Tai Bwo Wannai
2207,3860,0.9872136,Karaday,Human,Tai Bwo Wannai,Svidi,Human,East of Rellekka
707,2207,0.9872136,Chadwell,Human,West Ardougne,Karaday,Human,Tai Bwo Wannai
2207,2340,0.9872136,Karaday,Human,Tai Bwo Wannai,Larry,Human,Wilderness
527,2207,0.9872136,Brother Althric,Human,Edgeville Monastery,Karaday,Human,Tai Bwo Wannai
1060,2207,0.9872136,Drezel,Human,Paterdomus,Karaday,Human,Tai Bwo Wannai
3299,3734,0.98721254,Richard,Human,Hosidius,Soldier,Human,The Cloak and Stagger
673,2967,0.9872121,Cat,Cat,Gertrude,Overgrown cat,Cat,Gertrude
2086,2449,0.9872093,Jack,Human,Myths' Guild,Lord Daquarius,Human,Taverley Dungeon
2536,2537,0.987206,Major Defend,Human,Barbarian Assault tutorial,Major Heal,Human,Barbarian Assault tutorial
2536,3143,0.987206,Major Defend,Human,Barbarian Assault tutorial,Private Paldo,Human,Main room of the Barbarian Assault basement
2534,2536,0.987206,Major Attack,Human,Barbarian Assault tutorial,Major Defend,Human,Barbarian Assault tutorial
614,3144,0.987206,Captain Cain,Human,Barbarian Assault,Private Paldon,Human,Barbarian Assault Outside building and near rooms 5 and 6
3143,3144,0.987206,Private Paldo,Human,Main room of the Barbarian Assault basement,Private Paldon,Human,Barbarian Assault Outside building and near rooms 5 and 6
614,2536,0.987206,Captain Cain,Human,Barbarian Assault,Major Defend,Human,Barbarian Assault tutorial
3144,3495,0.987206,Private Paldon,Human,Barbarian Assault Outside building and near rooms 5 and 6,Sergeant Sambur,Human,Barbarian Assault Waiting Rooms
2537,3144,0.987206,Major Heal,Human,Barbarian Assault tutorial,Private Paldon,Human,Barbarian Assault Outside building and near rooms 5 and 6
2536,3495,0.987206,Major Defend,Human,Barbarian Assault tutorial,Sergeant Sambur,Human,Barbarian Assault Waiting Rooms
2534,3144,0.987206,Major Attack,Human,Barbarian Assault tutorial,Private Paldon,Human,Barbarian Assault Outside building and near rooms 5 and 6
2414,4366,0.9872048,"Litlihui, Teoki of Ralos",,Auburn Valley,"Xopanatl, Teoki of Ralos",Human,Crypt of Tonali
2113,4366,0.9872045,"Jatziri, Teoki of Ralos",Human,"Tal Teok , south-eastern corner.","Xopanatl, Teoki of Ralos",Human,Crypt of Tonali
1272,3054,0.98720294,Esther,Human,Wintertodt Camp,Phingspet,Human,Varrock Sewers
2980,3734,0.98719597,Panning guide,Human,Digsite,Soldier,Human,The Cloak and Stagger
1078,3734,0.98719597,Drunken soldier,Human,The Cloak and Stagger,Soldier,Human,The Cloak and Stagger
3734,3997,0.98719597,Soldier,Human,The Cloak and Stagger,Toby,Human,Varrock
2578,3734,0.98719597,Mark,Human,Port Piscarilius,Soldier,Human,The Cloak and Stagger
1715,3734,0.98719597,Grand Exchange Clerk,Human,Grand Exchange,Soldier,Human,The Cloak and Stagger
3734,3928,0.98719597,Soldier,Human,The Cloak and Stagger,The 'Wedge',Human,Camelot
3700,3734,0.98719597,Smithing apprentice,Human,Lumbridge,Soldier,Human,The Cloak and Stagger
1522,3425,0.9871955,Fullangr,Dwarf,Miscellania and Etceteria Dungeon,Santiri,Dwarf,Keldagrim
2597,3261,0.98719406,Marwolaeth Dawnsio,Elf,Gwenith,Reese,Elf,Prifddinas
1598,2967,0.9871938,Gertrude's cat,Cat,Lumber Yard,Overgrown cat,Cat,Gertrude
675,2967,0.9871938,Cat,Cat,Farming Guild,Overgrown cat,Cat,Gertrude
634,695,0.9871913,Captain Malleta,Human,Ghorrock Dungeon,Cecilia,Human,Falador Park
3299,3407,0.9871864,Richard,Human,Hosidius,Sammy Servil,Human,Fight Arena prison
1996,3299,0.9871862,Hudon,Human,Baxtorian Falls,Richard,Human,Hosidius
831,1641,0.9871852,Conrad King,Human,Port Piscarilius,Giles,Human,Anywhere random events can occur
3523,4064,0.9871818,Shayzien Infiltrator,Human,Lizardman Temple,Trobert,Human,Brimhaven
356,3181,0.9871774,Bartender,Human,Yanille,Quest Guide,Human,Tutorial Island
103,1567,0.98716563,Almera,Human,Baxtorian Falls,Gelin,Human,Lumbridge graveyard
1950,3882,0.9871607,Hewey,Human,Lumbridge Swamp,Tanner,Human,Crafting Guild
2024,2742,0.9871583,Ide,Human,,Morris,Human,Hemenster
1559,3573,0.9871567,Gary,Human,Varrock,Shop keeper,Human,Lumbridge
1971,4025,0.9871533,Holly,Human,North of Port Sarim,Tourist,,"Civitas illa Fortis , Aldarin"
587,3983,0.98715305,Caleb,Human,Just north-east of Catherby bank.,Timallus,Human,Ruins of Unkah
2227,3594,0.98715246,Keith,Human,"South-east of the Farming Guild , inside his house .",Sid,Human,Mansion in a faraway island.
2818,3595,0.98714453,Neil,Human,Bandit Camp,Siegfried Erkle,Human,2 nd floor [ UK ] 3 rd floor [ US ] of Legends' Guild (west side)
1966,2818,0.98714453,Hiylik Myna,Human,Paterdomus,Neil,Human,Bandit Camp
2818,3906,0.98714453,Neil,Human,Bandit Camp,Ted Rehnison,Human,West Ardougne
1525,2818,0.98714453,Fur trader,Human,East Ardougne,Neil,Human,Bandit Camp
1592,2818,0.98714453,Gerald,Human,South of Baxtorian Falls,Neil,Human,Bandit Camp
318,1581,0.9871428,Banker,Human,Varrock,General Salara,Human,Shayzien
1996,3352,0.98714006,Hudon,Human,Baxtorian Falls,Roy jr.,Human,Kourend Woodland
3352,3407,0.98714006,Roy jr.,Human,Kourend Woodland,Sammy Servil,Human,Fight Arena prison
2069,4268,0.98713887,Ironman tutor,Human,Tutorial Island,Wesley,Human,Nardah
2876,2877,0.98713505,Nurse Emma Gentsy,Human,Battlefront,Nurse Inn'Juree,Human,Shayzien Encampment
3401,3499,0.9871333,Salvager,Human,Salvager Overlook,Sergius,Human,Twilight Temple
3217,3947,0.9871331,Ranger (medium),Human,Paterdomus,Thessalia,Human,Varrock
2492,3572,0.9871317,Luke,Human,Shipyard,Shop keeper,Human,Museum Camp
2748,3550,0.9871315,Mosol Rei,Human,Entrance of Shilo Village,Shipwright Soraya,Human,Corsair Cove
3276,3550,0.9871315,Relobo Blinyo (logs),Human,Grand Exchange,Shipwright Soraya,Human,Corsair Cove
830,1253,0.9871298,Concerned man,Human,Varrock,Eohric,Human,Burthorpe castle
1657,1830,0.9871259,Gnome,Gnome,,Gulluck,Gnome,Grand Tree
2008,3425,0.9871172,Hura,Dwarf,Dwarven Mine,Santiri,Dwarf,Keldagrim
3197,3890,0.98711526,Rachael,Human,Burthorpe Games Room,Taria,Human,Rimmington
1376,2741,0.9871135,Filamina,Citizen of Arceuus,Arceuus,Mori,Citizen of Arceuus,Arceuus
1376,1539,0.9871135,Filamina,Citizen of Arceuus,Arceuus,Galana,Citizen of Arceuus,Arceuus Library
2341,4008,0.987103,Larry Leprechaun,Leprechaun,Al Kharid,Tool Leprechaun,Leprechaun,Roof of the Troll Stronghold
1580,1581,0.98710126,General Kilian,Human,Shayzien,General Salara,Human,Shayzien
2057,2380,0.9871006,Ingwion,Elf,Prifddinas,Lenwe,Elf,Prifddinas
2693,2717,0.98709965,Mishkal'un Dorn,Human,Tunnel of Chaos,Monk,Human,Harmony Island windmill
147,695,0.9870995,Anna,Human,Sinclair Mansion,Cecilia,Human,Falador Park
775,3107,0.9870888,Chuck,Human,Realm of Memories,Port worker,Human,Port Piscarilius
2526,3497,0.9870879,Mage of Zamorak,Human,Ourania Cave,Sergeant Tobyn,Human,Varrock Square
858,4344,0.98708344,Councillor Andrews,Human,Kourend Castle,Worker,,Varlamore
288,3571,0.9870813,Banker,Human,Al Kharid,Shop keeper,Human,Falador
1715,4119,0.9870806,Grand Exchange Clerk,Human,Grand Exchange,Ulina,Human,Christmas Factory
1078,4119,0.9870806,Drunken soldier,Human,The Cloak and Stagger,Ulina,Human,Christmas Factory
2980,4119,0.9870806,Panning guide,Human,Digsite,Ulina,Human,Christmas Factory
2578,4119,0.9870806,Mark,Human,Port Piscarilius,Ulina,Human,Christmas Factory
3997,4119,0.9870806,Toby,Human,Varrock,Ulina,Human,Christmas Factory
3928,4119,0.9870806,The 'Wedge',Human,Camelot,Ulina,Human,Christmas Factory
3700,4119,0.9870806,Smithing apprentice,Human,Lumbridge,Ulina,Human,Christmas Factory
2383,3826,0.9870759,Leo,Human,"Bazaar , Civitas illa Fortis",Street urchin,Human,Pollnivneach
2318,3197,0.9870744,Lady Table,Human,Temple Knight Training Grounds,Rachael,Human,Burthorpe Games Room
836,857,0.98707294,Cook,Human,Blue Moon Inn,Council workman,Human,Bridge leading to Rellekka
1520,3969,0.98707,Fry,Human,Rabbit Hole,Thrander,Human,Realm of Memories
287,3969,0.98707,Banker,Human,Bank,Thrander,Human,Realm of Memories
293,3969,0.98707,Banker,Werewolf,Canifis,Thrander,Human,Realm of Memories
298,3969,0.98707,Banker,Human,Draynor Village,Thrander,Human,Realm of Memories
317,3969,0.98707,Banker,Human,Tutorial Island,Thrander,Human,Realm of Memories
1894,2207,0.98706615,Harold Evans,Human,Under Canifis in the original Myreque Hideout,Karaday,Human,Tai Bwo Wannai
429,4344,0.9870626,Billy Rehnison,Human,West Ardougne,Worker,,Varlamore
3177,4344,0.9870626,Quartermaster,Human,Tyras Camp,Worker,,Varlamore
3565,3700,0.9870526,Shop assistant,Human,Varrock,Smithing apprentice,Human,Lumbridge
2578,3565,0.9870526,Mark,Human,Port Piscarilius,Shop assistant,Human,Varrock
2980,3565,0.9870526,Panning guide,Human,Digsite,Shop assistant,Human,Varrock
1715,3565,0.9870526,Grand Exchange Clerk,Human,Grand Exchange,Shop assistant,Human,Varrock
1078,3565,0.9870526,Drunken soldier,Human,The Cloak and Stagger,Shop assistant,Human,Varrock
3565,3997,0.9870526,Shop assistant,Human,Varrock,Toby,Human,Varrock
3565,3928,0.9870526,Shop assistant,Human,Varrock,The 'Wedge',Human,Camelot
159,3593,0.98704207,Anwen,Elf,Prifddinas,Sian,Elf,Prifddinas
1649,3593,0.98704207,Glenda,Elf,Prifddinas,Sian,Elf,Prifddinas
2492,2620,0.9870399,Luke,Human,Shipyard,Mazion,Human,Entrana sandpit
518,2091,0.9870286,Brian,Human,Rimmington,Jack Seagull,Human,Rusty Anchor Inn
232,518,0.9870286,Assistant Marrow,Human,Castle Wars,Brian,Human,Rimmington
287,2553,0.9870275,Banker,Human,Bank,Man,Human,Hosidius vinery
287,2552,0.9870275,Banker,Human,Bank,Man,Human,Catacombs of Kourend
293,2552,0.9870275,Banker,Werewolf,Canifis,Man,Human,Catacombs of Kourend
298,2552,0.9870275,Banker,Human,Draynor Village,Man,Human,Catacombs of Kourend
317,2552,0.9870275,Banker,Human,Tutorial Island,Man,Human,Catacombs of Kourend
293,2553,0.9870275,Banker,Werewolf,Canifis,Man,Human,Hosidius vinery
317,2553,0.9870275,Banker,Human,Tutorial Island,Man,Human,Hosidius vinery
298,2553,0.9870275,Banker,Human,Draynor Village,Man,Human,Hosidius vinery
1520,2552,0.9870275,Fry,Human,Rabbit Hole,Man,Human,Catacombs of Kourend
1520,2553,0.9870275,Fry,Human,Rabbit Hole,Man,Human,Hosidius vinery
1189,3954,0.98702693,Elgan,Elf,Prifddinas,Thingol,Elf,Prifddinas
286,3969,0.98702693,Bank guard,Human,Draynor Village,Thrander,Human,Realm of Memories
1206,3321,0.9870212,Ellis,Human,Al Kharid,Robyn,Human,Shayzien
722,3038,0.9870198,Charlie,Human,The Grand Tree top floor,Peter,Human,Fossil Island
286,4025,0.98701704,Bank guard,Human,Draynor Village,Tourist,,"Civitas illa Fortis , Aldarin"
85,88,0.98701596,Ali the Carter,Human,Nardah,Ali the Guard,Human,Al Kharid
88,94,0.98701596,Ali the Guard,Human,Al Kharid,Ali the Sandsweeper,Human,
1018,1709,0.9870111,Dominic Onion,Human,"Nightmare Zone , north of Yanille",Gossip,Human,Sinclair Mansion
312,1876,0.9870088,Banker,Human,Shayzien,Hamid,Human,Emir's Arena
2218,2901,0.98700863,Kaston,Dwarf,Shayzien,Odmar,Dwarf,Keldagrim
1844,4386,0.9870025,Gwerin Hapus,Elf,Gwenith,Ymladd,Elf,Prifddinas
80,3316,0.9870006,Alfonse the waiter,Human,Brimhaven,Roavar,Werewolf,Canifis
354,3316,0.9870006,Bartender,Human,Varrock,Roavar,Werewolf,Canifis
2185,3037,0.986995,Justin Servil,Human,Fight Arena,Pete,Human,North of the Clock Tower
958,3537,0.9869861,Debug Man,,,Shipwright,,? (edit)
172,1987,0.9869795,arc_test_01,Citizen of Arceuus,,Horphis,Citizen of Arceuus,Arceuus Library
1915,2781,0.9869772,Head Servant,Human,? (edit),Murky Pat,Human,Lady Zay
3568,3826,0.9869685,Shop keeper,Human,Al Kharid,Street urchin,Human,Pollnivneach
1522,2008,0.9869612,Fullangr,Dwarf,Miscellania and Etceteria Dungeon,Hura,Dwarf,Dwarven Mine
1026,2228,0.9869585,Donie,Human,North-east of Lumbridge General Store,Kelvin,Human,Fight Arena
1025,4052,0.9869585,Donie,Human,In and around Lumbridge,Tramp,Human,Varrock
2460,4052,0.9869585,Lorelai,Human,"Warriors' Guild , basement",Tramp,Human,Varrock
106,2228,0.9869585,Alrena,Human,East Ardougne,Kelvin,Human,Fight Arena
1025,3681,0.9869585,Donie,Human,In and around Lumbridge,Slave,Human,Fight Arena
2460,3681,0.9869585,Lorelai,Human,"Warriors' Guild , basement",Slave,Human,Fight Arena
1025,2228,0.9869585,Donie,Human,In and around Lumbridge,Kelvin,Human,Fight Arena
106,993,0.9869585,Alrena,Human,East Ardougne,Digsite workman,Human,Digsite and near Varrock Museum
1642,3681,0.9869585,Gileth,Human,Tree Gnome Village,Slave,Human,Fight Arena
1642,4052,0.9869585,Gileth,Human,Tree Gnome Village,Tramp,Human,Varrock
993,1642,0.9869585,Digsite workman,Human,Digsite and near Varrock Museum,Gileth,Human,Tree Gnome Village
993,1026,0.9869585,Digsite workman,Human,Digsite and near Varrock Museum,Donie,Human,North-east of Lumbridge General Store
993,2460,0.9869585,Digsite workman,Human,Digsite and near Varrock Museum,Lorelai,Human,"Warriors' Guild , basement"
106,4052,0.9869585,Alrena,Human,East Ardougne,Tramp,Human,Varrock
1026,4052,0.9869585,Donie,Human,North-east of Lumbridge General Store,Tramp,Human,Varrock
106,3681,0.9869585,Alrena,Human,East Ardougne,Slave,Human,Fight Arena
1026,3681,0.9869585,Donie,Human,North-east of Lumbridge General Store,Slave,Human,Fight Arena
2228,2460,0.9869585,Kelvin,Human,Fight Arena,Lorelai,Human,"Warriors' Guild , basement"
993,1025,0.9869585,Digsite workman,Human,Digsite and near Varrock Museum,Donie,Human,In and around Lumbridge
1642,2228,0.9869585,Gileth,Human,Tree Gnome Village,Kelvin,Human,Fight Arena
1338,4047,0.98695314,Father Aereck,Human,Lumbridge,Trader Sven,Human,Meiyerditch
1337,4047,0.98695314,Father Aereck,Human,Lumbridge,Trader Sven,Human,Meiyerditch
410,2086,0.9869517,Bert,Human,Yanille,Jack,Human,Myths' Guild
830,2069,0.9869504,Concerned man,Human,Varrock,Ironman tutor,Human,Tutorial Island
2443,4291,0.98694533,Longramble,Gnome,East of Poison Waste Dungeon entrance,Wingstone,Gnome,Nardah
1559,4064,0.98694074,Gary,Human,Varrock,Trobert,Human,Brimhaven
656,3197,0.98693526,Carla,Human,West Ardougne,Rachael,Human,Burthorpe Games Room
530,2068,0.98693466,Brother Jered,Human,Edgeville Monastery,Ironman tutor,Human,Lumbridge
1874,2069,0.9869342,Hambling,Human,Rellekka Longhall Bar,Ironman tutor,Human,Tutorial Island
1522,4274,0.98692507,Fullangr,Dwarf,Miscellania and Etceteria Dungeon,White Chisel Secretary,Dwarf,Keldagrim
463,1522,0.9869249,Blue Opal Secretary,Dwarf,Keldagrim,Fullangr,Dwarf,Miscellania and Etceteria Dungeon
2874,4009,0.9869237,Nurmof,Dwarf,Dwarven Mines,Toothy,Dwarf ( Imcando-descendant ),Lovakengj
1876,1894,0.98692286,Hamid,Human,Emir's Arena,Harold Evans,Human,Under Canifis in the original Myreque Hideout
687,4084,0.9869219,Cave goblin,Dorgeshuun,Dorgesh-Kaan–Keldagrim train system,Turgok,Dorgeshuun,Dorgesh-Kaan market
3927,4029,0.98692167,Thakkrad Sigmundson,Human,Neitiznot,Town Guard,Human,Rellekka
517,838,0.98691833,Brian,Human,Port Sarim,Cook,Human,Jolly Boar Inn
2108,2503,0.98691136,Jarr,Human,Al Kharid,Lundail,Human,Mage Arena bank
837,2244,0.98691064,Cook,Human,Blue Moon Inn,Khazard Barman,Human,South-western corner of the Fight Arena
837,3575,0.98691064,Cook,Human,Blue Moon Inn,Shop keeper,Human,Port Khazard
837,1863,0.98691064,Cook,Human,Blue Moon Inn,Hajedy,Human,Brimhaven
1864,2948,0.98690736,Haldor quo Keran,Kahlith,Mount Karuulm,Orrvor quo Maten,Kahlith,Karuulm Slayer Dungeon
2375,2948,0.98690736,Leke quo Keran,Kahlith,Great Kourend,Orrvor quo Maten,Kahlith,Karuulm Slayer Dungeon
1471,2948,0.98690736,Fornek quo Maten,Kahlith,Mount Karuulm,Orrvor quo Maten,Kahlith,Karuulm Slayer Dungeon
1707,2948,0.98690736,Gorhak quo Narga,Kahlith,Mount Karuulm,Orrvor quo Maten,Kahlith,Karuulm Slayer Dungeon
929,2948,0.98690736,Darcor quo Narga,Kahlith,Mount Karuulm,Orrvor quo Maten,Kahlith,Karuulm Slayer Dungeon
2461,2948,0.98690736,Lornor quo Narga,Kahlith,Mount Karuulm,Orrvor quo Maten,Kahlith,Karuulm Slayer Dungeon
2948,4226,0.98690736,Orrvor quo Maten,Kahlith,Karuulm Slayer Dungeon,Vortas quo Keran,Kahlith,Mount Karuulm
2548,2948,0.98690736,Mallak quo Keran,Kahlith,Mount Karuulm,Orrvor quo Maten,Kahlith,Karuulm Slayer Dungeon
2948,4225,0.98690736,Orrvor quo Maten,Kahlith,Karuulm Slayer Dungeon,Vornas quo Maten,Kahlith,Mount Karuulm
2588,2948,0.98690736,Marmor quo Narga,Kahlith,Mount Karuulm,Orrvor quo Maten,Kahlith,Karuulm Slayer Dungeon
2948,4147,0.98690736,Orrvor quo Maten,Kahlith,Karuulm Slayer Dungeon,Uurrak quo Narga,Kahlith,Mount Karuulm
1255,2923,0.98690444,epic mager34,Human,Lumbridge watermill,Old Man Yarlo,Human,Varrock
2523,2587,0.9869044,Mag,Tortugan,The Summer Shore,Marm,Tortugan,Port Roberts
3132,3571,0.98690224,Prince Ali,Human,Draynor Village jail,Shop keeper,Human,Falador
1004,2742,0.98689216,Dock worker,Human,Port Piscarilius,Morris,Human,Hemenster
2565,3400,0.98689175,Marcus,Human,Auburnvale,Salius,Human,Salvager Overlook
410,3563,0.9868908,Bert,Human,Yanille,Shop assistant,Human,Musa Point
4351,4402,0.98688823,Wounded soldier,Human,Battlefront,Zamorakian Acolyte,Human,Ferox Enclave
1347,4402,0.9868829,Faustus,Human,Aldarin,Zamorakian Acolyte,Human,Ferox Enclave
921,3634,0.9868825,Dallas Jones,Human,"Karamja Wines, Spirits, and Beers",Sir Pear Visor,Human,Old School Museum
429,4269,0.9868821,Billy Rehnison,Human,West Ardougne,Weve,Human,Wyvern Cave
3177,4269,0.9868821,Quartermaster,Human,Tyras Camp,Weve,Human,Wyvern Cave
318,1580,0.986882,Banker,Human,Varrock,General Kilian,Human,Shayzien
831,2923,0.98686457,Conrad King,Human,Port Piscarilius,Old Man Yarlo,Human,Varrock
3565,3969,0.9868618,Shop assistant,Human,Varrock,Thrander,Human,Realm of Memories
1715,1971,0.9868588,Grand Exchange Clerk,Human,Grand Exchange,Holly,Human,North of Port Sarim
1971,3928,0.9868588,Holly,Human,North of Port Sarim,The 'Wedge',Human,Camelot
1971,3700,0.9868588,Holly,Human,North of Port Sarim,Smithing apprentice,Human,Lumbridge
1971,3997,0.9868588,Holly,Human,North of Port Sarim,Toby,Human,Varrock
1971,2578,0.9868588,Holly,Human,North of Port Sarim,Mark,Human,Port Piscarilius
1971,2980,0.9868588,Holly,Human,North of Port Sarim,Panning guide,Human,Digsite
1078,1971,0.9868588,Drunken soldier,Human,The Cloak and Stagger,Holly,Human,North of Port Sarim
4160,4162,0.98685247,Vampyre Juvenile,Vampyre,Ver Sinhaza,Vampyre Juvinate,Vampyre,Meiyerditch mine
4160,4161,0.98685247,Vampyre Juvenile,Vampyre,Ver Sinhaza,Vampyre Juvinate,Vampyre,Daeyalt essence mine
97,2581,0.9868481,Ali the Tailor,Human,Al Kharid,Market seller,Human,Pollnivneach
1522,2249,0.986844,Fullangr,Dwarf,Miscellania and Etceteria Dungeon,"Khorvak, a dwarven engineer",Dwarf,Under White Wolf Mountain
1522,2163,0.986844,Fullangr,Dwarf,Miscellania and Etceteria Dungeon,Jorzik,Dwarf,Keldagrim
1522,3955,0.986844,Fullangr,Dwarf,Miscellania and Etceteria Dungeon,Thirus,Dwarf ( Imcando-descendant ),Lovakengj
404,476,0.98684275,Benny,Human,Varrock Square,Bob Barter (herbs),Human,Grand Exchange
286,2553,0.986842,Bank guard,Human,Draynor Village,Man,Human,Hosidius vinery
286,2552,0.986842,Bank guard,Human,Draynor Village,Man,Human,Catacombs of Kourend
452,3450,0.98684156,Blenny,Human,,Schoolboy,Human,Varrock Museum
2866,3246,0.98683906,Not Bob,Cat,Dream World,Red Axe Cat,Cat,"Keldagrim , Red Axe base"
1347,4351,0.9868378,Faustus,Human,Aldarin,Wounded soldier,Human,Battlefront
1610,3457,0.98682636,Ghost,Human,Ruins of Camdozaal,Scout,Ghost,East of Falador
151,706,0.986825,Annette,Merfolk,Underwater,Ceto,Merfolk,Underwater
151,2648,0.986825,Annette,Merfolk,Underwater,Mernia,Merfolk,Underwater
1559,1971,0.9868235,Gary,Human,Varrock,Holly,Human,North of Port Sarim
858,4269,0.98681927,Councillor Andrews,Human,Kourend Castle,Weve,Human,Wyvern Cave
836,3545,0.98681134,Cook,Human,Blue Moon Inn,Shipwright Seth,Human,Port Phasmatys
3321,3563,0.9868089,Robyn,Human,Shayzien,Shop assistant,Human,Musa Point
546,1529,0.9868034,Bugs,Ogre,Feldip Hills,Fycie,Ogre,Feldip Hills
2781,3391,0.98680305,Murky Pat,Human,Lady Zay,Sailor,Human,Red Rock
107,2834,0.98680085,Alry the Angler,Human,Lake Molch,Nicholas,Human,Port Piscarilius
1860,4344,0.98679984,Hairdresser,Human,Falador,Worker,,Varlamore
3407,3969,0.98679805,Sammy Servil,Human,Fight Arena prison,Thrander,Human,Realm of Memories
1996,3969,0.98679805,Hudon,Human,Baxtorian Falls,Thrander,Human,Realm of Memories
1138,4334,0.9867941,Ed Wood,Human,Digsite,Woodsman tutor,Human,Lumbridge
386,1416,0.98679185,Bedread the bold,Human,Pirates' Cove,Fisherman Frodi,Human,Miscellania
504,3407,0.9867892,Boy,Human,Taverley,Sammy Servil,Human,Fight Arena prison
504,1996,0.9867892,Boy,Human,Taverley,Hudon,Human,Baxtorian Falls
1138,3691,0.9867725,Ed Wood,Human,Digsite,Sloane,Human,Warriors' Guild
1323,4439,0.9867723,Farmer,Human,Miscellania,Zul-Onan,Human,Zul-Andra
318,4269,0.9867719,Banker,Human,Varrock,Weve,Human,Wyvern Cave
1874,2832,0.9867691,Hambling,Human,Rellekka Longhall Bar,Nezketi,Human,Tal Teklan
838,3989,0.98676634,Cook,Human,Jolly Boar Inn,Tindel Marchant,Human,Port Khazard
563,565,0.98676634,Butler,Human,Player-owned house or Servants' Guild,Butler Jarvis,Human,Hosidius
999,2635,0.9867662,Disappointed father,Human,Varrock,Melee combat tutor,Human,Lumbridge
318,1874,0.9867657,Banker,Human,Varrock,Hambling,Human,Rellekka Longhall Bar
1971,3562,0.98676205,Holly,Human,North of Port Sarim,Shop assistant,Human,Lumbridge
1886,4355,0.98676157,Hans,Human,Al Kharid,Wydin,Human,
3141,4354,0.98676157,Prisoner,Human,North Darkmeyer,Wydin,Human,Port Sarim
1886,4354,0.98676157,Hans,Human,Al Kharid,Wydin,Human,Port Sarim
1038,4354,0.98676157,Doug Deeping,Human,Down the north-eastern borehole of the Digsite,Wydin,Human,Port Sarim
1444,4355,0.98676157,Flax keeper,Human,Seers' Village Flax Fields,Wydin,Human,
1038,4355,0.98676157,Doug Deeping,Human,Down the north-eastern borehole of the Digsite,Wydin,Human,
2674,4355,0.98676157,Mine cart driver,Human,Desert Mining Camp,Wydin,Human,
2674,4354,0.98676157,Mine cart driver,Human,Desert Mining Camp,Wydin,Human,Port Sarim
3141,4355,0.98676157,Prisoner,Human,North Darkmeyer,Wydin,Human,
468,4354,0.98676157,Boar31337Killer,Human,Southern Island of The Node,Wydin,Human,Port Sarim
1444,4354,0.98676157,Flax keeper,Human,Seers' Village Flax Fields,Wydin,Human,Port Sarim
468,4355,0.98676157,Boar31337Killer,Human,Southern Island of The Node,Wydin,Human,
935,4355,0.98676157,Darkmeyer Slave,Human,Hallowed Sepulchre,Wydin,Human,
935,4354,0.98676157,Darkmeyer Slave,Human,Hallowed Sepulchre,Wydin,Human,Port Sarim
1538,3639,0.98675597,Galahad,Human,Near McGrubor's Wood,Sir Rebral,Human,Falador
1114,2901,0.986747,Dwarven Engineer,Dwarf,Keldagrim,Odmar,Dwarf,Keldagrim
1879,2901,0.986747,Hammerspike Stoutbeard,Dwarf,Dwarven Mines,Odmar,Dwarf,Keldagrim
1113,2901,0.986747,Dwarven Boatman,Dwarf,Keldagrim south-west mine,Odmar,Dwarf,Keldagrim
2480,2901,0.986747,Lovakengj Engineer,Dwarf,Battlefront,Odmar,Dwarf,Keldagrim
2755,2901,0.986747,Mountain Dwarf,Dwarf,Near White Wolf Mountain,Odmar,Dwarf,Keldagrim
2901,3962,0.986747,Odmar,Dwarf,Keldagrim,Thorgel,Dwarf,Temple of Light
2754,2901,0.986747,Mountain Dwarf,Dwarf,Lumbridge dining hall,Odmar,Dwarf,Keldagrim
1732,2901,0.986747,Green Gemstone Secretary,Dwarf,Keldagrim,Odmar,Dwarf,Keldagrim
1065,2901,0.986747,Drogo dwarf,Dwarf,Dwarven Mine,Odmar,Dwarf,Keldagrim
247,2901,0.986747,Austri,Dwarf,Taverley,Odmar,Dwarf,Keldagrim
1581,3359,0.98674345,General Salara,Human,Shayzien,Rufus,Human,Civitas illa Fortis
1664,3378,0.9867419,Gnome child,Gnome,Falador Party Room,Sacrifice,Gnome,Zul-Andra
1255,1810,0.9867381,epic mager34,Human,Lumbridge watermill,Guidor,Human,Varrock
840,3604,0.98673725,Cook,Human,Player-owned house or Servants' Guild,Signy,Human,Miscellania and Etceteria Dungeon
1580,1874,0.9867364,General Kilian,Human,Shayzien,Hambling,Human,Rellekka Longhall Bar
2666,3107,0.98673475,Miles,Human,Anywhere random events can occur,Port worker,Human,Port Piscarilius
1035,4150,0.9867321,Doric,Dwarf,North of Falador,Vaeringk,Dwarf,Keldagrim
2233,3681,0.9867319,Kent,Human,"Unknown island, Witchaven",Slave,Human,Fight Arena
2233,4052,0.9867319,Kent,Human,"Unknown island, Witchaven",Tramp,Human,Varrock
2228,2233,0.9867319,Kelvin,Human,Fight Arena,Kent,Human,"Unknown island, Witchaven"
993,2233,0.9867319,Digsite workman,Human,Digsite and near Varrock Museum,Kent,Human,"Unknown island, Witchaven"
1889,3744,0.9867289,Happy gnome child,Gnome,East Varrock,Sorrn,Gnome,
1514,3744,0.9867289,Froono,Gnome,Tree Gnome Stronghold,Sorrn,Gnome,
1663,3744,0.9867289,Gnome child,Gnome,Catherby beach,Sorrn,Gnome,
1641,3181,0.9867253,Giles,Human,Anywhere random events can occur,Quest Guide,Human,Tutorial Island
537,1522,0.98672473,Brown Engine Secretary,Dwarf,Keldagrim,Fullangr,Dwarf,Miscellania and Etceteria Dungeon
2492,3568,0.98672354,Luke,Human,Shipyard,Shop keeper,Human,Al Kharid
371,4206,0.98672307,Bartender,Human,Quetzacalli Gorge,Vincens,Human,Outer Fortis
2233,2594,0.98672295,Kent,Human,"Unknown island, Witchaven",Martin Thwait,Human,Rogues' Den
528,1988,0.98672247,Brother Brace,Human,Tutorial Island,Horvik,Human,"Varrock , East Anvils"
1559,3571,0.986722,Gary,Human,Varrock,Shop keeper,Human,Falador
470,3568,0.9867167,Bob,Human,Lumbridge,Shop keeper,Human,Al Kharid
471,3568,0.9867167,Bob,Human,Lumbridge,Shop keeper,Human,Al Kharid
410,3882,0.98671365,Bert,Human,Yanille,Tanner,Human,Crafting Guild
3743,4301,0.9867048,Sorin,Human,Burgh de Rott,Wiskit,Human,Aurel 's general store
1138,3563,0.9867029,Ed Wood,Human,Digsite,Shop assistant,Human,Musa Point
164,4313,0.98669887,Apprentice Cordelia,Human,Wizards' Tower,Wizard Cromperty,Human,East Ardougne
4303,4361,0.9866971,Wistan,Human,Burthorpe,Xi_plzPetDogz_xiX,Human,South of Edgeville Monastery
245,4435,0.986695,Aurel,Human,Burgh de Rott,Zul-Aniel,Human,Zul-Andra
4235,4361,0.9866942,Wally,Human,Varrock,Xi_plzPetDogz_xiX,Human,South of Edgeville Monastery
193,318,0.986694,Arhein,Human,Catherby,Banker,Human,Varrock
2086,4334,0.9866922,Jack,Human,Myths' Guild,Woodsman tutor,Human,Lumbridge
1202,2521,0.9866835,Elladan,Elf,Prifddinas,Maedhros,Elf,Grand Library
831,1810,0.98668337,Conrad King,Human,Port Piscarilius,Guidor,Human,Varrock
2557,2663,0.98668224,Man,Human,West Ardougne,Mihail,Human,Burgh de Rott
2449,2674,0.9866782,Lord Daquarius,Human,Taverley Dungeon,Mine cart driver,Human,Desert Mining Camp
2449,3141,0.9866782,Lord Daquarius,Human,Taverley Dungeon,Prisoner,Human,North Darkmeyer
935,2449,0.9866782,Darkmeyer Slave,Human,Hallowed Sepulchre,Lord Daquarius,Human,Taverley Dungeon
1038,2449,0.9866782,Doug Deeping,Human,Down the north-eastern borehole of the Digsite,Lord Daquarius,Human,Taverley Dungeon
1886,2449,0.9866782,Hans,Human,Al Kharid,Lord Daquarius,Human,Taverley Dungeon
1444,2449,0.9866782,Flax keeper,Human,Seers' Village Flax Fields,Lord Daquarius,Human,Taverley Dungeon
468,2449,0.9866782,Boar31337Killer,Human,Southern Island of The Node,Lord Daquarius,Human,Taverley Dungeon
2485,3004,0.98667777,Lubufu,Human,Brimhaven,Peasant,Human,Fisher Realm
207,2592,0.9866766,Arno,Human,Farming Guild,Martin Holt,Human,Kingstown
3961,4003,0.986673,Thordur,Dwarf,Dwarven Mines,Tombar,Dwarf,Keldagrim West
931,1378,0.98667014,Dark Mage,Human,West Ardougne,Financial Advisor,Human,Tutorial Island
23,931,0.98666984,Account Guide,Human,Tutorial Island,Dark Mage,Human,West Ardougne
2378,2578,0.98666877,Lenny,Human,North of Prifddinas,Mark,Human,Port Piscarilius
1715,2378,0.98666877,Grand Exchange Clerk,Human,Grand Exchange,Lenny,Human,North of Prifddinas
1078,2378,0.98666877,Drunken soldier,Human,The Cloak and Stagger,Lenny,Human,North of Prifddinas
2378,3997,0.98666877,Lenny,Human,North of Prifddinas,Toby,Human,Varrock
2378,3700,0.98666877,Lenny,Human,North of Prifddinas,Smithing apprentice,Human,Lumbridge
2378,2980,0.98666877,Lenny,Human,North of Prifddinas,Panning guide,Human,Digsite
2378,3928,0.98666877,Lenny,Human,North of Prifddinas,The 'Wedge',Human,Camelot
188,1961,0.986668,Arena Guard Rachi,Human,Emir's Arena,Hild,Human,Miscellania and Etceteria Dungeon
838,3575,0.9866656,Cook,Human,Jolly Boar Inn,Shop keeper,Human,Port Khazard
838,2244,0.9866656,Cook,Human,Jolly Boar Inn,Khazard Barman,Human,South-western corner of the Fight Arena
838,1863,0.9866656,Cook,Human,Jolly Boar Inn,Hajedy,Human,Brimhaven
1373,2050,0.9866594,Ffoni,Elf,Prifddinas,Indis,Elf,Prifddinas
2050,2849,0.9866594,Indis,Elf,Prifddinas,Nimrodel,Elf,Grand Library
1158,2050,0.9866594,Eira,Elf,Prifddinas,Indis,Elf,Prifddinas
2050,3382,0.9866594,Indis,Elf,Prifddinas,Saeth,Elf,Prifddinas
345,1337,0.98665863,Barnabus Hurma,Human,Varrock Museum,Father Aereck,Human,Lumbridge
345,1338,0.98665863,Barnabus Hurma,Human,Varrock Museum,Father Aereck,Human,Lumbridge
1580,3826,0.986658,General Kilian,Human,Shayzien,Street urchin,Human,Pollnivneach
1664,4438,0.9866556,Gnome child,Gnome,Falador Party Room,Zul-Gutusolly,Gnome,Zul-Andra
233,1414,0.98665535,Assistant Serf,Human,Varrock,Fisherman,Human,Port Piscarilius
493,2009,0.9866552,Border Guard,,Custodia Mountains,Hutza,Human,Villa Lucens
1971,4268,0.9866457,Holly,Human,North of Port Sarim,Wesley,Human,Nardah
640,900,0.9866427,Captain Rovin,Human,Varrock Palace,Curpile Fyod,Human,Mort Myre Swamp
1668,1671,0.98664236,Gnome emissary,Gnome,Keldagrim,Gnome shop keeper,Gnome,
810,1671,0.98664236,Cocktail seller,Gnome,"Al Kharid , Brimhaven , Catherby beach",Gnome shop keeper,Gnome,
1662,1671,0.98664236,Gnome banker,Gnome,Gnome Stronghold,Gnome shop keeper,Gnome,
2215,3487,0.9866384,Karim,Human,Blue Moon Inn,Seravel,Human,Shilo Village
2951,3978,0.9866373,Oscar,Human,Blue Moon Inn,Tide,Human,North of Prifddinas
494,838,0.9866358,Bork Sigmundson,Human,Ice Troll Caves,Cook,Human,Jolly Boar Inn
1203,3283,0.98663557,Ellen,Human,Myths' Guild,Researcher,Human,Exam Centre
348,1710,0.98663545,Bartak,Dorgeshuun,Dorgesh-Kaan,Gourmet,Dorgeshuun,Dorgesh-Kaan
297,348,0.98663545,Banker,Dorgeshuun,Dorgesh-Kaan,Bartak,Dorgeshuun,Dorgesh-Kaan
297,3770,0.98663545,Banker,Dorgeshuun,Dorgesh-Kaan,Spit goblin,Dorgeshuun,Southern Dorgesh-Kaan
348,1694,0.98663545,Bartak,Dorgeshuun,Dorgesh-Kaan,Goblin scribe,Dorgeshuun,Dorgesh-Kaan
1694,3770,0.98663545,Goblin scribe,Dorgeshuun,Dorgesh-Kaan,Spit goblin,Dorgeshuun,Southern Dorgesh-Kaan
1710,3770,0.98663545,Gourmet,Dorgeshuun,Dorgesh-Kaan,Spit goblin,Dorgeshuun,Southern Dorgesh-Kaan
2298,4356,0.9866184,Kragen,Human,Hemenster,Wyson the gardener,Human,Falador Park
2252,3819,0.9866093,Kilron,Human,West Ardougne,Stranger,Werewolf,Hair of the Dog Tavern
716,2666,0.98660755,Charles,Human,Port Piscarilius,Miles,Human,Anywhere random events can occur
2666,4416,0.98660755,Miles,Human,Anywhere random events can occur,Zembo,Human,"Musa Point, Karamja"
722,1416,0.98660713,Charlie,Human,The Grand Tree top floor,Fisherman Frodi,Human,Miscellania
3450,4287,0.9866059,Schoolboy,Human,Varrock Museum,Wilough,Human,Varrock square
724,1911,0.9865943,Charlie the cook,Human,Brimhaven,Head chef,Human,Cooks' Guild
776,1847,0.98659366,Cirdan,Elf,Prifddinas,Gwyn,Elf,Prifddinas
1559,4344,0.9865903,Gary,Human,Varrock,Worker,,Varlamore
1344,4269,0.9865835,Father Lawrence,Human,Varrock church,Weve,Human,Wyvern Cave
2718,4269,0.9865835,Monk,Human,Lumbridge Swamp,Weve,Human,Wyvern Cave
529,4269,0.9865835,Brother Cedric,Human,East Ardougne,Weve,Human,Wyvern Cave
534,4269,0.9865835,Brother Omad,Human,Monastery south of Ardougne,Weve,Human,Wyvern Cave
690,4269,0.9865835,Cave monk,Human,Entrana,Weve,Human,Wyvern Cave
532,4269,0.9865835,Brother Kojo,Human,"The Clock Tower , south of Ardougne",Weve,Human,Wyvern Cave
3004,4349,0.98658246,Peasant,Human,Fisher Realm,Worried Baker,Human,Varrock
644,3600,0.9865817,Captain Siad,Human,Desert Mining Camp,Sigmund,Human,Lumbridge Castle
2214,3487,0.9865813,Karim,Human,Al Kharid,Seravel,Human,Shilo Village
837,3545,0.9865793,Cook,Human,Blue Moon Inn,Shipwright Seth,Human,Port Phasmatys
838,2923,0.9865767,Cook,Human,Jolly Boar Inn,Old Man Yarlo,Human,Varrock
749,4269,0.98656845,Child,,Varlamore,Weve,Human,Wyvern Cave
857,1255,0.9865657,Council workman,Human,Bridge leading to Rellekka,epic mager34,Human,Lumbridge watermill
1559,3568,0.9865619,Gary,Human,Varrock,Shop keeper,Human,Al Kharid
2744,4188,0.98656034,Mort'ton local,Human,Mort'ton,Veronica,Human,Draynor Manor
332,3927,0.9865601,Bardur,Human,Waterbirth Island Dungeon,Thakkrad Sigmundson,Human,Neitiznot
1788,3927,0.9865601,Guard,Human,Neitiznot,Thakkrad Sigmundson,Human,Neitiznot
1793,3927,0.9865601,Guard,Human,Rellekka Longhall Bar,Thakkrad Sigmundson,Human,Neitiznot
831,857,0.9865539,Conrad King,Human,Port Piscarilius,Council workman,Human,Bridge leading to Rellekka
1581,2383,0.9865476,General Salara,Human,Shayzien,Leo,Human,"Bazaar , Civitas illa Fortis"
624,2393,0.98653746,Captain Ginea,Human,Shayzien Encampment,Lieutenant,,Chasm of Fire entrance
2408,3429,0.98653483,Ling,Human,,Sarah,Human,South Falador Farm
1136,1157,0.98653275,Ecatl,Human,Kastori,Ehecatl,Human,Kastori
2651,3946,0.98652625,Meskhenet,Human,Nardah,Theodore Paxton,Human,Red Rock
1111,4036,0.9865248,Dwarf,Dwarf,Dorgesh-Kaan–Keldagrim train system,Trader,Dwarf,Trade Octagon
3843,4036,0.9865248,Sune,Dwarf,Keldagrim,Trader,Dwarf,Trade Octagon
311,3781,0.9865117,Banker,Human,Quetzacalli Gorge,Squire,Human,Civitas illa Fortis
386,1323,0.9865113,Bedread the bold,Human,Pirates' Cove,Farmer,Human,Miscellania
1559,4269,0.9865025,Gary,Human,Varrock,Weve,Human,Wyvern Cave
3211,3559,0.9864987,Ranael,Human,Al Kharid,Shop assistant,Human,Al Kharid
1709,2158,0.9864975,Gossip,Human,Sinclair Mansion,Jonathan,Human,Hosidius
2207,4262,0.98649514,Karaday,Human,Tai Bwo Wannai,Well-dressed man,Human,Aldarin
2668,4188,0.98649144,Milli Rehnison,Human,West Ardougne,Veronica,Human,Draynor Manor
167,3543,0.98648286,Apprentice workman,Human,Falador,Shipwright Seb,Human,Shipyard
167,3557,0.98648286,Apprentice workman,Human,Falador,Shipyard Worker,Human,Shipyard
193,4268,0.9864804,Arhein,Human,Catherby,Wesley,Human,Nardah
2339,3066,0.9864764,Larry,Human,Falador,Piles,Human,Resource Area
2339,2846,0.9864764,Larry,Human,Falador,Niles,Human,Anywhere random events can occur
1642,2651,0.9864733,Gileth,Human,Tree Gnome Village,Meskhenet,Human,Nardah
1025,2651,0.986473,Donie,Human,In and around Lumbridge,Meskhenet,Human,Nardah
2460,2651,0.986473,Lorelai,Human,"Warriors' Guild , basement",Meskhenet,Human,Nardah
106,2651,0.986473,Alrena,Human,East Ardougne,Meskhenet,Human,Nardah
1026,2651,0.986473,Donie,Human,North-east of Lumbridge General Store,Meskhenet,Human,Nardah
1863,3004,0.98647076,Hajedy,Human,Brimhaven,Peasant,Human,Fisher Realm
2244,3004,0.98647076,Khazard Barman,Human,South-western corner of the Fight Arena,Peasant,Human,Fisher Realm
3004,3575,0.98647076,Peasant,Human,Fisher Realm,Shop keeper,Human,Port Khazard
356,838,0.98646915,Bartender,Human,Yanille,Cook,Human,Jolly Boar Inn
1559,4119,0.98646057,Gary,Human,Varrock,Ulina,Human,Christmas Factory
837,900,0.9864583,Cook,Human,Blue Moon Inn,Curpile Fyod,Human,Mort Myre Swamp
3562,4119,0.9864546,Shop assistant,Human,Lumbridge,Ulina,Human,Christmas Factory
2069,2492,0.98645425,Ironman tutor,Human,Tutorial Island,Luke,Human,Shipyard
858,4064,0.9864508,Councillor Andrews,Human,Kourend Castle,Trobert,Human,Brimhaven
2485,2923,0.98645055,Lubufu,Human,Brimhaven,Old Man Yarlo,Human,Varrock
639,2829,0.9864417,Captain Rimor,Human,Mount Quidamortem,New Recruit Tony,Human,Graveyard of Heroes
2829,3338,0.98644143,New Recruit Tony,Human,Graveyard of Heroes,Rommik,Human,Rimmington
87,4356,0.986439,Ali the Farmer,Human,Al Kharid,Wyson the gardener,Human,Falador Park
517,900,0.9864366,Brian,Human,Port Sarim,Curpile Fyod,Human,Mort Myre Swamp
3066,3102,0.986436,Piles,Human,Resource Area,Port Official,Human,Port Piscarilius
2846,3102,0.986436,Niles,Human,Anywhere random events can occur,Port Official,Human,Port Piscarilius
2829,3339,0.9864337,New Recruit Tony,Human,Graveyard of Heroes,Rommik,Human,Blue Moon Inn
2380,3954,0.9864255,Lenwe,Elf,Prifddinas,Thingol,Elf,Prifddinas
3490,3494,0.98642087,Sergeant,Human,Kebos Lowlands,Sergeant Ricardo,Human,Shayzien
167,3321,0.9864172,Apprentice workman,Human,Falador,Robyn,Human,Shayzien
989,2408,0.9864086,Diana,Human,Myths' Guild,Ling,Human,
1874,3568,0.98640454,Hambling,Human,Rellekka Longhall Bar,Shop keeper,Human,Al Kharid
2086,3564,0.98639786,Jack,Human,Myths' Guild,Shop assistant,Human,Rimmington
2086,2146,0.98639786,Jack,Human,Myths' Guild,Joe,Human,Draynor Village jail
4336,4337,0.9863939,Worker,Dwarf ( Imcando-descendant ),Cam Torum,Worker,Dwarf ( Imcando-descendant ),Mistrock mine
4337,4341,0.9863939,Worker,Dwarf ( Imcando-descendant ),Mistrock mine,Worker,Dwarf ( Imcando-descendant ),Stonecutter Outpost
4337,4343,0.9863939,Worker,Dwarf ( Imcando-descendant ),Mistrock mine,Worker,Dwarf ( Imcando-descendant ),"The Windbreaker , Quetzacalli Gorge"
624,989,0.98639345,Captain Ginea,Human,Shayzien Encampment,Diana,Human,Myths' Guild
334,345,0.98638844,Barge foreman,Human,Digsite barge,Barnabus Hurma,Human,Varrock Museum
842,4064,0.9863874,Cooky Weasel,Human,Rabbit Hole,Trobert,Human,Brimhaven
2978,3321,0.98637944,Palum,Human,Christmas Factory,Robyn,Human,Shayzien
2509,3600,0.9863788,Lutwidge,Human,Myths' Guild,Sigmund,Human,Lumbridge Castle
128,305,0.98637754,Amrod,Elf,Prifddinas,Banker,Elf,Lletya
1951,4361,0.98637664,Hickton,Human,Catherby,Xi_plzPetDogz_xiX,Human,South of Edgeville Monastery
1126,2026,0.9863752,Earwen,Elf,Prifddinas,Idril,Elf,Prifddinas
2026,3292,0.9863752,Idril,Elf,Prifddinas,Rhiannon,Elf,Prifddinas
2026,4393,0.9863752,Idril,Elf,Prifddinas,Ysbeid,Elf,Prifddinas
3787,4001,0.986374,Squire,Human,Void Knight Outpost,Tom,Human,Christmas Factory
858,3571,0.98637307,Councillor Andrews,Human,Kourend Castle,Shop keeper,Human,Falador
53,3927,0.98636925,Agnar,Human,Rellekka,Thakkrad Sigmundson,Human,Neitiznot
1093,2124,0.9863664,Duke Horacio,Human,Lumbridge Castle,Jeremy Clerksin,Human,Varrock church
1094,2124,0.9863664,Duke Horacio,Human,Lumbridge Castle ground floor [ UK ] 1 st floor [ US ],Jeremy Clerksin,Human,Varrock church
842,2068,0.9863651,Cooky Weasel,Human,Rabbit Hole,Ironman tutor,Human,Lumbridge
3562,3572,0.98636365,Shop assistant,Human,Lumbridge,Shop keeper,Human,Museum Camp
3505,4356,0.98636246,Seth Groats,Human,Fred's farm,Wyson the gardener,Human,Falador Park
836,4361,0.986355,Cook,Human,Blue Moon Inn,Xi_plzPetDogz_xiX,Human,South of Edgeville Monastery
1695,3562,0.98635197,Godric,Human,Troll Stronghold prison,Shop assistant,Human,Lumbridge
3504,4356,0.9863512,Seth Groats,Human,Groats' farm,Wyson the gardener,Human,Falador Park
2408,2996,0.98634964,Ling,Human,,Patty Seer,Human,Lumbridge Castle kitchen
554,1657,0.9863496,Bunkwicket,Gnome,Ape Atoll Dungeon,Gnome,Gnome,
1657,4249,0.9863496,Gnome,Gnome,,Waymottin,Gnome,Ape Atoll Dungeon
2222,2712,0.9863477,Kaylee,Human,Falador,Molly,Human,Evil twin
2712,3987,0.9863477,Molly,Human,Evil twin,Tina,Human,Falador
2712,3786,0.9863477,Molly,Human,Evil twin,Squire,Human,Void Knight Outpost
2591,2712,0.9863477,Martha Rehnison,Human,West Ardougne,Molly,Human,Evil twin
2712,3522,0.9863477,Molly,Human,Evil twin,Shayda,Human,Shayzien
904,2712,0.9863477,Customer,Human,Keldagrim Library,Molly,Human,Evil twin
2316,2712,0.9863477,Lady Servil,Human,Fight Arena,Molly,Human,Evil twin
2010,3980,0.98634356,Iago,Human,No,Tiles,Human,Bandit Camp
1416,4439,0.9863361,Fisherman Frodi,Human,Miscellania,Zul-Onan,Human,Zul-Andra
120,1000,0.986325,Amelia,Human,Shayzien,Disappointed mother,Human,Varrock
1987,4095,0.9863186,Horphis,Citizen of Arceuus,Arceuus Library,Tyss,Citizen of Arceuus,Great Kourend
489,2784,0.9863169,Bonzara,Monkey,Ape Atoll Banana plantation,Muruwoi,Monkey,Marim
970,2784,0.9863169,Denadu,Monkey,Temple of Marimbo,Muruwoi,Monkey,Marim
640,1997,0.98631656,Captain Rovin,Human,Varrock Palace,Hugh,Human,Salvager Overlook
193,532,0.9863153,Arhein,Human,Catherby,Brother Kojo,Human,"The Clock Tower , south of Ardougne"
193,529,0.9863153,Arhein,Human,Catherby,Brother Cedric,Human,East Ardougne
193,2718,0.9863153,Arhein,Human,Catherby,Monk,Human,Lumbridge Swamp
193,534,0.9863153,Arhein,Human,Catherby,Brother Omad,Human,Monastery south of Ardougne
193,1344,0.9863153,Arhein,Human,Catherby,Father Lawrence,Human,Varrock church
193,690,0.9863153,Arhein,Human,Catherby,Cave monk,Human,Entrana
3177,3571,0.9863144,Quartermaster,Human,Tyras Camp,Shop keeper,Human,Falador
429,3571,0.9863144,Billy Rehnison,Human,West Ardougne,Shop keeper,Human,Falador
1650,2522,0.9863136,Glorfindel,Elf,Prifddinas,Maeglin,Elf,Prifddinas
1141,2522,0.986313,Edrahil,Elf,Prifddinas,Maeglin,Elf,Prifddinas
429,4064,0.9863087,Billy Rehnison,Human,West Ardougne,Trobert,Human,Brimhaven
3177,4064,0.9863087,Quartermaster,Human,Tyras Camp,Trobert,Human,Brimhaven
2620,4269,0.9863051,Mazion,Human,Entrana sandpit,Weve,Human,Wyvern Cave
1997,3989,0.98630047,Hugh,Human,Salvager Overlook,Tindel Marchant,Human,Port Khazard
860,2666,0.98629725,Councillor Halgrive,Human,East Ardougne,Miles,Human,Anywhere random events can occur
1469,2779,0.98629284,Forester,Human,McGrubor's Wood,Murfet,Human,Woodcutting Guild
409,1469,0.98629284,Berry,Human,Hosidius,Forester,Human,McGrubor's Wood
1798,1893,0.9862907,Guard Captain,Human,"Dragon Inn , Yanille",Harold,Human,Burthorpe
2492,3562,0.98628384,Luke,Human,Shipyard,Shop assistant,Human,Lumbridge
493,1797,0.9862822,Border Guard,,Custodia Mountains,Guard,Human,The Teomat
2553,4269,0.98627853,Man,Human,Hosidius vinery,Weve,Human,Wyvern Cave
2552,4269,0.98627853,Man,Human,Catacombs of Kourend,Weve,Human,Wyvern Cave
928,4392,0.9862766,Dantaera,Human,Catherby,Yrsa,Human,Rellekka
652,4249,0.9862757,Carado,Gnome,Ape Atoll,Waymottin,Gnome,Ape Atoll Dungeon
554,652,0.9862757,Bunkwicket,Gnome,Ape Atoll Dungeon,Carado,Gnome,Ape Atoll
440,2292,0.98627424,'Black-eye',Human,Tower of Life,Konoo,Human,Hosidius
3051,4269,0.9862711,Philipe Carnillean,Human,East Ardougne,Weve,Human,Wyvern Cave
777,2221,0.98626935,Citizen,Human,Aldarin,Kauayotl,Human,Tal Teklan
1352,2221,0.98626935,Felius,Human,Twilight Temple,Kauayotl,Human,Tal Teklan
830,4025,0.9862646,Concerned man,Human,Varrock,Tourist,,"Civitas illa Fortis , Aldarin"
2116,2594,0.98626304,Jeed,Human,Emir's Arena,Martin Thwait,Human,Rogues' Den
215,3585,0.9862622,Artima,Human,Civitas illa Fortis,Shopkeeper,,Civitas illa Fortis
722,2620,0.9862528,Charlie,Human,The Grand Tree top floor,Mazion,Human,Entrana sandpit
1580,3568,0.986246,General Kilian,Human,Shayzien,Shop keeper,Human,Al Kharid
2708,2873,0.9862416,Mogre Guard,Mogre,Mogre Camp,Nung,Mogre,Mogre Camp
857,1997,0.9862404,Council workman,Human,Bridge leading to Rellekka,Hugh,Human,Salvager Overlook
3523,3562,0.98623806,Shayzien Infiltrator,Human,Lizardman Temple,Shop assistant,Human,Lumbridge
785,2822,0.98623705,Citizen,Human,Bazaar in Civitas illa Fortis,Nelta of Ranul,,? (edit)
785,2821,0.98623705,Citizen,Human,Bazaar in Civitas illa Fortis,Nelta of Ralos,,? (edit)
587,839,0.98623526,Caleb,Human,Just north-east of Catherby bank.,Cook,Human,Lumbridge Castle kitchen
4025,4269,0.98622996,Tourist,,"Civitas illa Fortis , Aldarin",Weve,Human,Wyvern Cave
860,3066,0.9862269,Councillor Halgrive,Human,East Ardougne,Piles,Human,Resource Area
860,2846,0.9862269,Councillor Halgrive,Human,East Ardougne,Niles,Human,Anywhere random events can occur
1117,4146,0.9862152,Dylan,Dwarf,Christmas Factory,Utrec,Dwarf,Mining Guild
528,2068,0.9862145,Brother Brace,Human,Tutorial Island,Ironman tutor,Human,Lumbridge
2111,2272,0.9862129,Jasper,Human,Salvager Overlook,Kiyahtla,Human,Tlati Rainforest
3874,4060,0.986211,Tabbitha,Human,Blue Moon Inn,Treznor,Human,Varrock
406,3037,0.98620284,Bernald,Human,Burthorpe,Pete,Human,North of the Clock Tower
361,4439,0.98620224,Bartender,Human,? (edit),Zul-Onan,Human,Zul-Andra
553,1672,0.9861932,Bunkdo,Gnome,Ape Atoll,Gnome soldier,Gnome,Battle of Atarisundri
1987,2974,0.98619246,Horphis,Citizen of Arceuus,Arceuus Library,Pagida,Citizen of Arceuus,Library Historical Archive
796,882,0.9861922,Cleddyf,Elf,Prifddinas,Crefydd,Elf,Top floor of the Tower of Voices
193,1559,0.98618877,Arhein,Human,Catherby,Gary,Human,Varrock
1559,1874,0.9861843,Gary,Human,Varrock,Hambling,Human,Rellekka Longhall Bar
2086,3321,0.9861781,Jack,Human,Myths' Guild,Robyn,Human,Shayzien
2026,2597,0.98616934,Idril,Elf,Prifddinas,Marwolaeth Dawnsio,Elf,Gwenith
56,2318,0.98616695,Aisles,Human,Tai Bwo Wannai,Lady Table,Human,Temple Knight Training Grounds
3430,3947,0.986158,Sarah,Human,Varrock,Thessalia,Human,Varrock
1202,3954,0.9861548,Elladan,Elf,Prifddinas,Thingol,Elf,Prifddinas
504,722,0.9861545,Boy,Human,Taverley,Charlie,Human,The Grand Tree top floor
2028,3938,0.98615265,Ifaba,Monkey,Ape Atoll,The Monkey's Uncle,Monkey,Roof of The Monkey's Aunt 's house
2177,3938,0.98615265,Jumaane,Monkey,Marim,The Monkey's Uncle,Monkey,Roof of The Monkey's Aunt 's house
2932,3938,0.98615265,Oobapohk,Monkey,Marim,The Monkey's Uncle,Monkey,Roof of The Monkey's Aunt 's house
1567,2116,0.9861512,Gelin,Human,Lumbridge graveyard,Jeed,Human,Emir's Arena
835,2156,0.98614967,Cook,Human,Al Kharid,Jon,Human,Hosidius
1104,2058,0.9861462,Dusuri,Dwarf,Mining Guild,Inn Keeper,Dwarf,Keldagrim - The King's Axe Inn
468,1138,0.98614377,Boar31337Killer,Human,Southern Island of The Node,Ed Wood,Human,Digsite
935,1138,0.98614377,Darkmeyer Slave,Human,Hallowed Sepulchre,Ed Wood,Human,Digsite
1038,1138,0.98614377,Doug Deeping,Human,Down the north-eastern borehole of the Digsite,Ed Wood,Human,Digsite
1138,1886,0.9861435,Ed Wood,Human,Digsite,Hans,Human,Al Kharid
1138,3141,0.9861435,Ed Wood,Human,Digsite,Prisoner,Human,North Darkmeyer
1138,2674,0.9861435,Ed Wood,Human,Digsite,Mine cart driver,Human,Desert Mining Camp
1138,1444,0.9861435,Ed Wood,Human,Digsite,Flax keeper,Human,Seers' Village Flax Fields
940,4235,0.9861306,Darve,Human,Dorgesh-Kaan South Dungeon,Wally,Human,Varrock
1839,2908,0.98612916,Gurtob,Ogre,Backwater,Ogre merchant,Ogre,Gu'Tanoth
1762,1839,0.98612916,Grunsh,Ogre,Red Axe base,Gurtob,Ogre,Backwater
1839,2910,0.98612916,Gurtob,Ogre,Backwater,Ogre trader,Ogre,Gu'Tanoth
1839,3448,0.98612916,Gurtob,Ogre,Backwater,Scarg,Ogre,Chompy Marsh
1839,4116,0.98612916,Gurtob,Ogre,Backwater,Uglug Nar,Ogre,Jiggig
1757,1839,0.98612916,Grug,Ogre,Jiggig,Gurtob,Ogre,Backwater
1552,1839,0.98612916,Gargh,Ogre,South of Castle Wars,Gurtob,Ogre,Backwater
1839,2911,0.98612916,Gurtob,Ogre,Backwater,Ogre trader,Ogre,Gu'Tanoth
1758,1839,0.98612916,Gruh,Ogre,South of Castle Wars,Gurtob,Ogre,Backwater
3049,3102,0.98612344,Phials,Human,Rimmington,Port Official,Human,Port Piscarilius
1978,4351,0.98611605,Hooknosed Jack,Human,Varrock Rat Pits,Wounded soldier,Human,Battlefront
1028,2144,0.98611355,Donovan the Family Handyman,Human,"Sinclair Mansion , 1 st floor [ UK ] 2 nd floor [ US ]",Joe,Human,Mos Le'Harmless
155,3200,0.9861076,Anton,Human,Warriors' Guild,Radigad Ponfit,Human,"Myreque Hideout at Canifis , later at Burgh de Rott"
1257,2575,0.9860995,Erasmus,Human,Lumbridge,Marius,Human,Burgh de Rott
830,2552,0.98609906,Concerned man,Human,Varrock,Man,Human,Catacombs of Kourend
830,2553,0.98609906,Concerned man,Human,Varrock,Man,Human,Hosidius vinery
2140,4172,0.9860976,Jimmy the Chisel,Human,H.A.M. Dungeon,Vanstrom Klause,Vampyre,Hair of the Dog
504,743,0.9860952,Boy,Human,Taverley,Child,Human,All over West Ardougne
624,1581,0.9860915,Captain Ginea,Human,Shayzien Encampment,General Salara,Human,Shayzien
504,2069,0.98609006,Boy,Human,Taverley,Ironman tutor,Human,Tutorial Island
3523,3636,0.98609006,Shayzien Infiltrator,Human,Lizardman Temple,Sir Percival,Human,Fisher Realm
722,798,0.98608917,Charlie,Human,The Grand Tree top floor,Clerk,Human,Clan Hub
1580,1971,0.9860764,General Kilian,Human,Shayzien,Holly,Human,North of Port Sarim
2448,4410,0.9860704,Lord Crombwick,Human,Crombwick Manor,Zealot,Human,Abandoned Mine
370,4334,0.9860657,Bartender,Human,The Warrens,Woodsman tutor,Human,Lumbridge
857,2485,0.98606545,Council workman,Human,Bridge leading to Rellekka,Lubufu,Human,Brimhaven
2312,2462,0.9860647,Lady Crombwick,Human,Slepe,Lorraine,Human,Port Piscarilius
1200,2312,0.9860646,Elizabeth,Human,Port Piscarilius,Lady Crombwick,Human,Slepe
305,700,0.9860548,Banker,Elf,Lletya,Celyn,Elf,Prifddinas
1110,2202,0.9860539,Dwarf,Dwarf,Motherlode Mine,Kamen,Dwarf,Underground Pass
2068,2716,0.98605084,Ironman tutor,Human,Lumbridge,Monk,Human,Entrana
531,2068,0.98605084,Brother Jered,Human,Edgeville Monastery,Ironman tutor,Human,Lumbridge
1641,3004,0.98605067,Giles,Human,Anywhere random events can occur,Peasant,Human,Fisher Realm
714,3563,0.98604065,Chancy,Human,Rimmington,Shop assistant,Human,Musa Point
193,3523,0.9860375,Arhein,Human,Catherby,Shayzien Infiltrator,Human,Lizardman Temple
2069,3573,0.98603725,Ironman tutor,Human,Tutorial Island,Shop keeper,Human,Lumbridge
276,1672,0.9860245,Ball boy,Gnome,"Al Kharid , Brimhaven , Catherby beach",Gnome soldier,Gnome,Battle of Atarisundri
1580,2378,0.98601615,General Kilian,Human,Shayzien,Lenny,Human,North of Prifddinas
1260,1844,0.98600864,Erestor,Elf,Prifddinas,Gwerin Hapus,Elf,Gwenith
653,1385,0.98600364,Caranthir,Elf,Prifddinas,Fingon,Elf,Prifddinas
1408,3061,0.9859997,Fish monger,Human,The Warrens,Pierre,Human,Sinclair Mansion grounds
323,3073,0.985991,Baraek,Human,Varrock Square,Pious Pete,Human,Realm of Memories
1345,1416,0.98598933,Father Reen,Human,Al Kharid,Fisherman Frodi,Human,Miscellania
1886,3563,0.9859887,Hans,Human,Al Kharid,Shop assistant,Human,Musa Point
1444,3563,0.9859887,Flax keeper,Human,Seers' Village Flax Fields,Shop assistant,Human,Musa Point
935,3563,0.9859887,Darkmeyer Slave,Human,Hallowed Sepulchre,Shop assistant,Human,Musa Point
468,3563,0.9859887,Boar31337Killer,Human,Southern Island of The Node,Shop assistant,Human,Musa Point
1038,3563,0.9859887,Doug Deeping,Human,Down the north-eastern borehole of the Digsite,Shop assistant,Human,Musa Point
2674,3563,0.9859887,Mine cart driver,Human,Desert Mining Camp,Shop assistant,Human,Musa Point
3141,3563,0.9859887,Prisoner,Human,North Darkmeyer,Shop assistant,Human,Musa Point
517,1997,0.98598826,Brian,Human,Port Sarim,Hugh,Human,Salvager Overlook
2069,4269,0.9859842,Ironman tutor,Human,Tutorial Island,Weve,Human,Wyvern Cave
1559,1996,0.98598313,Gary,Human,Varrock,Hudon,Human,Baxtorian Falls
1559,3407,0.98598313,Gary,Human,Varrock,Sammy Servil,Human,Fight Arena prison
3107,3902,0.9859812,Port worker,Human,Port Piscarilius,Tea Seller,Human,Varrock
656,1642,0.9859787,Carla,Human,West Ardougne,Gileth,Human,Tree Gnome Village
656,1025,0.9859787,Carla,Human,West Ardougne,Donie,Human,In and around Lumbridge
656,2460,0.9859787,Carla,Human,West Ardougne,Lorelai,Human,"Warriors' Guild , basement"
106,656,0.9859787,Alrena,Human,East Ardougne,Carla,Human,West Ardougne
656,1026,0.9859787,Carla,Human,West Ardougne,Donie,Human,North-east of Lumbridge General Store
3430,3431,0.98597586,Sarah,Human,Varrock,Sarah,Human,Port Piscarilius
3726,3874,0.9859663,Soldier,Human,Northern Ocean,Tabbitha,Human,Blue Moon Inn
1768,3874,0.9859663,Guard,Human,Varrock Palace,Tabbitha,Human,Blue Moon Inn
3523,3572,0.9859625,Shayzien Infiltrator,Human,Lizardman Temple,Shop keeper,Human,Museum Camp
530,1253,0.9859593,Brother Jered,Human,Edgeville Monastery,Eohric,Human,Burthorpe castle
1107,2274,0.9859576,Dwarf,Dwarf,Dwarven Mine,Kjut,Dwarf,Keldagrim
365,1860,0.9859533,Bartender,Human,Bandit Village in the Kharidian Desert,Hairdresser,Human,Falador
1860,3235,0.9859533,Hairdresser,Human,Falador,Razmire Keelgan,Human,Mort'ton
172,2433,0.9859443,arc_test_01,Citizen of Arceuus,,Logios,Citizen of Arceuus,Library Historical Archive
1715,3636,0.9859375,Grand Exchange Clerk,Human,Grand Exchange,Sir Percival,Human,Fisher Realm
1078,3636,0.9859375,Drunken soldier,Human,The Cloak and Stagger,Sir Percival,Human,Fisher Realm
2578,3636,0.9859375,Mark,Human,Port Piscarilius,Sir Percival,Human,Fisher Realm
3636,3700,0.9859375,Sir Percival,Human,Fisher Realm,Smithing apprentice,Human,Lumbridge
3636,3997,0.9859375,Sir Percival,Human,Fisher Realm,Toby,Human,Varrock
2980,3636,0.9859375,Panning guide,Human,Digsite,Sir Percival,Human,Fisher Realm
3636,3928,0.9859375,Sir Percival,Human,Fisher Realm,The 'Wedge',Human,Camelot
354,1004,0.9859275,Bartender,Human,Varrock,Dock worker,Human,Port Piscarilius
80,1004,0.9859275,Alfonse the waiter,Human,Brimhaven,Dock worker,Human,Port Piscarilius
858,3568,0.9859228,Councillor Andrews,Human,Kourend Castle,Shop keeper,Human,Al Kharid
2731,2784,0.98592186,Monkey on unicorn,"Monkey , Unicorn",North-west of Lumbridge Swamp,Muruwoi,Monkey,Marim
1538,3125,0.98591995,Galahad,Human,Near McGrubor's Wood,Priest,Human,East Ardougne
141,4386,0.98591655,Aneirin,Elf,Prifddinas,Ymladd,Elf,Prifddinas
1982,2164,0.9859103,Horace,Human,Hosidius,Joshua,Human,Hemenster
2158,2575,0.98590744,Jonathan,Human,Hosidius,Marius,Human,Burgh de Rott
553,2497,0.9859046,Bunkdo,Gnome,Ape Atoll,Lumdo,Gnome,"Ape Atoll , Crash Island"
1223,2051,0.9859,Emily,Human,Falador,Information clerk,Human,Varrock Museum
2051,2148,0.9859,Information clerk,Human,Varrock Museum,Jofridr Mordstatter,Human,Neitiznot
1093,2339,0.98589945,Duke Horacio,Human,Lumbridge Castle,Larry,Human,Falador
1094,2339,0.98589945,Duke Horacio,Human,Lumbridge Castle ground floor [ UK ] 1 st floor [ US ],Larry,Human,Falador
1390,4041,0.98589826,Fior,Dwarf,Keldagrim Rat Pits,Trader,Dwarf,Trade Octagon
406,1118,0.9858962,Bernald,Human,Burthorpe,Eadgar,Human,Summit of Trollheim ( Trollheim Teleport )
1829,3311,0.9858936,Gulldamar,Dwarf,Keldagrim,Rind the gardener,Dwarf,Keldagrim Palace Gardens
4106,4109,0.9858914,TzHaar-Mej,TzHaar,Mor Ul Rek,TzHaar-Mej-Jal,TzHaar,Mor Ul Rek
4109,4110,0.9858914,TzHaar-Mej-Jal,TzHaar,Mor Ul Rek,TzHaar-Mej-Kah,TzHaar,Mor Ul Rek
1104,2218,0.9858913,Dusuri,Dwarf,Mining Guild,Kaston,Dwarf,Shayzien
2620,3573,0.9858904,Mazion,Human,Entrana sandpit,Shop keeper,Human,Lumbridge
3053,4000,0.98588943,Philop,Human,Varrock,Tolna,Human,Tolna's rift
3177,3568,0.9858866,Quartermaster,Human,Tyras Camp,Shop keeper,Human,Al Kharid
429,3568,0.9858866,Billy Rehnison,Human,West Ardougne,Shop keeper,Human,Al Kharid
537,4146,0.9858862,Brown Engine Secretary,Dwarf,Keldagrim,Utrec,Dwarf,Mining Guild
1545,2853,0.9858831,Garai,Human,Nardah,Nkuku,Human,Nardah
714,2146,0.9858817,Chancy,Human,Rimmington,Joe,Human,Draynor Village jail
714,3564,0.9858817,Chancy,Human,Rimmington,Shop assistant,Human,Rimmington
1997,2244,0.98587954,Hugh,Human,Salvager Overlook,Khazard Barman,Human,South-western corner of the Fight Arena
1863,1997,0.98587954,Hajedy,Human,Brimhaven,Hugh,Human,Salvager Overlook
1997,3575,0.98587954,Hugh,Human,Salvager Overlook,Shop keeper,Human,Port Khazard
1915,3321,0.9858782,Head Servant,Human,? (edit),Robyn,Human,Shayzien
193,2620,0.9858762,Arhein,Human,Catherby,Mazion,Human,Entrana sandpit
1300,2202,0.98587096,Factory Worker,Dwarf,Blast Furnace,Kamen,Dwarf,Underground Pass
520,2393,0.9858695,Briget,Human,Shayzien,Lieutenant,,Chasm of Fire entrance
876,2978,0.9858676,Crafting tutor,Human,Lumbridge Castle,Palum,Human,Christmas Factory
362,2978,0.9858676,Bartender,Human,Port Sarim,Palum,Human,Christmas Factory
2978,3725,0.9858676,Palum,Human,Christmas Factory,Soldier,Human,Death Plateau (south)
3428,3740,0.9858669,Sarah,Human,South Falador Farm,Sophia Hughes,Human,Kourend Castle
3500,4091,0.9858603,Servant,Human,ScapeRune,Two-pints,Human,"Flying Horse Inn , East Ardougne"
686,4139,0.98586,Cave goblin,Dorgeshuun,Dorgesh-Kaan,Ur-taal,Dorgeshuun,Dorgesh-Kaan
188,4188,0.9858515,Arena Guard Rachi,Human,Emir's Arena,Veronica,Human,Draynor Manor
4139,4419,0.9858486,Ur-taal,Dorgeshuun,Dorgesh-Kaan,Zenkog,Dorgeshuun,Dorgesh-Kaan market
2907,3671,0.9858477,Ogre guard,Ogre,Jiggig,Skrach Uglogwee,Ogre,Lumbridge Castle dining hall
3067,3671,0.9858477,Pilg,Ogre,Jiggig,Skrach Uglogwee,Ogre,Lumbridge Castle dining hall
1580,4119,0.9858415,General Kilian,Human,Shayzien,Ulina,Human,Christmas Factory
1657,1673,0.98583984,Gnome,Gnome,,Gnome trainer,Gnome,Tree Gnome Stronghold
1657,1658,0.98583984,Gnome,Gnome,,Gnome,Gnome,Taverley
3968,4013,0.9858346,Thorvald the Warrior,Human,Rellekka,Torfinn,Human,Rellekka
3965,4013,0.9858346,Thorodin,Human,Rellekka,Torfinn,Human,Rellekka
830,1323,0.98583347,Concerned man,Human,Varrock,Farmer,Human,Miscellania
1987,2300,0.9858269,Horphis,Citizen of Arceuus,Arceuus Library,Krato,Citizen of Arceuus,Library Historical Archive
2449,3564,0.985826,Lord Daquarius,Human,Taverley Dungeon,Shop assistant,Human,Rimmington
2146,2449,0.985826,Joe,Human,Draynor Village jail,Lord Daquarius,Human,Taverley Dungeon
354,2890,0.9858197,Bartender,Human,Varrock,Obli,Human,Shilo Village
80,2890,0.9858197,Alfonse the waiter,Human,Brimhaven,Obli,Human,Shilo Village
214,2666,0.9858149,Arthur the Clue Hunter,Human,Lumbridge,Miles,Human,Anywhere random events can occur
2784,4148,0.9858142,Muruwoi,Monkey,Marim,Uwogo,Monkey,Marim
2086,3563,0.98581296,Jack,Human,Myths' Guild,Shop assistant,Human,Musa Point
2068,3402,0.985811,Ironman tutor,Human,Lumbridge,Sam,Human,Arceuus Library
3497,4351,0.9858048,Sergeant Tobyn,Human,Varrock Square,Wounded soldier,Human,Battlefront
1344,2492,0.98580396,Father Lawrence,Human,Varrock church,Luke,Human,Shipyard
529,2492,0.98580396,Brother Cedric,Human,East Ardougne,Luke,Human,Shipyard
690,2492,0.98580396,Cave monk,Human,Entrana,Luke,Human,Shipyard
532,2492,0.98580396,Brother Kojo,Human,"The Clock Tower , south of Ardougne",Luke,Human,Shipyard
2492,2718,0.98580396,Luke,Human,Shipyard,Monk,Human,Lumbridge Swamp
534,2492,0.98580396,Brother Omad,Human,Monastery south of Ardougne,Luke,Human,Shipyard
1347,3568,0.98580325,Faustus,Human,Aldarin,Shop keeper,Human,Al Kharid
798,1581,0.98580307,Clerk,Human,Clan Hub,General Salara,Human,Shayzien
2349,3040,0.9858022,Layleen,Human,Tai Bwo Wannai,Petra Fiyed,Human,Goblin Cave
2310,2349,0.9858022,Lacey,Human,Mansion in a faraway island.,Layleen,Human,Tai Bwo Wannai
737,2349,0.9858022,Cheryl,Human,Port Piscarilius,Layleen,Human,Tai Bwo Wannai
1023,2274,0.98579943,Donal,Dwarf,Miscellania and Etceteria Dungeon,Kjut,Dwarf,Keldagrim
3935,4326,0.98579645,The Lady of the Lake,Human,Taverley,Woman,Human,Blue Moon Inn
716,3556,0.9857924,Charles,Human,Port Piscarilius,Shipyard worker,,Ship Yard
3556,4416,0.9857924,Shipyard worker,,Ship Yard,Zembo,Human,"Musa Point, Karamja"
408,730,0.98579144,Bernard,Human,? (edit),Checkal,Human,Barbarian Village
915,4088,0.98579025,Daga,Monkey,Marim,Tutab,Monkey,Ape Atoll
1018,1138,0.98578316,Dominic Onion,Human,"Nightmare Zone , north of Yanille",Ed Wood,Human,Digsite
365,1345,0.98578274,Bartender,Human,Bandit Village in the Kharidian Desert,Father Reen,Human,Al Kharid
1345,3235,0.98578274,Father Reen,Human,Al Kharid,Razmire Keelgan,Human,Mort'ton
1898,3573,0.9857811,Harry,Human,Catherby,Shop keeper,Human,Lumbridge
903,1237,0.9857777,Curufin,Elf,Prifddinas,Enerdhil,Elf,Prifddinas
360,3017,0.98577356,Bartender,Human,Nemus Retreat,Perdie,Human,Port Roberts
504,2552,0.9857719,Boy,Human,Taverley,Man,Human,Catacombs of Kourend
504,2553,0.9857719,Boy,Human,Taverley,Man,Human,Hosidius vinery
2522,2947,0.9857698,Maeglin,Elf,Prifddinas,Orophin,Elf,Prifddinas
911,1414,0.9857675,D3ad1i F15her,Human,The Node,Fisherman,Human,Port Piscarilius
2154,4435,0.9857644,Jokul,Human,Mountain Camp,Zul-Aniel,Human,Zul-Andra
320,1309,0.9857604,Banker,Fairy,Zanaris,Fairy Nuff,Fairy,Her room near Zanaris bank
1026,1929,0.98575854,Donie,Human,North-east of Lumbridge General Store,Helpline Assistant,Human,
1929,2460,0.98575854,Helpline Assistant,Human,,Lorelai,Human,"Warriors' Guild , basement"
106,1929,0.98575854,Alrena,Human,East Ardougne,Helpline Assistant,Human,
1025,1929,0.98575854,Donie,Human,In and around Lumbridge,Helpline Assistant,Human,
1642,1929,0.98575854,Gileth,Human,Tree Gnome Village,Helpline Assistant,Human,
915,2028,0.98575664,Daga,Monkey,Marim,Ifaba,Monkey,Ape Atoll
915,2932,0.98575664,Daga,Monkey,Marim,Oobapohk,Monkey,Marim
915,2177,0.98575664,Daga,Monkey,Marim,Jumaane,Monkey,Marim
1138,3564,0.98575294,Ed Wood,Human,Digsite,Shop assistant,Human,Rimmington
1138,2146,0.98575294,Ed Wood,Human,Digsite,Joe,Human,Draynor Village jail
1262,4144,0.9857482,Eric,Human,Rimmington church,Uri,Human,Wherever an emote clue is completed
88,868,0.98574674,Ali the Guard,Human,Al Kharid,Cowardly Bandit,Human,Pollnivneach
716,2214,0.985746,Charles,Human,Port Piscarilius,Karim,Human,Al Kharid
2214,4416,0.985746,Karim,Human,Al Kharid,Zembo,Human,"Musa Point, Karamja"
406,2960,0.9857459,Bernald,Human,Burthorpe,Oswald,Human,Shayzien
842,4269,0.9857341,Cooky Weasel,Human,Rabbit Hole,Weve,Human,Wyvern Cave
520,3522,0.98573077,Briget,Human,Shayzien,Shayda,Human,Shayzien
520,2591,0.98573077,Briget,Human,Shayzien,Martha Rehnison,Human,West Ardougne
520,3987,0.98573077,Briget,Human,Shayzien,Tina,Human,Falador
520,904,0.98573077,Briget,Human,Shayzien,Customer,Human,Keldagrim Library
520,2316,0.98573077,Briget,Human,Shayzien,Lady Servil,Human,Fight Arena
520,3786,0.98573077,Briget,Human,Shayzien,Squire,Human,Void Knight Outpost
520,2222,0.98573077,Briget,Human,Shayzien,Kaylee,Human,Falador
2175,2478,0.98572993,Julie,Human,Varrock,Louisa,Human,Sinclair Mansion
326,2478,0.98572993,Barbara,Human,Hosidius,Louisa,Human,Sinclair Mansion
836,900,0.985729,Cook,Human,Blue Moon Inn,Curpile Fyod,Human,Mort Myre Swamp
2553,3565,0.98572814,Man,Human,Hosidius vinery,Shop assistant,Human,Varrock
2552,3565,0.98572814,Man,Human,Catacombs of Kourend,Shop assistant,Human,Varrock
1885,2978,0.98572713,Hans,Human,Lumbridge,Palum,Human,Christmas Factory
1324,2978,0.98572713,Farmer,Human,Groats' farm,Palum,Human,Christmas Factory
3560,3681,0.98572373,Shop assistant,Human,Edgeville,Slave,Human,Fight Arena
2228,3560,0.98572373,Kelvin,Human,Fight Arena,Shop assistant,Human,Edgeville
993,3560,0.98572373,Digsite workman,Human,Digsite and near Varrock Museum,Shop assistant,Human,Edgeville
3560,4052,0.98572373,Shop assistant,Human,Edgeville,Tramp,Human,Varrock
2932,3735,0.9857236,Oobapohk,Monkey,Marim,Solihib,Monkey,Marim
2177,3735,0.9857236,Jumaane,Monkey,Marim,Solihib,Monkey,Marim
2028,3735,0.9857236,Ifaba,Monkey,Ape Atoll,Solihib,Monkey,Marim
937,3514,0.9857211,Darren,Human,East of the Wilderness Agility Course,Shantay,Human,Shantay Pass
1915,4355,0.98571885,Head Servant,Human,? (edit),Wydin,Human,
1915,4354,0.98571885,Head Servant,Human,? (edit),Wydin,Human,Port Sarim
3556,3902,0.9857182,Shipyard worker,,Ship Yard,Tea Seller,Human,Varrock
2058,4009,0.98571485,Inn Keeper,Dwarf,Keldagrim - The King's Axe Inn,Toothy,Dwarf ( Imcando-descendant ),Lovakengj
744,2117,0.9857105,Child,Human,,Jeff,Human,Musa Point
293,1860,0.9857101,Banker,Werewolf,Canifis,Hairdresser,Human,Falador
317,1860,0.9857101,Banker,Human,Tutorial Island,Hairdresser,Human,Falador
1520,1860,0.9857101,Fry,Human,Rabbit Hole,Hairdresser,Human,Falador
298,1860,0.9857101,Banker,Human,Draynor Village,Hairdresser,Human,Falador
287,1860,0.9857101,Banker,Human,Bank,Hairdresser,Human,Falador
1078,1996,0.9857092,Drunken soldier,Human,The Cloak and Stagger,Hudon,Human,Baxtorian Falls
3407,3700,0.9857092,Sammy Servil,Human,Fight Arena prison,Smithing apprentice,Human,Lumbridge
3407,3928,0.9857092,Sammy Servil,Human,Fight Arena prison,The 'Wedge',Human,Camelot
1715,3407,0.9857092,Grand Exchange Clerk,Human,Grand Exchange,Sammy Servil,Human,Fight Arena prison
1715,1996,0.9857092,Grand Exchange Clerk,Human,Grand Exchange,Hudon,Human,Baxtorian Falls
1078,3407,0.9857092,Drunken soldier,Human,The Cloak and Stagger,Sammy Servil,Human,Fight Arena prison
3407,3997,0.9857092,Sammy Servil,Human,Fight Arena prison,Toby,Human,Varrock
1996,2980,0.9857092,Hudon,Human,Baxtorian Falls,Panning guide,Human,Digsite
1996,3928,0.9857092,Hudon,Human,Baxtorian Falls,The 'Wedge',Human,Camelot
1996,2578,0.9857092,Hudon,Human,Baxtorian Falls,Mark,Human,Port Piscarilius
2578,3407,0.9857092,Mark,Human,Port Piscarilius,Sammy Servil,Human,Fight Arena prison
2980,3407,0.9857092,Panning guide,Human,Digsite,Sammy Servil,Human,Fight Arena prison
1996,3700,0.9857092,Hudon,Human,Baxtorian Falls,Smithing apprentice,Human,Lumbridge
1996,3997,0.9857092,Hudon,Human,Baxtorian Falls,Toby,Human,Varrock
3927,3965,0.98570675,Thakkrad Sigmundson,Human,Neitiznot,Thorodin,Human,Rellekka
3927,3968,0.98570675,Thakkrad Sigmundson,Human,Neitiznot,Thorvald the Warrior,Human,Rellekka
3244,4235,0.9857029,Recruiter,Human,West Ardougne,Wally,Human,Varrock
3128,3611,0.9857025,Priest,Human,West Ardougne,Silk trader,Human,Al Kharid
356,2679,0.9856967,Bartender,Human,Yanille,Miner Magnus,Human,Miscellania
1143,3150,0.98569506,Eebel,Gnome,Tree Gnome Stronghold,Professor Manglethorp,Gnome,The Consortium
1143,3148,0.98569506,Eebel,Gnome,Tree Gnome Stronghold,Professor Gracklebone,Gnome,Arceuus Library
1265,3148,0.98569506,Ermin,Gnome,Tree Gnome Stronghold,Professor Gracklebone,Gnome,Arceuus Library
1265,3150,0.98569506,Ermin,Gnome,Tree Gnome Stronghold,Professor Manglethorp,Gnome,The Consortium
410,3543,0.9856943,Bert,Human,Yanille,Shipwright Seb,Human,Shipyard
410,3557,0.98569405,Bert,Human,Yanille,Shipyard Worker,Human,Shipyard
2890,3125,0.98568934,Obli,Human,Shilo Village,Priest,Human,East Ardougne
2215,4416,0.98568785,Karim,Human,Blue Moon Inn,Zembo,Human,"Musa Point, Karamja"
716,2215,0.98568785,Charles,Human,Port Piscarilius,Karim,Human,Blue Moon Inn
2385,3572,0.9856865,Lesser Fanatic,Human,Edgeville,Shop keeper,Human,Museum Camp
3049,3556,0.9856714,Phials,Human,Rimmington,Shipyard worker,,Ship Yard
141,2056,0.98567045,Aneirin,Elf,Prifddinas,Ingwe,Elf,Prifddinas
2349,3946,0.9856669,Layleen,Human,Tai Bwo Wannai,Theodore Paxton,Human,Red Rock
429,3407,0.9856655,Billy Rehnison,Human,West Ardougne,Sammy Servil,Human,Fight Arena prison
1996,3177,0.9856655,Hudon,Human,Baxtorian Falls,Quartermaster,Human,Tyras Camp
429,1996,0.9856655,Billy Rehnison,Human,West Ardougne,Hudon,Human,Baxtorian Falls
3177,3407,0.9856655,Quartermaster,Human,Tyras Camp,Sammy Servil,Human,Fight Arena prison
2099,2580,0.98566484,Jail Guard,Human,Port Roberts,Market Guard,,Port Roberts
529,4344,0.9856597,Brother Cedric,Human,East Ardougne,Worker,,Varlamore
690,4344,0.9856597,Cave monk,Human,Entrana,Worker,,Varlamore
534,4344,0.9856597,Brother Omad,Human,Monastery south of Ardougne,Worker,,Varlamore
532,4344,0.9856597,Brother Kojo,Human,"The Clock Tower , south of Ardougne",Worker,,Varlamore
2718,4344,0.9856597,Monk,Human,Lumbridge Swamp,Worker,,Varlamore
1344,4344,0.9856597,Father Lawrence,Human,Varrock church,Worker,,Varlamore
4200,4351,0.98565966,Vigroy,Human,Shilo Village,Wounded soldier,Human,Battlefront
837,857,0.98565906,Cook,Human,Blue Moon Inn,Council workman,Human,Bridge leading to Rellekka
1117,3425,0.98565656,Dylan,Dwarf,Christmas Factory,Santiri,Dwarf,Keldagrim
1836,4009,0.9856565,Gunslik,Dwarf,Western Keldagrim,Toothy,Dwarf ( Imcando-descendant ),Lovakengj
3309,4009,0.9856565,Riki the sculptor's model,Dwarf,Keldagrim,Toothy,Dwarf ( Imcando-descendant ),Lovakengj
2161,4009,0.9856565,Jorra,Dwarf ( Imcando-descendant ),Lovakengj Assembly,Toothy,Dwarf ( Imcando-descendant ),Lovakengj
858,1996,0.9856565,Councillor Andrews,Human,Kourend Castle,Hudon,Human,Baxtorian Falls
858,3407,0.9856565,Councillor Andrews,Human,Kourend Castle,Sammy Servil,Human,Fight Arena prison
504,4025,0.98565555,Boy,Human,Taverley,Tourist,,"Civitas illa Fortis , Aldarin"
2606,3073,0.98565334,Master fisher,Human,Fishing Guild,Pious Pete,Human,Realm of Memories
2679,3107,0.98564845,Miner Magnus,Human,Miscellania,Port worker,Human,Port Piscarilius
529,722,0.9856463,Brother Cedric,Human,East Ardougne,Charlie,Human,The Grand Tree top floor
690,722,0.9856463,Cave monk,Human,Entrana,Charlie,Human,The Grand Tree top floor
534,722,0.9856463,Brother Omad,Human,Monastery south of Ardougne,Charlie,Human,The Grand Tree top floor
532,722,0.9856463,Brother Kojo,Human,"The Clock Tower , south of Ardougne",Charlie,Human,The Grand Tree top floor
722,2718,0.9856463,Charlie,Human,The Grand Tree top floor,Monk,Human,Lumbridge Swamp
722,1344,0.9856463,Charlie,Human,The Grand Tree top floor,Father Lawrence,Human,Varrock church
775,3556,0.98564553,Chuck,Human,Realm of Memories,Shipyard worker,,Ship Yard
286,1860,0.98564255,Bank guard,Human,Draynor Village,Hairdresser,Human,Falador
2300,4075,0.985636,Krato,Citizen of Arceuus,Library Historical Archive,Trossa,Citizen of Arceuus,North of Arceuus
624,2378,0.9856312,Captain Ginea,Human,Shayzien Encampment,Lenny,Human,North of Prifddinas
3040,3559,0.985629,Petra Fiyed,Human,Goblin Cave,Shop assistant,Human,Al Kharid
2310,3559,0.9856287,Lacey,Human,Mansion in a faraway island.,Shop assistant,Human,Al Kharid
737,3559,0.9856287,Cheryl,Human,Port Piscarilius,Shop assistant,Human,Al Kharid
372,4003,0.98562735,Barus,Dwarf,Lovakengj,Tombar,Dwarf,Keldagrim West
2620,4344,0.98562634,Mazion,Human,Entrana sandpit,Worker,,Varlamore
1997,4410,0.985625,Hugh,Human,Salvager Overlook,Zealot,Human,Abandoned Mine
3565,4025,0.9856247,Shop assistant,Human,Varrock,Tourist,,"Civitas illa Fortis , Aldarin"
100,1207,0.985623,Alice the Camel,Camel,"Al Kharid , near Ellis ' tannery",Elly the Camel,Camel,Al Kharid
318,4064,0.9856179,Banker,Human,Varrock,Trobert,Human,Brimhaven
857,3545,0.9856168,Council workman,Human,Bridge leading to Rellekka,Shipwright Seth,Human,Port Phasmatys
1715,3568,0.9856124,Grand Exchange Clerk,Human,Grand Exchange,Shop keeper,Human,Al Kharid
3568,3928,0.9856124,Shop keeper,Human,Al Kharid,The 'Wedge',Human,Camelot
3568,3700,0.9856124,Shop keeper,Human,Al Kharid,Smithing apprentice,Human,Lumbridge
2578,3568,0.9856124,Mark,Human,Port Piscarilius,Shop keeper,Human,Al Kharid
3568,3997,0.9856124,Shop keeper,Human,Al Kharid,Toby,Human,Varrock
1078,3568,0.9856124,Drunken soldier,Human,The Cloak and Stagger,Shop keeper,Human,Al Kharid
2980,3568,0.9856124,Panning guide,Human,Digsite,Shop keeper,Human,Al Kharid
724,835,0.9856099,Charlie the cook,Human,Brimhaven,Cook,Human,Al Kharid
2339,3107,0.9856067,Larry,Human,Falador,Port worker,Human,Port Piscarilius
940,1255,0.98560524,Darve,Human,Dorgesh-Kaan South Dungeon,epic mager34,Human,Lumbridge watermill
2117,3571,0.98559856,Jeff,Human,Musa Point,Shop keeper,Human,Falador
353,2185,0.9855945,Bartender,Human,Varrock,Justin Servil,Human,Fight Arena
350,2185,0.9855945,Bartender,Human,Blue Moon Inn,Justin Servil,Human,Fight Arena
1388,3040,0.98559386,Fionella,Human,Legends' Guild,Petra Fiyed,Human,Goblin Cave
1388,2310,0.98559386,Fionella,Human,Legends' Guild,Lacey,Human,Mansion in a faraway island.
737,1388,0.98559386,Cheryl,Human,Port Piscarilius,Fionella,Human,Legends' Guild
2318,3560,0.9855887,Lady Table,Human,Temple Knight Training Grounds,Shop assistant,Human,Edgeville
142,188,0.9855883,Angel,Human,Rimmington,Arena Guard Rachi,Human,Emir's Arena
405,1117,0.9855869,Bentamir,Dwarf,Keldagrim,Dylan,Dwarf,Christmas Factory
3179,3321,0.98558575,Queen Sigrid,Human,Castle of Etceteria,Robyn,Human,Shayzien
1559,2378,0.98558205,Gary,Human,Varrock,Lenny,Human,North of Prifddinas
2890,3556,0.9855813,Obli,Human,Shilo Village,Shipyard worker,,Ship Yard
2316,2408,0.9855802,Lady Servil,Human,Fight Arena,Ling,Human,
2408,3987,0.9855802,Ling,Human,,Tina,Human,Falador
904,2408,0.9855802,Customer,Human,Keldagrim Library,Ling,Human,
2222,2408,0.9855802,Kaylee,Human,Falador,Ling,Human,
2408,3522,0.9855802,Ling,Human,,Shayda,Human,Shayzien
2408,2591,0.9855802,Ling,Human,,Martha Rehnison,Human,West Ardougne
2408,3786,0.9855802,Ling,Human,,Squire,Human,Void Knight Outpost
549,4064,0.9855729,Builder,Human,Cam Torum entrance,Trobert,Human,Brimhaven
775,1538,0.9855728,Chuck,Human,Realm of Memories,Galahad,Human,Near McGrubor's Wood
180,3017,0.9855717,Arcuani,Human,Tal Teklan,Perdie,Human,Port Roberts
3017,3443,0.9855717,Perdie,Human,Port Roberts,Sawmill Operator,Human,Auburnvale
3636,4268,0.9855714,Sir Percival,Human,Fisher Realm,Wesley,Human,Nardah
656,3890,0.9855685,Carla,Human,West Ardougne,Taria,Human,Rimmington
1118,1981,0.98556817,Eadgar,Human,Summit of Trollheim ( Trollheim Teleport ),Hops,Human,Rimmington
491,2274,0.9855664,Boot,Dwarf,Dwarven Mines,Kjut,Dwarf,Keldagrim
1138,1206,0.98556536,Ed Wood,Human,Digsite,Ellis,Human,Al Kharid
730,2024,0.9855648,Checkal,Human,Barbarian Village,Ide,Human,
3304,3485,0.9855628,Rick,Human,Wizards' Tower 1 st floor [ UK ] 2 nd floor [ US ],Selim,Human,Al Kharid
1138,1915,0.9855568,Ed Wood,Human,Digsite,Head Servant,Human,? (edit)
2105,3611,0.9855542,Jaraah,Human,Emir's Arena,Silk trader,Human,Al Kharid
858,3573,0.9855536,Councillor Andrews,Human,Kourend Castle,Shop keeper,Human,Lumbridge
3211,3561,0.9855504,Ranael,Human,Al Kharid,Shop assistant,Human,Falador
1950,2978,0.98554885,Hewey,Human,Lumbridge Swamp,Palum,Human,Christmas Factory
3562,4344,0.9855448,Shop assistant,Human,Lumbridge,Worker,,Varlamore
243,1117,0.98553884,Audmann,Dwarf,Keldagrim,Dylan,Dwarf,Christmas Factory
1116,1117,0.98553884,Dwarven Miner,Dwarf,Keldagrim,Dylan,Dwarf,Christmas Factory
831,940,0.98553777,Conrad King,Human,Port Piscarilius,Darve,Human,Dorgesh-Kaan South Dungeon
925,976,0.9855356,Dampe,Human,Shade Catacombs entrance,Derse Venator,Human,Ferox Enclave
624,1874,0.98552656,Captain Ginea,Human,Shayzien Encampment,Hambling,Human,Rellekka Longhall Bar
1105,2275,0.9855083,Dwarf,Dwarf,"Lumbridge , Groats' Farm",Klank,Dwarf,Underground Pass
1004,4416,0.9855056,Dock worker,Human,Port Piscarilius,Zembo,Human,"Musa Point, Karamja"
716,1004,0.9855056,Charles,Human,Port Piscarilius,Dock worker,Human,Port Piscarilius
2737,2864,0.98550504,Mordan Nikazsi,Vampyre,South-east Darkmeyer,Noranna Tytanin,Vampyre,Daeyalt essence mine
1055,2864,0.98550504,Drasdan Ranor,Vampyre,South Darkmeyer,Noranna Tytanin,Vampyre,Daeyalt essence mine
2431,2784,0.9855037,Lofu,Monkey,Temple of Marimbo,Muruwoi,Monkey,Marim
1876,4350,0.9855009,Hamid,Human,Emir's Arena,Wounded soldier,Human,Infirmary
2233,2349,0.9855007,Kent,Human,"Unknown island, Witchaven",Layleen,Human,Tai Bwo Wannai
1763,4013,0.98549557,Gruva Patrull,Human,Jatizso Mine Entrance,Torfinn,Human,Rellekka
1780,4013,0.98549557,Guard,Human,Jatizso,Torfinn,Human,Rellekka
1781,4013,0.98549557,Guard,Human,Jatizso,Torfinn,Human,Rellekka
436,3066,0.9854938,Black Knight Captain,Human,Black Knights' Fortress,Piles,Human,Resource Area
436,2846,0.9854938,Black Knight Captain,Human,Black Knights' Fortress,Niles,Human,Anywhere random events can occur
1339,2295,0.9854938,Father Badden,Human,Ruins of Uzer,Kortan,Human,East Ardougne
1860,3585,0.98549366,Hairdresser,Human,Falador,Shopkeeper,,Civitas illa Fortis
2349,3559,0.9854902,Layleen,Human,Tai Bwo Wannai,Shop assistant,Human,Al Kharid
3417,3878,0.9854838,Saniboch,Human,Brimhaven Dungeon entrance,Tamayu,Human,Tai Bwo Wannai village
3417,3974,0.9854838,Saniboch,Human,Brimhaven Dungeon entrance,Tiadeche,Human,Tai Bwo Wannai village
318,4344,0.98548126,Banker,Human,Varrock,Worker,,Varlamore
132,2825,0.98547417,Anaire,Elf,Prifddinas,Nerdanel,Elf,Prifddinas
2248,2771,0.9854734,Khazard Soldier,Human,Ghorrock Dungeon,Mubariz,Human,Emir's Arena
3523,3969,0.98547006,Shayzien Infiltrator,Human,Lizardman Temple,Thrander,Human,Realm of Memories
537,2216,0.9854672,Brown Engine Secretary,Dwarf,Keldagrim,Karl,Dwarf,Keldagrim
3565,4268,0.98546684,Shop assistant,Human,Varrock,Wesley,Human,Nardah
2056,2082,0.98546267,Ingwe,Elf,Prifddinas,Iwan,Elf,Prifddinas
369,2890,0.98546255,Bartender,Human,Lumbridge,Obli,Human,Shilo Village
1118,3037,0.98546207,Eadgar,Human,Summit of Trollheim ( Trollheim Teleport ),Pete,Human,North of the Clock Tower
1844,3296,0.9854617,Gwerin Hapus,Elf,Gwenith,Rhyfel,Elf,Prifddinas
141,1260,0.98545986,Aneirin,Elf,Prifddinas,Erestor,Elf,Prifddinas
658,3604,0.9854567,Carol,Human,Sinclair Mansion,Signy,Human,Miscellania and Etceteria Dungeon
1763,4029,0.98544955,Gruva Patrull,Human,Jatizso Mine Entrance,Town Guard,Human,Rellekka
1780,4029,0.98544955,Guard,Human,Jatizso,Town Guard,Human,Rellekka
1781,4029,0.98544955,Guard,Human,Jatizso,Town Guard,Human,Rellekka
2592,3788,0.9854448,Martin Holt,Human,Kingstown,Squire,Human,Void Knights' Outpost
2666,3125,0.9854444,Miles,Human,Anywhere random events can occur,Priest,Human,East Ardougne
318,520,0.9854426,Banker,Human,Varrock,Briget,Human,Shayzien
1874,3428,0.9854292,Hambling,Human,Rellekka Longhall Bar,Sarah,Human,South Falador Farm
1581,3177,0.98542774,General Salara,Human,Shayzien,Quartermaster,Human,Tyras Camp
429,1581,0.98542774,Billy Rehnison,Human,West Ardougne,General Salara,Human,Shayzien
2781,3725,0.9854259,Murky Pat,Human,Lady Zay,Soldier,Human,Death Plateau (south)
362,2781,0.9854259,Bartender,Human,Port Sarim,Murky Pat,Human,Lady Zay
876,2781,0.9854259,Crafting tutor,Human,Lumbridge Castle,Murky Pat,Human,Lady Zay
1347,1978,0.9854232,Faustus,Human,Aldarin,Hooknosed Jack,Human,Varrock Rat Pits
167,2781,0.9854206,Apprentice workman,Human,Falador,Murky Pat,Human,Lady Zay
293,722,0.9854175,Banker,Werewolf,Canifis,Charlie,Human,The Grand Tree top floor
287,722,0.9854175,Banker,Human,Bank,Charlie,Human,The Grand Tree top floor
298,722,0.9854175,Banker,Human,Draynor Village,Charlie,Human,The Grand Tree top floor
317,722,0.9854175,Banker,Human,Tutorial Island,Charlie,Human,The Grand Tree top floor
722,1520,0.9854175,Charlie,Human,The Grand Tree top floor,Fry,Human,Rabbit Hole
1672,1673,0.9854137,Gnome soldier,Gnome,Battle of Atarisundri,Gnome trainer,Gnome,Tree Gnome Stronghold
1658,1672,0.9854137,Gnome,Gnome,Taverley,Gnome soldier,Gnome,Battle of Atarisundri
90,3980,0.98540604,Ali the Kebab seller,Human,Pollnivneach,Tiles,Human,Bandit Camp
1915,3563,0.98540276,Head Servant,Human,? (edit),Shop assistant,Human,Musa Point
1874,3928,0.98539937,Hambling,Human,Rellekka Longhall Bar,The 'Wedge',Human,Camelot
1715,1874,0.98539937,Grand Exchange Clerk,Human,Grand Exchange,Hambling,Human,Rellekka Longhall Bar
1874,2980,0.98539937,Hambling,Human,Rellekka Longhall Bar,Panning guide,Human,Digsite
1874,2578,0.98539937,Hambling,Human,Rellekka Longhall Bar,Mark,Human,Port Piscarilius
1874,3700,0.98539937,Hambling,Human,Rellekka Longhall Bar,Smithing apprentice,Human,Lumbridge
1874,3997,0.98539937,Hambling,Human,Rellekka Longhall Bar,Toby,Human,Varrock
1078,1874,0.98539937,Drunken soldier,Human,The Cloak and Stagger,Hambling,Human,Rellekka Longhall Bar
798,2492,0.98539525,Clerk,Human,Clan Hub,Luke,Human,Shipyard
294,3781,0.98539495,Banker,Human,Civitas illa Fortis,Squire,Human,Civitas illa Fortis
286,722,0.9853942,Bank guard,Human,Draynor Village,Charlie,Human,The Grand Tree top floor
716,2890,0.9853924,Charles,Human,Port Piscarilius,Obli,Human,Shilo Village
2890,4416,0.9853924,Obli,Human,Shilo Village,Zembo,Human,"Musa Point, Karamja"
1142,1334,0.98539144,Edward,Human,Around the Rogues' Castle,Farolt,Human,Giants' Den
810,3404,0.98539096,Cocktail seller,Gnome,"Al Kharid , Brimhaven , Catherby beach",Sam,Gnome,Christmas Factory
1662,3404,0.98539096,Gnome banker,Gnome,Gnome Stronghold,Sam,Gnome,Christmas Factory
1668,3404,0.98539096,Gnome emissary,Gnome,Keldagrim,Sam,Gnome,Christmas Factory
2865,3788,0.9853879,Norman,Human,Falador,Squire,Human,Void Knights' Outpost
1578,3788,0.9853879,General Hining,Human,Tyras Camp,Squire,Human,Void Knights' Outpost
941,3788,0.9853879,Daryl,Human,Shayzien,Squire,Human,Void Knights' Outpost
858,1581,0.98538506,Councillor Andrews,Human,Kourend Castle,General Salara,Human,Shayzien
350,3289,0.98538357,Bartender,Human,Blue Moon Inn,Retired sailor,Human,Ruins of Unkah
353,3289,0.9853835,Bartender,Human,Varrock,Retired sailor,Human,Ruins of Unkah
640,2485,0.9853829,Captain Rovin,Human,Varrock Palace,Lubufu,Human,Brimhaven
429,3573,0.98538256,Billy Rehnison,Human,West Ardougne,Shop keeper,Human,Lumbridge
3177,3573,0.98538256,Quartermaster,Human,Tyras Camp,Shop keeper,Human,Lumbridge
318,2378,0.9853779,Banker,Human,Varrock,Lenny,Human,North of Prifddinas
207,404,0.98537743,Arno,Human,Farming Guild,Benny,Human,Varrock Square
267,503,0.9853771,Baby Mole,Mole,Giant Mole,Bowley Moley,Mole,Rabbit Hole
1580,4025,0.9853754,General Kilian,Human,Shayzien,Tourist,,"Civitas illa Fortis , Aldarin"
150,4326,0.9853712,Anne Isaakson,Human,Neitiznot,Woman,Human,Blue Moon Inn
3568,3572,0.9853694,Shop keeper,Human,Al Kharid,Shop keeper,Human,Museum Camp
3266,3565,0.9853673,Regent,Human,Central island of The Node,Shop assistant,Human,Varrock
536,2216,0.9853606,Brown Engine Director,Dwarf,Keldagrim,Karl,Dwarf,Keldagrim
1178,3837,0.9853591,Eldgrim,Human,Rellekka Longhall Bar,Styrmir,Human,Rellekka Longhall Bar
432,1178,0.9853591,Bjorn,Human,Rellekka Longhall Bar,Eldgrim,Human,Rellekka Longhall Bar
2956,3837,0.9853591,Ospak,Human,Rellekka Longhall Bar,Styrmir,Human,Rellekka Longhall Bar
432,2956,0.98535883,Bjorn,Human,Rellekka Longhall Bar,Ospak,Human,Rellekka Longhall Bar
258,2223,0.9853581,Awusah the Mayor,Human,Nardah,Kazemde,Human,Nardah
1031,2248,0.9853554,Door Guard,Human,Fight Arena,Khazard Soldier,Human,Ghorrock Dungeon
839,3210,0.98535377,Cook,Human,Lumbridge Castle kitchen,Ramocean,Human,Hosidius
1206,2781,0.9853513,Ellis,Human,Al Kharid,Murky Pat,Human,Lady Zay
937,2575,0.9853498,Darren,Human,East of the Wilderness Agility Course,Marius,Human,Burgh de Rott
1695,1860,0.9853461,Godric,Human,Troll Stronghold prison,Hairdresser,Human,Falador
1227,1229,0.98534435,Emissary Chosen,Human,Twilight Temple,Emissary Herder,Human,Twilight Temple
3630,4334,0.98534167,Sir Kuam Ferentse,Human,Temple Knight Training Grounds,Woodsman tutor,Human,Lumbridge
1105,2216,0.98534036,Dwarf,Dwarf,"Lumbridge , Groats' Farm",Karl,Dwarf,Keldagrim
3735,4088,0.98533684,Solihib,Monkey,Marim,Tutab,Monkey,Ape Atoll
2318,3946,0.9853368,Lady Table,Human,Temple Knight Training Grounds,Theodore Paxton,Human,Red Rock
3050,3318,0.98532236,Phileas Rimor,Human,Shayzien,Robert O'Reilly,Human,Port Piscarilius
2339,2666,0.98531723,Larry,Human,Falador,Miles,Human,Anywhere random events can occur
690,4064,0.98531604,Cave monk,Human,Entrana,Trobert,Human,Brimhaven
1344,4064,0.98531604,Father Lawrence,Human,Varrock church,Trobert,Human,Brimhaven
529,4064,0.98531604,Brother Cedric,Human,East Ardougne,Trobert,Human,Brimhaven
2718,4064,0.98531604,Monk,Human,Lumbridge Swamp,Trobert,Human,Brimhaven
534,4064,0.9853159,Brother Omad,Human,Monastery south of Ardougne,Trobert,Human,Brimhaven
532,4064,0.9853159,Brother Kojo,Human,"The Clock Tower , south of Ardougne",Trobert,Human,Brimhaven
743,2069,0.98531306,Child,Human,All over West Ardougne,Ironman tutor,Human,Tutorial Island
900,3989,0.9853124,Curpile Fyod,Human,Mort Myre Swamp,Tindel Marchant,Human,Port Khazard
106,3561,0.98530686,Alrena,Human,East Ardougne,Shop assistant,Human,Falador
1025,3561,0.98530686,Donie,Human,In and around Lumbridge,Shop assistant,Human,Falador
2460,3561,0.98530686,Lorelai,Human,"Warriors' Guild , basement",Shop assistant,Human,Falador
1026,3561,0.98530686,Donie,Human,North-east of Lumbridge General Store,Shop assistant,Human,Falador
1642,3561,0.98530686,Gileth,Human,Tree Gnome Village,Shop assistant,Human,Falador
1874,3177,0.98530114,Hambling,Human,Rellekka Longhall Bar,Quartermaster,Human,Tyras Camp
429,1874,0.98530114,Billy Rehnison,Human,West Ardougne,Hambling,Human,Rellekka Longhall Bar
2971,3049,0.98529875,Oziach,Human,North-west Edgeville,Phials,Human,Rimmington
2973,3049,0.98529875,Oziach,Human,Blue Moon Inn,Phials,Human,Rimmington
1094,2856,0.9852913,Duke Horacio,Human,Lumbridge Castle ground floor [ UK ] 1 st floor [ US ],Noah,Human,Varrock Square
1093,2856,0.9852913,Duke Horacio,Human,Lumbridge Castle,Noah,Human,Varrock Square
837,4361,0.9852895,Cook,Human,Blue Moon Inn,Xi_plzPetDogz_xiX,Human,South of Edgeville Monastery
928,2148,0.9852864,Dantaera,Human,Catherby,Jofridr Mordstatter,Human,Neitiznot
928,1223,0.9852864,Dantaera,Human,Catherby,Emily,Human,Falador
1301,2642,0.985285,Fadli,Human,Emir's Arena,Mercenary,Human,Ferox Enclave
2485,3989,0.98527515,Lubufu,Human,Brimhaven,Tindel Marchant,Human,Port Khazard
137,4436,0.9852713,Andiess Juip,Human,Meiyerditch,Zul-Areth,Human,Zul-Andra
1576,3289,0.9852674,General Babacus,Human,Shayzien,Retired sailor,Human,Ruins of Unkah
1855,3289,0.9852674,Hadley,Human,Tourist Information Centre,Retired sailor,Human,Ruins of Unkah
1566,3289,0.9852674,Gee,Human,Lumbridge,Retired sailor,Human,Ruins of Unkah
450,4036,0.9852674,Blast Furnace Foreman,Dwarf,Keldagrim,Trader,Dwarf,Trade Octagon
1705,3289,0.9852674,Gordon,Human,Farm south of Farming Guild,Retired sailor,Human,Ruins of Unkah
1885,2781,0.98526627,Hans,Human,Lumbridge,Murky Pat,Human,Lady Zay
1324,2781,0.98526627,Farmer,Human,Groats' farm,Murky Pat,Human,Lady Zay
70,354,0.9852623,Alan,Human,Tal Teok,Bartender,Human,Varrock
80,2268,0.9852623,Alfonse the waiter,Human,Brimhaven,King's Messenger,Human,Anywhere
70,80,0.9852623,Alan,Human,Tal Teok,Alfonse the waiter,Human,Brimhaven
354,2268,0.9852623,Bartender,Human,Varrock,King's Messenger,Human,Anywhere
1235,1349,0.98526055,Enel,Elf,Prifddinas,Feanor,Elf,Prifddinas
534,3573,0.9852593,Brother Omad,Human,Monastery south of Ardougne,Shop keeper,Human,Lumbridge
532,3573,0.9852593,Brother Kojo,Human,"The Clock Tower , south of Ardougne",Shop keeper,Human,Lumbridge
529,3573,0.9852593,Brother Cedric,Human,East Ardougne,Shop keeper,Human,Lumbridge
2718,3573,0.9852593,Monk,Human,Lumbridge Swamp,Shop keeper,Human,Lumbridge
690,3573,0.9852593,Cave monk,Human,Entrana,Shop keeper,Human,Lumbridge
1344,3573,0.9852593,Father Lawrence,Human,Varrock church,Shop keeper,Human,Lumbridge
1709,2073,0.9852582,Gossip,Human,Sinclair Mansion,Ishmael,Human,Ruins of Unkah
312,4200,0.9852537,Banker,Human,Shayzien,Vigroy,Human,Shilo Village
520,2126,0.9852532,Briget,Human,Shayzien,Jess,Human,East Ardougne
520,2230,0.9852532,Briget,Human,Shayzien,Kendall,Human,Great Kourend
340,520,0.9852532,Barmaid,Human,Falador,Briget,Human,Shayzien
1659,2497,0.98525316,Gnome,Gnome,Mourner HQ Prison in West Ardougne,Lumdo,Gnome,"Ape Atoll , Crash Island"
1874,4025,0.98525,Hambling,Human,Rellekka Longhall Bar,Tourist,,"Civitas illa Fortis , Aldarin"
361,2118,0.9852487,Bartender,Human,? (edit),Jeff,Human,Varrock
403,4301,0.9852483,Benjamin,Human,East of Burgh de Rott,Wiskit,Human,Aurel 's general store
2716,3897,0.98524404,Monk,Human,Entrana,Tau,Human,Falador
531,3897,0.98524404,Brother Jered,Human,Edgeville Monastery,Tau,Human,Falador
842,3523,0.9852419,Cooky Weasel,Human,Rabbit Hole,Shayzien Infiltrator,Human,Lizardman Temple
858,1874,0.9852401,Councillor Andrews,Human,Kourend Castle,Hambling,Human,Rellekka Longhall Bar
356,831,0.98523986,Bartender,Human,Yanille,Conrad King,Human,Port Piscarilius
1771,3874,0.9852381,Guard,Human,Varrock,Tabbitha,Human,Blue Moon Inn
1488,4054,0.98523307,Fred the Farmer,Human,Fred's farm,Travelling merchant,Human,Al Kharid
2448,3783,0.9852316,Lord Crombwick,Human,Crombwick Manor,Squire (Intermediate),Human,Void Knight Outpost boat
1860,3572,0.985229,Hairdresser,Human,Falador,Shop keeper,Human,Museum Camp
640,4349,0.9852288,Captain Rovin,Human,Varrock Palace,Worried Baker,Human,Varrock
1502,4402,0.98522645,Frincos,Human,Entrana,Zamorakian Acolyte,Human,Ferox Enclave
775,2971,0.98522496,Chuck,Human,Realm of Memories,Oziach,Human,North-west Edgeville
775,2973,0.98522496,Chuck,Human,Realm of Memories,Oziach,Human,Blue Moon Inn
52,2107,0.9852245,Agmundi,Dwarf,Keldagrim,Jari,Dwarf,Miscellania and Etceteria Dungeon
517,2485,0.9852197,Brian,Human,Port Sarim,Lubufu,Human,Brimhaven
737,2594,0.9852149,Cheryl,Human,Port Piscarilius,Martin Thwait,Human,Rogues' Den
2594,3040,0.9852149,Martin Thwait,Human,Rogues' Den,Petra Fiyed,Human,Goblin Cave
2310,2594,0.9852149,Lacey,Human,Mansion in a faraway island.,Martin Thwait,Human,Rogues' Den
1580,2553,0.98521394,General Kilian,Human,Shayzien,Man,Human,Hosidius vinery
1580,2552,0.98521394,General Kilian,Human,Shayzien,Man,Human,Catacombs of Kourend
652,2497,0.98521316,Carado,Gnome,Ape Atoll,Lumdo,Gnome,"Ape Atoll , Crash Island"
1183,3784,0.98521125,Elena Hosidius,Human,Hosidius,Squire (Novice),Human,Void Knights' Outpost boat
369,831,0.9852053,Bartender,Human,Lumbridge,Conrad King,Human,Port Piscarilius
294,3568,0.98519087,Banker,Human,Civitas illa Fortis,Shop keeper,Human,Al Kharid
2972,3556,0.9851905,Oziach,Human,South of the Edgeville Monastery,Shipyard worker,,Ship Yard
294,315,0.98518205,Banker,Human,Civitas illa Fortis,Banker,Human,Tal Teklan
106,3560,0.98518044,Alrena,Human,East Ardougne,Shop assistant,Human,Edgeville
1025,3560,0.98518044,Donie,Human,In and around Lumbridge,Shop assistant,Human,Edgeville
2460,3560,0.98518044,Lorelai,Human,"Warriors' Guild , basement",Shop assistant,Human,Edgeville
1026,3560,0.98518044,Donie,Human,North-east of Lumbridge General Store,Shop assistant,Human,Edgeville
1642,3560,0.9851804,Gileth,Human,Tree Gnome Village,Shop assistant,Human,Edgeville
2560,3785,0.98517996,Mandy,Human,Mansion in a faraway island.,Squire (Veteran),Human,Void Knight Outpost boat
362,3321,0.985178,Bartender,Human,Port Sarim,Robyn,Human,Shayzien
3321,3725,0.985178,Robyn,Human,Shayzien,Soldier,Human,Death Plateau (south)
876,3321,0.985178,Crafting tutor,Human,Lumbridge Castle,Robyn,Human,Shayzien
1709,2829,0.98517525,Gossip,Human,Sinclair Mansion,New Recruit Tony,Human,Graveyard of Heroes
369,1255,0.9851748,Bartender,Human,Lumbridge,epic mager34,Human,Lumbridge watermill
3299,3573,0.9851663,Richard,Human,Hosidius,Shop keeper,Human,Lumbridge
1946,3197,0.9851656,Heskel,Human,Falador Park,Rachael,Human,Burthorpe Games Room
1997,2923,0.98516405,Hugh,Human,Salvager Overlook,Old Man Yarlo,Human,Varrock
798,2111,0.98516387,Clerk,Human,Clan Hub,Jasper,Human,Salvager Overlook
531,4392,0.98516375,Brother Jered,Human,Edgeville Monastery,Yrsa,Human,Rellekka
2716,4392,0.98516375,Monk,Human,Entrana,Yrsa,Human,Rellekka
1709,2575,0.9851637,Gossip,Human,Sinclair Mansion,Marius,Human,Burgh de Rott
1559,3565,0.9851613,Gary,Human,Varrock,Shop assistant,Human,Varrock
370,468,0.9851569,Bartender,Human,The Warrens,Boar31337Killer,Human,Southern Island of The Node
370,2674,0.9851569,Bartender,Human,The Warrens,Mine cart driver,Human,Desert Mining Camp
370,935,0.9851569,Bartender,Human,The Warrens,Darkmeyer Slave,Human,Hallowed Sepulchre
370,1444,0.9851569,Bartender,Human,The Warrens,Flax keeper,Human,Seers' Village Flax Fields
370,1038,0.9851569,Bartender,Human,The Warrens,Doug Deeping,Human,Down the north-eastern borehole of the Digsite
370,1886,0.9851569,Bartender,Human,The Warrens,Hans,Human,Al Kharid
370,3141,0.9851569,Bartender,Human,The Warrens,Prisoner,Human,North Darkmeyer
1581,2272,0.9851559,General Salara,Human,Shayzien,Kiyahtla,Human,Tlati Rainforest
2163,2202,0.9851507,Jorzik,Dwarf,Keldagrim,Kamen,Dwarf,Underground Pass
2202,3955,0.9851507,Kamen,Dwarf,Underground Pass,Thirus,Dwarf ( Imcando-descendant ),Lovakengj
2202,2249,0.9851507,Kamen,Dwarf,Underground Pass,"Khorvak, a dwarven engineer",Dwarf,Under White Wolf Mountain
1874,2068,0.9851498,Hambling,Human,Rellekka Longhall Bar,Ironman tutor,Human,Lumbridge
2111,3359,0.98514867,Jasper,Human,Salvager Overlook,Rufus,Human,Civitas illa Fortis
1985,2435,0.9851465,Hordal,Dwarf ( Imcando-descendant ),Kingstown,Loinur,Dwarf ( Imcando-descendant ),Arceuus
1018,2592,0.985144,Dominic Onion,Human,"Nightmare Zone , north of Yanille",Martin Holt,Human,Kingstown
300,3784,0.9851401,Banker,Human,Farming Guild,Squire (Novice),Human,Void Knights' Outpost boat
435,2675,0.98513865,Black Guard,Dwarf,Keldagrim,Mine supervisor,Dwarf ( Imcando-descendant ),"Lovakite mine , Great Kourend"
406,1576,0.9851346,Bernald,Human,Burthorpe,General Babacus,Human,Shayzien
406,1855,0.9851346,Bernald,Human,Burthorpe,Hadley,Human,Tourist Information Centre
406,1566,0.9851346,Bernald,Human,Burthorpe,Gee,Human,Lumbridge
406,1705,0.9851346,Bernald,Human,Burthorpe,Gordon,Human,Farm south of Farming Guild
233,3833,0.9851314,Assistant Serf,Human,Varrock,Student,Human,Digsite
3499,4441,0.9851278,Sergius,Human,Twilight Temple,Zuma,Human,Outside Cam Torum . Upstairs in The Teomat (post quest)
356,1255,0.98512745,Bartender,Human,Yanille,epic mager34,Human,Lumbridge watermill
1885,3321,0.9851255,Hans,Human,Lumbridge,Robyn,Human,Shayzien
1324,3321,0.9851255,Farmer,Human,Groats' farm,Robyn,Human,Shayzien
470,2551,0.98512524,Bob,Human,Lumbridge,Man,Werewolf,Canifis
471,2551,0.98512524,Bob,Human,Lumbridge,Man,Werewolf,Canifis
1183,2573,0.9851248,Elena Hosidius,Human,Hosidius,Marisi,Human,Hosidius
904,2051,0.98511994,Customer,Human,Keldagrim Library,Information clerk,Human,Varrock Museum
2051,2222,0.98511994,Information clerk,Human,Varrock Museum,Kaylee,Human,Falador
2051,2591,0.98511994,Information clerk,Human,Varrock Museum,Martha Rehnison,Human,West Ardougne
2051,2316,0.98511994,Information clerk,Human,Varrock Museum,Lady Servil,Human,Fight Arena
2051,3786,0.98511994,Information clerk,Human,Varrock Museum,Squire,Human,Void Knight Outpost
2051,3987,0.98511994,Information clerk,Human,Varrock Museum,Tina,Human,Falador
2051,3522,0.98511994,Information clerk,Human,Varrock Museum,Shayda,Human,Shayzien
1874,2111,0.985117,Hambling,Human,Rellekka Longhall Bar,Jasper,Human,Salvager Overlook
2068,3038,0.9851161,Ironman tutor,Human,Lumbridge,Peter,Human,Fossil Island
288,3568,0.98510957,Banker,Human,Al Kharid,Shop keeper,Human,Al Kharid
743,3826,0.9851074,Child,Human,All over West Ardougne,Street urchin,Human,Pollnivneach
1487,4054,0.9851062,Fred the Farmer,Human,Lumbridge,Travelling merchant,Human,Al Kharid
919,4054,0.9851062,Dale,Human,Hosidius,Travelling merchant,Human,Al Kharid
386,830,0.98510134,Bedread the bold,Human,Pirates' Cove,Concerned man,Human,Varrock
294,3571,0.98509955,Banker,Human,Civitas illa Fortis,Shop keeper,Human,Falador
290,294,0.9850973,Banker,Human,Auburnvale,Banker,Human,Civitas illa Fortis
229,2631,0.9850946,Assistant Brock,Human,Crafting Guild,Meiyerditch citizen,Human,Meiyerditch
2221,3544,0.9850932,Kauayotl,Human,Tal Teklan,Shipwright Sennia,Human,Civitas illa Fortis
857,4349,0.9850913,Council workman,Human,Bridge leading to Rellekka,Worried Baker,Human,Varrock
2666,3639,0.98509,Miles,Human,Anywhere random events can occur,Sir Rebral,Human,Falador
2608,3870,0.98508334,Master smithing tutor,Human,Varrock,Swensen the Navigator,Human,Rellekka
628,838,0.98507774,Captain Khaled,Human,Port Piscarilius,Cook,Human,Jolly Boar Inn
517,2526,0.9850776,Brian,Human,Port Sarim,Mage of Zamorak,Human,Ourania Cave
2829,3788,0.98507655,New Recruit Tony,Human,Graveyard of Heroes,Squire,Human,Void Knights' Outpost
1138,3321,0.9850752,Ed Wood,Human,Digsite,Robyn,Human,Shayzien
2620,4064,0.9850703,Mazion,Human,Entrana sandpit,Trobert,Human,Brimhaven
318,3573,0.9850638,Banker,Human,Varrock,Shop keeper,Human,Lumbridge
624,3826,0.98505986,Captain Ginea,Human,Shayzien Encampment,Street urchin,Human,Pollnivneach
1952,3049,0.9850529,Hieve,Human,Brimhaven Dungeon,Phials,Human,Rimmington
1567,2878,0.9850513,Gelin,Human,Lumbridge graveyard,Nurse Sarah,Human,West Ardougne
300,2573,0.98504996,Banker,Human,Farming Guild,Marisi,Human,Hosidius
4097,4100,0.98504627,TzHaar-Hur-Koz,TzHaar,,TzHaar-Hur-Tel,TzHaar,Mor Ul Rek
4097,4101,0.98504627,TzHaar-Hur-Koz,TzHaar,,TzHaar-Hur-Zal,TzHaar,Mor Ul Rek
588,2390,0.9850447,Calin,Human,Burgh de Rott,Liam,Human,East of Burgh de Rott
2390,2506,0.9850447,Liam,Human,East of Burgh de Rott,Luscion,Human,Burgh de Rott
2390,4175,0.9850447,Liam,Human,East of Burgh de Rott,Vasile,Human,Burgh de Rott
1978,4402,0.9850446,Hooknosed Jack,Human,Varrock Rat Pits,Zamorakian Acolyte,Human,Ferox Enclave
2575,3514,0.98504305,Marius,Human,Burgh de Rott,Shantay,Human,Shantay Pass
1545,3478,0.9850402,Garai,Human,Nardah,Seddu,Human,Nardah
528,1253,0.98503804,Brother Brace,Human,Tutorial Island,Eohric,Human,Burthorpe castle
65,97,0.98503596,Al Shabim,Human,Bedabin Camp,Ali the Tailor,Human,Al Kharid
2296,2562,0.9850285,Koschei the Deathless,Human,? (edit),Manni the Reveller,Human,Rellekka Longhall Bar
91,745,0.98502034,Ali the Leaflet Dropper,Human,North of the Al Kharid mine,Child,Human,South-west of Falador
1874,2552,0.9850174,Hambling,Human,Rellekka Longhall Bar,Man,Human,Catacombs of Kourend
1874,2553,0.9850174,Hambling,Human,Rellekka Longhall Bar,Man,Human,Hosidius vinery
3141,3321,0.98501503,Prisoner,Human,North Darkmeyer,Robyn,Human,Shayzien
2674,3321,0.98501503,Mine cart driver,Human,Desert Mining Camp,Robyn,Human,Shayzien
1444,3321,0.98501503,Flax keeper,Human,Seers' Village Flax Fields,Robyn,Human,Shayzien
935,3321,0.98501503,Darkmeyer Slave,Human,Hallowed Sepulchre,Robyn,Human,Shayzien
468,3321,0.98501503,Boar31337Killer,Human,Southern Island of The Node,Robyn,Human,Shayzien
1886,3321,0.98501503,Hans,Human,Al Kharid,Robyn,Human,Shayzien
1038,3321,0.98501503,Doug Deeping,Human,Down the north-eastern borehole of the Digsite,Robyn,Human,Shayzien
494,4235,0.9850143,Bork Sigmundson,Human,Ice Troll Caves,Wally,Human,Varrock
842,3568,0.9850074,Cooky Weasel,Human,Rabbit Hole,Shop keeper,Human,Al Kharid
91,3826,0.98500466,Ali the Leaflet Dropper,Human,North of the Al Kharid mine,Street urchin,Human,Pollnivneach
2666,2971,0.9850041,Miles,Human,Anywhere random events can occur,Oziach,Human,North-west Edgeville
2666,2973,0.9850037,Miles,Human,Anywhere random events can occur,Oziach,Human,Blue Moon Inn
1672,4249,0.98499924,Gnome soldier,Gnome,Battle of Atarisundri,Waymottin,Gnome,Ape Atoll Dungeon
554,1672,0.98499924,Bunkwicket,Gnome,Ape Atoll Dungeon,Gnome soldier,Gnome,Battle of Atarisundri
556,1767,0.9849957,Bunny Man,Human,2019 Easter event,Guard,Rabbit,Eastern Bunbridge
1018,3339,0.98499554,Dominic Onion,Human,"Nightmare Zone , north of Yanille",Rommik,Human,Blue Moon Inn
3947,4326,0.9849899,Thessalia,Human,Varrock,Woman,Human,Blue Moon Inn
4013,4029,0.98498756,Torfinn,Human,Rellekka,Town Guard,Human,Rellekka
1116,2216,0.984985,Dwarven Miner,Dwarf,Keldagrim,Karl,Dwarf,Keldagrim
243,2216,0.984985,Audmann,Dwarf,Keldagrim,Karl,Dwarf,Keldagrim
1216,2825,0.984984,Elven Scout,Elf,Isafdar,Nerdanel,Elf,Prifddinas
429,1580,0.98498297,Billy Rehnison,Human,West Ardougne,General Kilian,Human,Shayzien
1580,3177,0.98498297,General Kilian,Human,Shayzien,Quartermaster,Human,Tyras Camp
342,1300,0.984982,Barman,Dwarf,West Keldagrim,Factory Worker,Dwarf,Blast Furnace
1526,2665,0.9849771,Fur trader,Human,Rellekka marketplace,Mikey,Human,South-east of Barbarian Village
3410,3417,0.9849771,Sandicrahb,Human,Hosidius,Saniboch,Human,Brimhaven Dungeon entrance
1738,2665,0.9849771,Greengrocer,Human,Miscellania Market,Mikey,Human,South-east of Barbarian Village
858,1580,0.98497164,Councillor Andrews,Human,Kourend Castle,General Kilian,Human,Shayzien
491,2249,0.9849703,Boot,Dwarf,Dwarven Mines,"Khorvak, a dwarven engineer",Dwarf,Under White Wolf Mountain
491,2163,0.9849703,Boot,Dwarf,Dwarven Mines,Jorzik,Dwarf,Keldagrim
491,3955,0.9849703,Boot,Dwarf,Dwarven Mines,Thirus,Dwarf ( Imcando-descendant ),Lovakengj
3969,4119,0.9849702,Thrander,Human,Realm of Memories,Ulina,Human,Christmas Factory
532,3407,0.9849659,Brother Kojo,Human,"The Clock Tower , south of Ardougne",Sammy Servil,Human,Fight Arena prison
690,3407,0.9849659,Cave monk,Human,Entrana,Sammy Servil,Human,Fight Arena prison
532,1996,0.9849659,Brother Kojo,Human,"The Clock Tower , south of Ardougne",Hudon,Human,Baxtorian Falls
1996,2718,0.9849659,Hudon,Human,Baxtorian Falls,Monk,Human,Lumbridge Swamp
2718,3407,0.9849659,Monk,Human,Lumbridge Swamp,Sammy Servil,Human,Fight Arena prison
690,1996,0.9849659,Cave monk,Human,Entrana,Hudon,Human,Baxtorian Falls
529,3407,0.9849659,Brother Cedric,Human,East Ardougne,Sammy Servil,Human,Fight Arena prison
1344,1996,0.9849659,Father Lawrence,Human,Varrock church,Hudon,Human,Baxtorian Falls
529,1996,0.9849659,Brother Cedric,Human,East Ardougne,Hudon,Human,Baxtorian Falls
1344,3407,0.9849659,Father Lawrence,Human,Varrock church,Sammy Servil,Human,Fight Arena prison
534,1996,0.9849659,Brother Omad,Human,Monastery south of Ardougne,Hudon,Human,Baxtorian Falls
534,3407,0.9849659,Brother Omad,Human,Monastery south of Ardougne,Sammy Servil,Human,Fight Arena prison
858,3636,0.98496175,Councillor Andrews,Human,Kourend Castle,Sir Percival,Human,Fisher Realm
948,1988,0.98495704,David,Human,Sinclair Mansion,Horvik,Human,"Varrock , East Anvils"
1477,2960,0.9849566,Francis,Human,Entrana,Oswald,Human,Shayzien
386,2068,0.9849552,Bedread the bold,Human,Pirates' Cove,Ironman tutor,Human,Lumbridge
3429,4392,0.9849535,Sarah,Human,South Falador Farm,Yrsa,Human,Rellekka
3107,3639,0.98495257,Port worker,Human,Port Piscarilius,Sir Rebral,Human,Falador
3321,3882,0.9849502,Robyn,Human,Shayzien,Tanner,Human,Crafting Guild
1874,3571,0.98493946,Hambling,Human,Rellekka Longhall Bar,Shop keeper,Human,Falador
2781,3882,0.9849386,Murky Pat,Human,Lady Zay,Tanner,Human,Crafting Guild
775,2339,0.9849373,Chuck,Human,Realm of Memories,Larry,Human,Falador
354,2339,0.98493725,Bartender,Human,Varrock,Larry,Human,Falador
80,2339,0.98493725,Alfonse the waiter,Human,Brimhaven,Larry,Human,Falador
3565,4119,0.98493534,Shop assistant,Human,Varrock,Ulina,Human,Christmas Factory
658,735,0.9849318,Carol,Human,Sinclair Mansion,Chef Olivia,Human,Hosidius
1339,4121,0.98493075,Father Badden,Human,Ruins of Uzer,Ulsquire Shauncy,Human,Mort'ton
405,2216,0.9849285,Bentamir,Dwarf,Keldagrim,Karl,Dwarf,Keldagrim
517,4349,0.9849254,Brian,Human,Port Sarim,Worried Baker,Human,Varrock
2082,3014,0.98492455,Iwan,Elf,Prifddinas,Pennant,Elf,Prifddinas
989,1580,0.9849157,Diana,Human,Myths' Guild,General Kilian,Human,Shayzien
1031,2503,0.984915,Door Guard,Human,Fight Arena,Lundail,Human,Mage Arena bank
1110,1300,0.98491484,Dwarf,Dwarf,Motherlode Mine,Factory Worker,Dwarf,Blast Furnace
2069,4119,0.9849142,Ironman tutor,Human,Tutorial Island,Ulina,Human,Christmas Factory
3989,4349,0.98491406,Tindel Marchant,Human,Port Khazard,Worried Baker,Human,Varrock
517,1502,0.98491013,Brian,Human,Port Sarim,Frincos,Human,Entrana
989,2378,0.98490834,Diana,Human,Myths' Guild,Lenny,Human,North of Prifddinas
565,3263,0.98489887,Butler Jarvis,Human,Hosidius,Ref,Human,Warriors' Guild
2666,2742,0.9848984,Miles,Human,Anywhere random events can occur,Morris,Human,Hemenster
2565,3499,0.9848964,Marcus,Human,Auburnvale,Sergius,Human,Twilight Temple
596,4334,0.98489624,Candle maker,Human,Catherby,Woodsman tutor,Human,Lumbridge
1988,3402,0.9848947,Horvik,Human,"Varrock , East Anvils",Sam,Human,Arceuus Library
1447,2323,0.9848906,Flippa,Troll,Pinball random event,Lalli,Troll,Golden Apple Tree
2323,3981,0.9848906,Lalli,Troll,Golden Apple Tree,Tilt,Troll,Pinball random event
2581,3980,0.98488855,Market seller,Human,Pollnivneach,Tiles,Human,Bandit Camp
640,4200,0.98488784,Captain Rovin,Human,Varrock Palace,Vigroy,Human,Shilo Village
2712,2996,0.9848845,Molly,Human,Evil twin,Patty Seer,Human,Lumbridge Castle kitchen
1025,3559,0.98488325,Donie,Human,In and around Lumbridge,Shop assistant,Human,Al Kharid
2460,3559,0.98488325,Lorelai,Human,"Warriors' Guild , basement",Shop assistant,Human,Al Kharid
1026,3559,0.98488325,Donie,Human,North-east of Lumbridge General Store,Shop assistant,Human,Al Kharid
106,3559,0.98488325,Alrena,Human,East Ardougne,Shop assistant,Human,Al Kharid
1642,3559,0.9848831,Gileth,Human,Tree Gnome Village,Shop assistant,Human,Al Kharid
1262,4246,0.98488283,Eric,Human,Rimmington church,Watson,Human,Hosidius
1915,2449,0.98487455,Head Servant,Human,? (edit),Lord Daquarius,Human,Taverley Dungeon
2620,3407,0.9848717,Mazion,Human,Entrana sandpit,Sammy Servil,Human,Fight Arena prison
1996,2620,0.9848717,Hudon,Human,Baxtorian Falls,Mazion,Human,Entrana sandpit
1950,2781,0.9848715,Hewey,Human,Lumbridge Swamp,Murky Pat,Human,Lady Zay
3391,3691,0.9848664,Sailor,Human,Red Rock,Sloane,Human,Warriors' Guild
429,3636,0.9848645,Billy Rehnison,Human,West Ardougne,Sir Percival,Human,Fisher Realm
3177,3636,0.9848645,Quartermaster,Human,Tyras Camp,Sir Percival,Human,Fisher Realm
103,2594,0.98486197,Almera,Human,Baxtorian Falls,Martin Thwait,Human,Rogues' Den
3181,4235,0.98484457,Quest Guide,Human,Tutorial Island,Wally,Human,Varrock
1971,2069,0.9848422,Holly,Human,North of Port Sarim,Ironman tutor,Human,Tutorial Island
2295,2339,0.9848411,Kortan,Human,East Ardougne,Larry,Human,Falador
2552,3051,0.98483855,Man,Human,Catacombs of Kourend,Philipe Carnillean,Human,East Ardougne
2553,3051,0.98483855,Man,Human,Hosidius vinery,Philipe Carnillean,Human,East Ardougne
3566,4354,0.98483753,Shop assistant,Human,Varrock,Wydin,Human,Port Sarim
3566,4355,0.98483753,Shop assistant,Human,Varrock,Wydin,Human,
714,1206,0.9848337,Chancy,Human,Rimmington,Ellis,Human,Al Kharid
2594,3899,0.9848298,Martin Thwait,Human,Rogues' Den,Taylor,Human,Farming Guild
358,2594,0.9848298,Bartender,Human,Seers' Village,Martin Thwait,Human,Rogues' Den
1078,4064,0.984825,Drunken soldier,Human,The Cloak and Stagger,Trobert,Human,Brimhaven
3700,4064,0.984825,Smithing apprentice,Human,Lumbridge,Trobert,Human,Brimhaven
2578,4064,0.984825,Mark,Human,Port Piscarilius,Trobert,Human,Brimhaven
1715,4064,0.984825,Grand Exchange Clerk,Human,Grand Exchange,Trobert,Human,Brimhaven
3928,4064,0.98482496,The 'Wedge',Human,Camelot,Trobert,Human,Brimhaven
3997,4064,0.98482496,Toby,Human,Varrock,Trobert,Human,Brimhaven
2980,4064,0.98482496,Panning guide,Human,Digsite,Trobert,Human,Brimhaven
1262,1271,0.98481786,Eric,Human,Rimmington church,Estate agent,Human,South of the Edgeville Monastery
2970,3311,0.98481214,Oxi,Dwarf,Keldagrim Rat Pits,Rind the gardener,Dwarf,Keldagrim Palace Gardens
714,4334,0.98480356,Chancy,Human,Rimmington,Woodsman tutor,Human,Lumbridge
56,3946,0.98480207,Aisles,Human,Tai Bwo Wannai,Theodore Paxton,Human,Red Rock
1112,2901,0.9848013,Dwarven Boatman,Dwarf,Keldagrim,Odmar,Dwarf,Keldagrim
128,700,0.98480076,Amrod,Elf,Prifddinas,Celyn,Elf,Prifddinas
369,3487,0.984799,Bartender,Human,Lumbridge,Seravel,Human,Shilo Village
2544,3923,0.98479635,Male slave,Human,Desert Mining Camp,Terry Balando,Human,Exam Centre
1268,3923,0.98479635,Escaping slave,Human,Desert Mining Camp,Terry Balando,Human,Exam Centre
3616,3923,0.98479635,Simon,Human,Chaos Temple (Wilderness),Terry Balando,Human,Exam Centre
357,3923,0.98479635,Bartender,Human,East Ardougne,Terry Balando,Human,Exam Centre
3923,4285,0.9847963,Terry Balando,Human,Exam Centre,William,Human,Red Dragon Isle
660,1183,0.98479164,Caroline,Human,Witchaven,Elena Hosidius,Human,Hosidius
842,1996,0.98479134,Cooky Weasel,Human,Rabbit Hole,Hudon,Human,Baxtorian Falls
842,3407,0.98479134,Cooky Weasel,Human,Rabbit Hole,Sammy Servil,Human,Fight Arena prison
2660,3197,0.98478943,Mia,Human,Shayzien,Rachael,Human,Burthorpe Games Room
1781,3927,0.9847884,Guard,Human,Jatizso,Thakkrad Sigmundson,Human,Neitiznot
1780,3927,0.9847884,Guard,Human,Jatizso,Thakkrad Sigmundson,Human,Neitiznot
1763,3927,0.9847884,Gruva Patrull,Human,Jatizso Mine Entrance,Thakkrad Sigmundson,Human,Neitiznot
2069,2378,0.98478746,Ironman tutor,Human,Tutorial Island,Lenny,Human,North of Prifddinas
369,3066,0.9847864,Bartender,Human,Lumbridge,Piles,Human,Resource Area
369,2846,0.9847864,Bartender,Human,Lumbridge,Niles,Human,Anywhere random events can occur
1168,1176,0.9847814,Elder Katt,Tortugan,The Sacred Grove,Elder Strom,Tortugan,The Summer Shore
286,4064,0.9847807,Bank guard,Human,Draynor Village,Trobert,Human,Brimhaven
3299,3568,0.9847803,Richard,Human,Hosidius,Shop keeper,Human,Al Kharid
3503,3568,0.9847785,Seth,Human,Brimhaven,Shop keeper,Human,Al Kharid
2202,2275,0.98477817,Kamen,Dwarf,Underground Pass,Klank,Dwarf,Underground Pass
302,3571,0.9847695,Banker,Human,Hosidius,Shop keeper,Human,Falador
2073,2829,0.9847668,Ishmael,Human,Ruins of Unkah,New Recruit Tony,Human,Graveyard of Heroes
2526,4402,0.9847611,Mage of Zamorak,Human,Ourania Cave,Zamorakian Acolyte,Human,Ferox Enclave
2978,3564,0.98475647,Palum,Human,Christmas Factory,Shop assistant,Human,Rimmington
2146,2978,0.98475647,Joe,Human,Draynor Village jail,Palum,Human,Christmas Factory
475,830,0.9847526,Bob,Human,Sinclair Mansion,Concerned man,Human,Varrock
1300,4146,0.9847512,Factory Worker,Dwarf,Blast Furnace,Utrec,Dwarf,Mining Guild
517,4200,0.9847492,Brian,Human,Port Sarim,Vigroy,Human,Shilo Village
356,369,0.9847474,Bartender,Human,Yanille,Bartender,Human,Lumbridge
1000,1223,0.98474395,Disappointed mother,Human,Varrock,Emily,Human,Falador
1000,2148,0.98474395,Disappointed mother,Human,Varrock,Jofridr Mordstatter,Human,Neitiznot
406,3595,0.9847438,Bernald,Human,Burthorpe,Siegfried Erkle,Human,2 nd floor [ UK ] 3 rd floor [ US ] of Legends' Guild (west side)
406,1525,0.9847438,Bernald,Human,Burthorpe,Fur trader,Human,East Ardougne
406,1592,0.9847438,Bernald,Human,Burthorpe,Gerald,Human,South of Baxtorian Falls
406,1966,0.9847438,Bernald,Human,Burthorpe,Hiylik Myna,Human,Paterdomus
406,3906,0.9847438,Bernald,Human,Burthorpe,Ted Rehnison,Human,West Ardougne
1784,3965,0.9847412,Guard,Human,Miscellania market,Thorodin,Human,Rellekka
1776,3968,0.9847412,Guard,Human,Southern Etceteria,Thorvald the Warrior,Human,Rellekka
1783,3968,0.9847412,Guard,Human,Miscellania Castle,Thorvald the Warrior,Human,Rellekka
1776,3965,0.9847412,Guard,Human,Southern Etceteria,Thorodin,Human,Rellekka
1783,3965,0.9847412,Guard,Human,Miscellania Castle,Thorodin,Human,Rellekka
1784,3968,0.9847412,Guard,Human,Miscellania market,Thorvald the Warrior,Human,Rellekka
1263,1463,0.98473984,Eric,Human,Jatizso,Flynn,Human,Falador
640,4235,0.98473954,Captain Rovin,Human,Varrock Palace,Wally,Human,Varrock
842,3571,0.98473704,Cooky Weasel,Human,Rabbit Hole,Shop keeper,Human,Falador
370,1915,0.98473465,Bartender,Human,The Warrens,Head Servant,Human,? (edit)
2781,3564,0.9847312,Murky Pat,Human,Lady Zay,Shop assistant,Human,Rimmington
2146,2781,0.9847312,Joe,Human,Draynor Village jail,Murky Pat,Human,Lady Zay
3543,3882,0.9847281,Shipwright Seb,Human,Shipyard,Tanner,Human,Crafting Guild
3557,3882,0.9847281,Shipyard Worker,Human,Shipyard,Tanner,Human,Crafting Guild
2111,3826,0.98472476,Jasper,Human,Salvager Overlook,Street urchin,Human,Pollnivneach
3407,3572,0.9847237,Sammy Servil,Human,Fight Arena prison,Shop keeper,Human,Museum Camp
1996,3572,0.9847237,Hudon,Human,Baxtorian Falls,Shop keeper,Human,Museum Camp
1680,2020,0.9847214,Goat Poo,Troll,Weiss,Icicle,Troll,Weiss
1950,3321,0.9847213,Hewey,Human,Lumbridge Swamp,Robyn,Human,Shayzien
1183,4286,0.98471534,Elena Hosidius,Human,Hosidius,Willow,Human,South of Ice Mountain
300,660,0.98470926,Banker,Human,Farming Guild,Caroline,Human,Witchaven
1235,2522,0.9847089,Enel,Elf,Prifddinas,Maeglin,Elf,Prifddinas
722,1323,0.98470765,Charlie,Human,The Grand Tree top floor,Farmer,Human,Miscellania
289,1486,0.984705,Banker,Citizen of Arceuus,Arceuus,Freald,Citizen of Arceuus,Arceuus
2718,4119,0.98470145,Monk,Human,Lumbridge Swamp,Ulina,Human,Christmas Factory
690,4119,0.98470145,Cave monk,Human,Entrana,Ulina,Human,Christmas Factory
529,4119,0.98470145,Brother Cedric,Human,East Ardougne,Ulina,Human,Christmas Factory
534,4119,0.98470145,Brother Omad,Human,Monastery south of Ardougne,Ulina,Human,Christmas Factory
280,3874,0.98470145,Guard,Human,Varrock,Tabbitha,Human,Blue Moon Inn
1344,4119,0.98470145,Father Lawrence,Human,Varrock church,Ulina,Human,Christmas Factory
532,4119,0.98470145,Brother Kojo,Human,"The Clock Tower , south of Ardougne",Ulina,Human,Christmas Factory
686,689,0.9847002,Cave goblin,Dorgeshuun,Dorgesh-Kaan,Cave goblin worker,Dorgeshuun,Christmas Factory
1988,3897,0.9846983,Horvik,Human,"Varrock , East Anvils",Tau,Human,Falador
3391,4355,0.9846957,Sailor,Human,Red Rock,Wydin,Human,
3391,4354,0.9846957,Sailor,Human,Red Rock,Wydin,Human,Port Sarim
1581,4025,0.9846927,General Salara,Human,Shayzien,Tourist,,"Civitas illa Fortis , Aldarin"
3545,4349,0.9846809,Shipwright Seth,Human,Port Phasmatys,Worried Baker,Human,Varrock
640,2526,0.9846741,Captain Rovin,Human,Varrock Palace,Mage of Zamorak,Human,Ourania Cave
3562,3573,0.9846727,Shop assistant,Human,Lumbridge,Shop keeper,Human,Lumbridge
722,1253,0.98467255,Charlie,Human,The Grand Tree top floor,Eohric,Human,Burthorpe castle
215,4344,0.984671,Artima,Human,Civitas illa Fortis,Worker,,Varlamore
4084,4139,0.9846706,Turgok,Dorgeshuun,Dorgesh-Kaan market,Ur-taal,Dorgeshuun,Dorgesh-Kaan
689,4419,0.98466706,Cave goblin worker,Dorgeshuun,Christmas Factory,Zenkog,Dorgeshuun,Dorgesh-Kaan market
123,240,0.9846623,Ameyalli,Human,Kastori,Aub,Human,Nemus Retreat
2526,3989,0.9846586,Mage of Zamorak,Human,Ourania Cave,Tindel Marchant,Human,Port Khazard
536,4146,0.98465556,Brown Engine Director,Dwarf,Keldagrim,Utrec,Dwarf,Mining Guild
1715,4344,0.98465544,Grand Exchange Clerk,Human,Grand Exchange,Worker,,Varlamore
3700,4344,0.98465544,Smithing apprentice,Human,Lumbridge,Worker,,Varlamore
3997,4344,0.98465544,Toby,Human,Varrock,Worker,,Varlamore
1078,4344,0.98465544,Drunken soldier,Human,The Cloak and Stagger,Worker,,Varlamore
2578,4344,0.98465544,Mark,Human,Port Piscarilius,Worker,,Varlamore
2980,4344,0.98465544,Panning guide,Human,Digsite,Worker,,Varlamore
3928,4344,0.98465544,The 'Wedge',Human,Camelot,Worker,,Varlamore
1825,1954,0.9846538,Gujuo,Human,Kharazi Jungle,High Priest,Human,Entrana
2901,4191,0.98465246,Odmar,Dwarf,Keldagrim,Vestri,Dwarf,Near White Wolf Mountain
318,1996,0.98465145,Banker,Human,Varrock,Hudon,Human,Baxtorian Falls
318,3407,0.98465145,Banker,Human,Varrock,Sammy Servil,Human,Fight Arena prison
665,973,0.9846436,Cart conductor,Dwarf,Dwarven Mine,Derni,Dwarf,Keldagrim south-west mine
644,2509,0.984639,Captain Siad,Human,Desert Mining Camp,Lutwidge,Human,Myths' Guild
714,3321,0.9846379,Chancy,Human,Rimmington,Robyn,Human,Shayzien
3359,3571,0.98463607,Rufus,Human,Civitas illa Fortis,Shop keeper,Human,Falador
1843,3296,0.98463595,Gwallter,Elf,Prifddinas,Rhyfel,Elf,Prifddinas
3352,4269,0.9846356,Roy jr.,Human,Kourend Woodland,Weve,Human,Wyvern Cave
300,4286,0.98463404,Banker,Human,Farming Guild,Willow,Human,South of Ice Mountain
1490,3927,0.984632,Fremennik Warrior,Human,Rellekka,Thakkrad Sigmundson,Human,Neitiznot
3051,4025,0.9846285,Philipe Carnillean,Human,East Ardougne,Tourist,,"Civitas illa Fortis , Aldarin"
2378,3571,0.9846269,Lenny,Human,North of Prifddinas,Shop keeper,Human,Falador
1591,2232,0.98462343,Georgie,Human,Varrock,Kennith,Human,"Fishing Platform , later Witchaven"
410,2449,0.98462147,Bert,Human,Yanille,Lord Daquarius,Human,Taverley Dungeon
842,2385,0.98461914,Cooky Weasel,Human,Rabbit Hole,Lesser Fanatic,Human,Edgeville
3299,4119,0.9846144,Richard,Human,Hosidius,Ulina,Human,Christmas Factory
158,2111,0.9846124,Antos,Human,Auburnvale,Jasper,Human,Salvager Overlook
3969,4064,0.9846088,Thrander,Human,Realm of Memories,Trobert,Human,Brimhaven
2878,3040,0.9846065,Nurse Sarah,Human,West Ardougne,Petra Fiyed,Human,Goblin Cave
737,2878,0.9846065,Cheryl,Human,Port Piscarilius,Nurse Sarah,Human,West Ardougne
2310,2878,0.9846065,Lacey,Human,Mansion in a faraway island.,Nurse Sarah,Human,West Ardougne
2485,4235,0.9846016,Lubufu,Human,Brimhaven,Wally,Human,Varrock
2078,4269,0.9845966,Ivan,Human,Burgh de Rott,Weve,Human,Wyvern Cave
4194,4269,0.9845966,Victor,Human,Burgh de Rott,Weve,Human,Wyvern Cave
1416,2679,0.98459405,Fisherman Frodi,Human,Miscellania,Miner Magnus,Human,Miscellania
780,2221,0.98459125,Citizen,Human,Civitas illa Fortis,Kauayotl,Human,Tal Teklan
450,4037,0.984591,Blast Furnace Foreman,Dwarf,Keldagrim,Trader,Dwarf,Trade Octagon
780,3400,0.9845903,Citizen,Human,Civitas illa Fortis,Salius,Human,Salvager Overlook
1893,4132,0.984584,Harold,Human,Burthorpe,Unicorn1337Kilr,Human,North-west of Lumbridge Swamp during 2021 Birthday event
689,4138,0.98458385,Cave goblin worker,Dorgeshuun,Christmas Factory,Ur-pel,Dorgeshuun,Dorgesh-Kaan
2878,4052,0.9845838,Nurse Sarah,Human,West Ardougne,Tramp,Human,Varrock
2228,2878,0.9845838,Kelvin,Human,Fight Arena,Nurse Sarah,Human,West Ardougne
2878,3681,0.9845838,Nurse Sarah,Human,West Ardougne,Slave,Human,Fight Arena
993,2878,0.9845838,Digsite workman,Human,Digsite and near Varrock Museum,Nurse Sarah,Human,West Ardougne
494,3545,0.9845786,Bork Sigmundson,Human,Ice Troll Caves,Shipwright Seth,Human,Port Phasmatys
1348,1915,0.98457795,Fayeth,Human,Lumbridge,Head Servant,Human,? (edit)
423,1480,0.98457325,BigRedJapan,Human,Rooftop Agility Courses,Frank,Human,Sinclair Mansion
113,903,0.98457074,Alwyn,Elf,Prifddinas,Curufin,Elf,Prifddinas
220,2605,0.98457015,Asgarnia Smith,Human,Bedabin Camp,Master Farmer,Human,North of East Ardougne Draynor Village Farming Guild Hosidius
220,2593,0.98457015,Asgarnia Smith,Human,Bedabin Camp,Martin the Master Gardener,Human,Draynor Village
1971,3565,0.98456967,Holly,Human,North of Port Sarim,Shop assistant,Human,Varrock
365,3562,0.9845681,Bartender,Human,Bandit Village in the Kharidian Desert,Shop assistant,Human,Lumbridge
3235,3562,0.9845681,Razmire Keelgan,Human,Mort'ton,Shop assistant,Human,Lumbridge
2449,3557,0.9845638,Lord Daquarius,Human,Taverley Dungeon,Shipyard Worker,Human,Shipyard
2449,3543,0.9845637,Lord Daquarius,Human,Taverley Dungeon,Shipwright Seb,Human,Shipyard
1997,3004,0.9845629,Hugh,Human,Salvager Overlook,Peasant,Human,Fisher Realm
722,3928,0.98455894,Charlie,Human,The Grand Tree top floor,The 'Wedge',Human,Camelot
722,1715,0.98455894,Charlie,Human,The Grand Tree top floor,Grand Exchange Clerk,Human,Grand Exchange
722,3700,0.98455894,Charlie,Human,The Grand Tree top floor,Smithing apprentice,Human,Lumbridge
722,3997,0.98455894,Charlie,Human,The Grand Tree top floor,Toby,Human,Varrock
722,2980,0.98455894,Charlie,Human,The Grand Tree top floor,Panning guide,Human,Digsite
722,2578,0.98455894,Charlie,Human,The Grand Tree top floor,Mark,Human,Port Piscarilius
722,1078,0.98455894,Charlie,Human,The Grand Tree top floor,Drunken soldier,Human,The Cloak and Stagger
3572,3636,0.9845582,Shop keeper,Human,Museum Camp,Sir Percival,Human,Fisher Realm
1255,2485,0.9845563,epic mager34,Human,Lumbridge watermill,Lubufu,Human,Brimhaven
1206,3691,0.9845542,Ellis,Human,Al Kharid,Sloane,Human,Warriors' Guild
831,2485,0.9845542,Conrad King,Human,Port Piscarilius,Lubufu,Human,Brimhaven
1004,3556,0.9845517,Dock worker,Human,Port Piscarilius,Shipyard worker,,Ship Yard
1657,2428,0.98455095,Gnome,Gnome,,Local Gnome,Gnome,Tree Gnome Village
1657,2201,0.98455095,Gnome,Gnome,,Kalron,Gnome,Tree Gnome Village
838,3125,0.98454297,Cook,Human,Jolly Boar Inn,Priest,Human,East Ardougne
743,4025,0.9845346,Child,Human,All over West Ardougne,Tourist,,"Civitas illa Fortis , Aldarin"
2492,3299,0.9845303,Luke,Human,Shipyard,Richard,Human,Hosidius
999,3049,0.9845252,Disappointed father,Human,Varrock,Phials,Human,Rimmington
3562,3568,0.9845229,Shop assistant,Human,Lumbridge,Shop keeper,Human,Al Kharid
1592,2105,0.98452145,Gerald,Human,South of Baxtorian Falls,Jaraah,Human,Emir's Arena
2105,3595,0.98452145,Jaraah,Human,Emir's Arena,Siegfried Erkle,Human,2 nd floor [ UK ] 3 rd floor [ US ] of Legends' Guild (west side)
2105,3906,0.98452145,Jaraah,Human,Emir's Arena,Ted Rehnison,Human,West Ardougne
1966,2105,0.98452145,Hiylik Myna,Human,Paterdomus,Jaraah,Human,Emir's Arena
1525,2105,0.98452145,Fur trader,Human,East Ardougne,Jaraah,Human,Emir's Arena
56,3559,0.984515,Aisles,Human,Tai Bwo Wannai,Shop assistant,Human,Al Kharid
2378,2385,0.984515,Lenny,Human,North of Prifddinas,Lesser Fanatic,Human,Edgeville
2385,4119,0.98451054,Lesser Fanatic,Human,Edgeville,Ulina,Human,Christmas Factory
2244,2485,0.9845076,Khazard Barman,Human,South-western corner of the Fight Arena,Lubufu,Human,Brimhaven
2485,3575,0.9845076,Lubufu,Human,Brimhaven,Shop keeper,Human,Port Khazard
1863,2485,0.9845076,Hajedy,Human,Brimhaven,Lubufu,Human,Brimhaven
714,1138,0.9844986,Chancy,Human,Rimmington,Ed Wood,Human,Digsite
1023,2163,0.9844973,Donal,Dwarf,Miscellania and Etceteria Dungeon,Jorzik,Dwarf,Keldagrim
1023,2249,0.9844973,Donal,Dwarf,Miscellania and Etceteria Dungeon,"Khorvak, a dwarven engineer",Dwarf,Under White Wolf Mountain
1023,3955,0.98449683,Donal,Dwarf,Miscellania and Etceteria Dungeon,Thirus,Dwarf ( Imcando-descendant ),Lovakengj
369,1538,0.9844957,Bartender,Human,Lumbridge,Galahad,Human,Near McGrubor's Wood
2874,2901,0.984494,Nurmof,Dwarf,Dwarven Mines,Odmar,Dwarf,Keldagrim
2682,4337,0.98449373,Minimus,Dwarf,Fortis Colosseum entrance,Worker,Dwarf ( Imcando-descendant ),Mistrock mine
722,3402,0.9844929,Charlie,Human,The Grand Tree top floor,Sam,Human,Arceuus Library
2272,2486,0.9844916,Kiyahtla,Human,Tlati Rainforest,Lucas,Human,Outer Fortis
203,3961,0.9844907,Armourer (tier 4),Dwarf,Lovakengj,Thordur,Dwarf,Dwarven Mines
3157,3683,0.9844874,Protester,Human,Varrock,Slave,Human,Underground Pass
370,3691,0.9844855,Bartender,Human,The Warrens,Sloane,Human,Warriors' Guild
317,3571,0.9844841,Banker,Human,Tutorial Island,Shop keeper,Human,Falador
1520,3571,0.9844841,Fry,Human,Rabbit Hole,Shop keeper,Human,Falador
298,3571,0.9844841,Banker,Human,Draynor Village,Shop keeper,Human,Falador
287,3571,0.9844841,Banker,Human,Bank,Shop keeper,Human,Falador
293,3571,0.9844841,Banker,Werewolf,Canifis,Shop keeper,Human,Falador
356,3639,0.98448336,Bartender,Human,Yanille,Sir Rebral,Human,Falador
640,1502,0.98447955,Captain Rovin,Human,Varrock Palace,Frincos,Human,Entrana
2923,3181,0.98447865,Old Man Yarlo,Human,Varrock,Quest Guide,Human,Tutorial Island
3038,3402,0.984476,Peter,Human,Fossil Island,Sam,Human,Arceuus Library
1345,4350,0.9844723,Father Reen,Human,Al Kharid,Wounded soldier,Human,Infirmary
2890,3639,0.98447156,Obli,Human,Shilo Village,Sir Rebral,Human,Falador
317,4064,0.9844663,Banker,Human,Tutorial Island,Trobert,Human,Brimhaven
293,4064,0.9844663,Banker,Werewolf,Canifis,Trobert,Human,Brimhaven
287,4064,0.98446596,Banker,Human,Bank,Trobert,Human,Brimhaven
1520,4064,0.98446596,Fry,Human,Rabbit Hole,Trobert,Human,Brimhaven
298,4064,0.98446596,Banker,Human,Draynor Village,Trobert,Human,Brimhaven
553,652,0.9844657,Bunkdo,Gnome,Ape Atoll,Carado,Gnome,Ape Atoll
3181,4361,0.98446476,Quest Guide,Human,Tutorial Island,Xi_plzPetDogz_xiX,Human,South of Edgeville Monastery
2051,4392,0.98446256,Information clerk,Human,Varrock Museum,Yrsa,Human,Rellekka
2116,2318,0.98445797,Jeed,Human,Emir's Arena,Lady Table,Human,Temple Knight Training Grounds
230,231,0.98445594,Assistant Le Smith,Gnome,Tree Gnome Stronghold,Assistant Lori,Gnome,Grand Tree
3400,4441,0.9844556,Salius,Human,Salvager Overlook,Zuma,Human,Outside Cam Torum . Upstairs in The Teomat (post quest)
3563,3691,0.9844549,Shop assistant,Human,Musa Point,Sloane,Human,Warriors' Guild
147,3217,0.9844544,Anna,Human,Sinclair Mansion,Ranger (medium),Human,Paterdomus
3391,3543,0.9844506,Sailor,Human,Red Rock,Shipwright Seb,Human,Shipyard
3391,3557,0.9844506,Sailor,Human,Red Rock,Shipyard Worker,Human,Shipyard
312,900,0.98444873,Banker,Human,Shayzien,Curpile Fyod,Human,Mort Myre Swamp
312,1978,0.98444545,Banker,Human,Shayzien,Hooknosed Jack,Human,Varrock Rat Pits
1580,3571,0.98444253,General Kilian,Human,Shayzien,Shop keeper,Human,Falador
639,1018,0.9844417,Captain Rimor,Human,Mount Quidamortem,Dominic Onion,Human,"Nightmare Zone , north of Yanille"
1018,3338,0.9844417,Dominic Onion,Human,"Nightmare Zone , north of Yanille",Rommik,Human,Rimmington
830,842,0.984437,Concerned man,Human,Varrock,Cooky Weasel,Human,Rabbit Hole
2578,3585,0.9844349,Mark,Human,Port Piscarilius,Shopkeeper,,Civitas illa Fortis
3585,3928,0.9844349,Shopkeeper,,Civitas illa Fortis,The 'Wedge',Human,Camelot
3585,3997,0.9844349,Shopkeeper,,Civitas illa Fortis,Toby,Human,Varrock
3585,3700,0.9844349,Shopkeeper,,Civitas illa Fortis,Smithing apprentice,Human,Lumbridge
2980,3585,0.9844349,Panning guide,Human,Digsite,Shopkeeper,,Civitas illa Fortis
1715,3585,0.9844349,Grand Exchange Clerk,Human,Grand Exchange,Shopkeeper,,Civitas illa Fortis
1078,3585,0.9844349,Drunken soldier,Human,The Cloak and Stagger,Shopkeeper,,Civitas illa Fortis
1117,2940,0.9844342,Dylan,Dwarf,Christmas Factory,Ordan,Dwarf,Keldagrim
1117,3301,0.9844342,Dylan,Dwarf,Christmas Factory,Richard Flintmaul,Dwarf,
1115,1117,0.9844342,Dwarven Ferryman,Dwarf,Keldagrim,Dylan,Dwarf,Christmas Factory
836,3244,0.98442936,Cook,Human,Blue Moon Inn,Recruiter,Human,West Ardougne
1581,2553,0.9844262,General Salara,Human,Shayzien,Man,Human,Hosidius vinery
1581,2552,0.9844262,General Salara,Human,Shayzien,Man,Human,Catacombs of Kourend
831,4416,0.9844254,Conrad King,Human,Port Piscarilius,Zembo,Human,"Musa Point, Karamja"
716,831,0.9844254,Charles,Human,Port Piscarilius,Conrad King,Human,Port Piscarilius
1971,2385,0.98442435,Holly,Human,North of Port Sarim,Lesser Fanatic,Human,Edgeville
470,3042,0.98442245,Bob,Human,Lumbridge,Petrus,Human,Minotaurs' Rest
471,3042,0.98442245,Bob,Human,Lumbridge,Petrus,Human,Minotaurs' Rest
1107,3955,0.9844216,Dwarf,Dwarf,Dwarven Mine,Thirus,Dwarf ( Imcando-descendant ),Lovakengj
1107,2249,0.9844215,Dwarf,Dwarf,Dwarven Mine,"Khorvak, a dwarven engineer",Dwarf,Under White Wolf Mountain
1107,2163,0.9844215,Dwarf,Dwarf,Dwarven Mine,Jorzik,Dwarf,Keldagrim
4334,4355,0.9844176,Woodsman tutor,Human,Lumbridge,Wydin,Human,
4334,4354,0.9844176,Woodsman tutor,Human,Lumbridge,Wydin,Human,Port Sarim
1641,1997,0.9844141,Giles,Human,Anywhere random events can occur,Hugh,Human,Salvager Overlook
1914,3788,0.9844128,Head mourner,Elf,West Ardougne,Squire,Human,Void Knights' Outpost
716,1255,0.984412,Charles,Human,Port Piscarilius,epic mager34,Human,Lumbridge watermill
1255,4416,0.984412,epic mager34,Human,Lumbridge watermill,Zembo,Human,"Musa Point, Karamja"
743,2552,0.98440903,Child,Human,All over West Ardougne,Man,Human,Catacombs of Kourend
743,2553,0.98440903,Child,Human,All over West Ardougne,Man,Human,Hosidius vinery
286,3700,0.9844086,Bank guard,Human,Draynor Village,Smithing apprentice,Human,Lumbridge
286,3997,0.9844086,Bank guard,Human,Draynor Village,Toby,Human,Varrock
286,1715,0.9844086,Bank guard,Human,Draynor Village,Grand Exchange Clerk,Human,Grand Exchange
286,2578,0.9844086,Bank guard,Human,Draynor Village,Mark,Human,Port Piscarilius
286,1078,0.9844086,Bank guard,Human,Draynor Village,Drunken soldier,Human,The Cloak and Stagger
286,2980,0.9844086,Bank guard,Human,Draynor Village,Panning guide,Human,Digsite
286,3928,0.9844086,Bank guard,Human,Draynor Village,The 'Wedge',Human,Camelot
948,1253,0.98440516,David,Human,Sinclair Mansion,Eohric,Human,Burthorpe castle
858,2378,0.98440254,Councillor Andrews,Human,Kourend Castle,Lenny,Human,North of Prifddinas
1502,3989,0.98440164,Frincos,Human,Entrana,Tindel Marchant,Human,Port Khazard
2205,3571,0.9843972,Kangai Mau,Human,Brimhaven,Shop keeper,Human,Falador
371,785,0.98439705,Bartender,Human,Quetzacalli Gorge,Citizen,Human,Bazaar in Civitas illa Fortis
838,3244,0.9843969,Cook,Human,Jolly Boar Inn,Recruiter,Human,West Ardougne
2378,3177,0.98439306,Lenny,Human,North of Prifddinas,Quartermaster,Human,Tyras Camp
429,2378,0.98439306,Billy Rehnison,Human,West Ardougne,Lenny,Human,North of Prifddinas
317,2578,0.9843912,Banker,Human,Tutorial Island,Mark,Human,Port Piscarilius
317,3700,0.9843912,Banker,Human,Tutorial Island,Smithing apprentice,Human,Lumbridge
317,3997,0.9843912,Banker,Human,Tutorial Island,Toby,Human,Varrock
1520,1715,0.9843912,Fry,Human,Rabbit Hole,Grand Exchange Clerk,Human,Grand Exchange
1520,2578,0.9843912,Fry,Human,Rabbit Hole,Mark,Human,Port Piscarilius
1520,3700,0.9843912,Fry,Human,Rabbit Hole,Smithing apprentice,Human,Lumbridge
1520,2980,0.9843912,Fry,Human,Rabbit Hole,Panning guide,Human,Digsite
317,1078,0.9843912,Banker,Human,Tutorial Island,Drunken soldier,Human,The Cloak and Stagger
1520,3928,0.9843912,Fry,Human,Rabbit Hole,The 'Wedge',Human,Camelot
1520,3997,0.9843912,Fry,Human,Rabbit Hole,Toby,Human,Varrock
317,1715,0.9843912,Banker,Human,Tutorial Island,Grand Exchange Clerk,Human,Grand Exchange
317,2980,0.9843912,Banker,Human,Tutorial Island,Panning guide,Human,Digsite
317,3928,0.9843912,Banker,Human,Tutorial Island,The 'Wedge',Human,Camelot
298,2980,0.9843912,Banker,Human,Draynor Village,Panning guide,Human,Digsite
298,2578,0.9843912,Banker,Human,Draynor Village,Mark,Human,Port Piscarilius
298,3997,0.9843912,Banker,Human,Draynor Village,Toby,Human,Varrock
298,3700,0.9843912,Banker,Human,Draynor Village,Smithing apprentice,Human,Lumbridge
298,3928,0.9843912,Banker,Human,Draynor Village,The 'Wedge',Human,Camelot
287,1715,0.9843912,Banker,Human,Bank,Grand Exchange Clerk,Human,Grand Exchange
298,1715,0.9843912,Banker,Human,Draynor Village,Grand Exchange Clerk,Human,Grand Exchange
298,1078,0.9843912,Banker,Human,Draynor Village,Drunken soldier,Human,The Cloak and Stagger
293,2578,0.9843912,Banker,Werewolf,Canifis,Mark,Human,Port Piscarilius
293,3700,0.9843912,Banker,Werewolf,Canifis,Smithing apprentice,Human,Lumbridge
293,3928,0.9843912,Banker,Werewolf,Canifis,The 'Wedge',Human,Camelot
293,3997,0.9843912,Banker,Werewolf,Canifis,Toby,Human,Varrock
287,2578,0.9843912,Banker,Human,Bank,Mark,Human,Port Piscarilius
287,1078,0.9843912,Banker,Human,Bank,Drunken soldier,Human,The Cloak and Stagger
287,2980,0.9843912,Banker,Human,Bank,Panning guide,Human,Digsite
293,2980,0.9843912,Banker,Werewolf,Canifis,Panning guide,Human,Digsite
293,1715,0.9843912,Banker,Werewolf,Canifis,Grand Exchange Clerk,Human,Grand Exchange
293,1078,0.9843912,Banker,Werewolf,Canifis,Drunken soldier,Human,The Cloak and Stagger
287,3928,0.9843912,Banker,Human,Bank,The 'Wedge',Human,Camelot
287,3997,0.9843912,Banker,Human,Bank,Toby,Human,Varrock
1078,1520,0.9843912,Drunken soldier,Human,The Cloak and Stagger,Fry,Human,Rabbit Hole
287,3700,0.9843912,Banker,Human,Bank,Smithing apprentice,Human,Lumbridge
1860,1874,0.98438746,Hairdresser,Human,Falador,Hambling,Human,Rellekka Longhall Bar
4025,4344,0.984383,Tourist,,"Civitas illa Fortis , Aldarin",Worker,,Varlamore
1110,2275,0.9843807,Dwarf,Dwarf,Motherlode Mine,Klank,Dwarf,Underground Pass
1978,2207,0.9843781,Hooknosed Jack,Human,Varrock Rat Pits,Karaday,Human,Tai Bwo Wannai
740,3487,0.9843778,Chief Engineer Greyson,Human,Red Rock,Seravel,Human,Shilo Village
722,3573,0.984377,Charlie,Human,The Grand Tree top floor,Shop keeper,Human,Lumbridge
1915,4334,0.9843731,Head Servant,Human,? (edit),Woodsman tutor,Human,Lumbridge
735,2560,0.98436975,Chef Olivia,Human,Hosidius,Mandy,Human,Mansion in a faraway island.
370,1018,0.9843675,Bartender,Human,The Warrens,Dominic Onion,Human,"Nightmare Zone , north of Yanille"
1860,2378,0.98436546,Hairdresser,Human,Falador,Lenny,Human,North of Prifddinas
137,2642,0.98436356,Andiess Juip,Human,Meiyerditch,Mercenary,Human,Ferox Enclave
999,1341,0.9843612,Disappointed father,Human,Varrock,Father Eysseric,Human,Shayzien
2620,4119,0.98435867,Mazion,Human,Entrana sandpit,Ulina,Human,Christmas Factory
398,695,0.9843569,Bella Le Bowle,Human,Rabbit Hole,Cecilia,Human,Falador Park
2553,4344,0.98435605,Man,Human,Hosidius vinery,Worker,,Varlamore
2552,4344,0.98435605,Man,Human,Catacombs of Kourend,Worker,,Varlamore
2152,3151,0.98435366,Johnathon,Human,Jolly Boar Inn 1 st floor [ UK ] 2 nd floor [ US ],Professor Oddenstein,Human,Draynor Manor
2244,4235,0.9843527,Khazard Barman,Human,South-western corner of the Fight Arena,Wally,Human,Varrock
1863,4235,0.9843527,Hajedy,Human,Brimhaven,Wally,Human,Varrock
3575,4235,0.9843527,Shop keeper,Human,Port Khazard,Wally,Human,Varrock
838,857,0.9843508,Cook,Human,Jolly Boar Inn,Council workman,Human,Bridge leading to Rellekka
2781,3691,0.9843503,Murky Pat,Human,Lady Zay,Sloane,Human,Warriors' Guild
1255,4361,0.984347,epic mager34,Human,Lumbridge watermill,Xi_plzPetDogz_xiX,Human,South of Edgeville Monastery
2385,3585,0.9843446,Lesser Fanatic,Human,Edgeville,Shopkeeper,,Civitas illa Fortis
401,3949,0.9843418,Belona,Dwarf,Mining Guild,Thidrolda,Dwarf,World Wildlife Fund conservation area
2678,4009,0.9843402,Miner,Dwarf,The Deeper Lode,Toothy,Dwarf ( Imcando-descendant ),Lovakengj
1874,2408,0.9843391,Hambling,Human,Rellekka Longhall Bar,Ling,Human,
359,1253,0.98433906,Bartender,Human,"North-east of Varrock , nearly in Wilderness",Eohric,Human,Burthorpe castle
461,2784,0.98433816,Blue Monkey,Monkey,Trouble Brewing,Muruwoi,Monkey,Marim
836,1641,0.984337,Cook,Human,Blue Moon Inn,Giles,Human,Anywhere random events can occur
520,2069,0.98433346,Briget,Human,Shayzien,Ironman tutor,Human,Tutorial Island
3316,3902,0.9843267,Roavar,Werewolf,Canifis,Tea Seller,Human,Varrock
2085,4398,0.9843261,Jabari,Human,Menaphos,Zaff,Human,Varrock
937,2829,0.9843257,Darren,Human,East of the Wilderness Agility Course,New Recruit Tony,Human,Graveyard of Heroes
831,4361,0.9843238,Conrad King,Human,Port Piscarilius,Xi_plzPetDogz_xiX,Human,South of Edgeville Monastery
3897,4392,0.9843192,Tau,Human,Falador,Yrsa,Human,Rellekka
1581,2492,0.9843162,General Salara,Human,Shayzien,Luke,Human,Shipyard
3734,4269,0.9843135,Soldier,Human,The Cloak and Stagger,Weve,Human,Wyvern Cave
1556,2632,0.9843119,Garth,Human,Ver Sinhaza,Meiyerditch miner,Human,Meiyerditch mine
184,2771,0.98431075,Arena Guard Fawry,Human,Emir's Arena,Mubariz,Human,Emir's Arena
999,2295,0.984307,Disappointed father,Human,Varrock,Kortan,Human,East Ardougne
286,798,0.9843058,Bank guard,Human,Draynor Village,Clerk,Human,Clan Hub
146,339,0.98430455,Anleif,Dwarf,Keldagrim Rat Pits,Barmaid,Dwarf,Keldagrim east
304,339,0.98430455,Banker,Dwarf,Keldagrim,Barmaid,Dwarf,Keldagrim east
339,4378,0.98430437,Barmaid,Dwarf,Keldagrim east,Yellow Fortune Secretary,Dwarf,Keldagrim
3969,4269,0.9843041,Thrander,Human,Realm of Memories,Weve,Human,Wyvern Cave
2247,2509,0.98430383,Khazard Launderer,Human,Fight Arena,Lutwidge,Human,Myths' Guild
2218,4009,0.9843011,Kaston,Dwarf,Shayzien,Toothy,Dwarf ( Imcando-descendant ),Lovakengj
1118,1576,0.9842931,Eadgar,Human,Summit of Trollheim ( Trollheim Teleport ),General Babacus,Human,Shayzien
1118,1705,0.9842931,Eadgar,Human,Summit of Trollheim ( Trollheim Teleport ),Gordon,Human,Farm south of Farming Guild
1118,1855,0.9842931,Eadgar,Human,Summit of Trollheim ( Trollheim Teleport ),Hadley,Human,Tourist Information Centre
1118,1566,0.9842931,Eadgar,Human,Summit of Trollheim ( Trollheim Teleport ),Gee,Human,Lumbridge
354,775,0.98427814,Bartender,Human,Varrock,Chuck,Human,Realm of Memories
80,775,0.98427814,Alfonse the waiter,Human,Brimhaven,Chuck,Human,Realm of Memories
842,4268,0.98427683,Cooky Weasel,Human,Rabbit Hole,Wesley,Human,Nardah
1847,2521,0.9842752,Gwyn,Elf,Prifddinas,Maedhros,Elf,Grand Library
2052,3428,0.98427093,Inga,Human,Rellekka,Sarah,Human,South Falador Farm
830,3402,0.9842706,Concerned man,Human,Varrock,Sam,Human,Arceuus Library
287,798,0.98426914,Banker,Human,Bank,Clerk,Human,Clan Hub
317,798,0.98426914,Banker,Human,Tutorial Island,Clerk,Human,Clan Hub
293,798,0.98426914,Banker,Werewolf,Canifis,Clerk,Human,Clan Hub
798,1520,0.98426914,Clerk,Human,Clan Hub,Fry,Human,Rabbit Hole
298,798,0.98426914,Banker,Human,Draynor Village,Clerk,Human,Clan Hub
3560,3946,0.984269,Shop assistant,Human,Edgeville,Theodore Paxton,Human,Red Rock
1900,2503,0.9842683,Haskell,Human,• Rellekka • Island of Stone,Lundail,Human,Mage Arena bank
3038,4392,0.9842676,Peter,Human,Fossil Island,Yrsa,Human,Rellekka
3691,3882,0.9842657,Sloane,Human,Warriors' Guild,Tanner,Human,Crafting Guild
3890,4052,0.9842648,Taria,Human,Rimmington,Tramp,Human,Varrock
900,2244,0.9842647,Curpile Fyod,Human,Mort Myre Swamp,Khazard Barman,Human,South-western corner of the Fight Arena
900,1863,0.9842647,Curpile Fyod,Human,Mort Myre Swamp,Hajedy,Human,Brimhaven
900,3575,0.9842647,Curpile Fyod,Human,Mort Myre Swamp,Shop keeper,Human,Port Khazard
3681,3890,0.9842645,Slave,Human,Fight Arena,Taria,Human,Rimmington
993,3890,0.9842645,Digsite workman,Human,Digsite and near Varrock Museum,Taria,Human,Rimmington
2228,3890,0.9842645,Kelvin,Human,Fight Arena,Taria,Human,Rimmington
1223,4392,0.98426086,Emily,Human,Falador,Yrsa,Human,Rellekka
2148,4392,0.98426086,Jofridr Mordstatter,Human,Neitiznot,Yrsa,Human,Rellekka
386,475,0.9842569,Bedread the bold,Human,Pirates' Cove,Bob,Human,Sinclair Mansion
369,3556,0.9842508,Bartender,Human,Lumbridge,Shipyard worker,,Ship Yard
3262,3837,0.9842483,Reeso,Human,North-eastern Rellekka,Styrmir,Human,Rellekka Longhall Bar
432,3262,0.9842483,Bjorn,Human,Rellekka Longhall Bar,Reeso,Human,North-eastern Rellekka
1581,2117,0.98424554,General Salara,Human,Shayzien,Jeff,Human,Musa Point
70,365,0.9842434,Alan,Human,Tal Teok,Bartender,Human,Bandit Village in the Kharidian Desert
2268,3235,0.9842434,King's Messenger,Human,Anywhere,Razmire Keelgan,Human,Mort'ton
70,3235,0.9842434,Alan,Human,Tal Teok,Razmire Keelgan,Human,Mort'ton
365,2268,0.9842434,Bartender,Human,Bandit Village in the Kharidian Desert,King's Messenger,Human,Anywhere
1000,2126,0.9842353,Disappointed mother,Human,Varrock,Jess,Human,East Ardougne
1000,2230,0.9842353,Disappointed mother,Human,Varrock,Kendall,Human,Great Kourend
340,1000,0.9842353,Barmaid,Human,Falador,Disappointed mother,Human,Varrock
3244,4410,0.9842352,Recruiter,Human,West Ardougne,Zealot,Human,Abandoned Mine
3989,4235,0.9842295,Tindel Marchant,Human,Port Khazard,Wally,Human,Varrock
370,1206,0.9842283,Bartender,Human,The Warrens,Ellis,Human,Al Kharid
1000,2716,0.984224,Disappointed mother,Human,Varrock,Monk,Human,Entrana
531,1000,0.984224,Brother Jered,Human,Edgeville Monastery,Disappointed mother,Human,Varrock
3594,4355,0.98422086,Sid,Human,Mansion in a faraway island.,Wydin,Human,
3594,4354,0.98422086,Sid,Human,Mansion in a faraway island.,Wydin,Human,Port Sarim
193,3572,0.98421884,Arhein,Human,Catherby,Shop keeper,Human,Museum Camp
2356,2364,0.9842164,League Navigator,Human,Quetzacalli Gorge,Leagues Tutor,Human,Lumbridge
1971,3969,0.9842144,Holly,Human,North of Port Sarim,Thrander,Human,Realm of Memories
1116,4146,0.98420334,Dwarven Miner,Dwarf,Keldagrim,Utrec,Dwarf,Mining Guild
243,4146,0.98420334,Audmann,Dwarf,Keldagrim,Utrec,Dwarf,Mining Guild
2878,3561,0.9842026,Nurse Sarah,Human,West Ardougne,Shop assistant,Human,Falador
1874,3522,0.9842017,Hambling,Human,Rellekka Longhall Bar,Shayda,Human,Shayzien
1874,3987,0.9842017,Hambling,Human,Rellekka Longhall Bar,Tina,Human,Falador
904,1874,0.9842017,Customer,Human,Keldagrim Library,Hambling,Human,Rellekka Longhall Bar
1874,2316,0.9842017,Hambling,Human,Rellekka Longhall Bar,Lady Servil,Human,Fight Arena
1874,2222,0.9842017,Hambling,Human,Rellekka Longhall Bar,Kaylee,Human,Falador
1874,2591,0.9842017,Hambling,Human,Rellekka Longhall Bar,Martha Rehnison,Human,West Ardougne
1874,3786,0.9842017,Hambling,Human,Rellekka Longhall Bar,Squire,Human,Void Knight Outpost
3141,4334,0.98419577,Prisoner,Human,North Darkmeyer,Woodsman tutor,Human,Lumbridge
1444,4334,0.98419577,Flax keeper,Human,Seers' Village Flax Fields,Woodsman tutor,Human,Lumbridge
468,4334,0.98419577,Boar31337Killer,Human,Southern Island of The Node,Woodsman tutor,Human,Lumbridge
1886,4334,0.98419577,Hans,Human,Al Kharid,Woodsman tutor,Human,Lumbridge
935,4334,0.98419577,Darkmeyer Slave,Human,Hallowed Sepulchre,Woodsman tutor,Human,Lumbridge
2674,4334,0.98419577,Mine cart driver,Human,Desert Mining Camp,Woodsman tutor,Human,Lumbridge
1038,4334,0.98419577,Doug Deeping,Human,Down the north-eastern borehole of the Digsite,Woodsman tutor,Human,Lumbridge
2522,2961,0.98419523,Maeglin,Elf,Prifddinas,Oswallt,Elf,Prifddinas
361,2385,0.9841906,Bartender,Human,? (edit),Lesser Fanatic,Human,Edgeville
1591,3340,0.98419,Georgie,Human,Varrock,Ron Gadderanks,Human,North Darkmeyer
2383,3571,0.9841895,Leo,Human,"Bazaar , Civitas illa Fortis",Shop keeper,Human,Falador
405,4146,0.9841894,Bentamir,Dwarf,Keldagrim,Utrec,Dwarf,Mining Guild
2822,4441,0.9841856,Nelta of Ranul,,? (edit),Zuma,Human,Outside Cam Torum . Upstairs in The Teomat (post quest)
2821,4441,0.9841856,Nelta of Ralos,,? (edit),Zuma,Human,Outside Cam Torum . Upstairs in The Teomat (post quest)
989,3428,0.98418236,Diana,Human,Myths' Guild,Sarah,Human,South Falador Farm
2599,4326,0.9841814,Mary,Human,Farm south of Farming Guild,Woman,Human,Blue Moon Inn
656,3500,0.98417896,Carla,Human,West Ardougne,Servant,Human,ScapeRune
184,2108,0.98417777,Arena Guard Fawry,Human,Emir's Arena,Jarr,Human,Al Kharid
302,2111,0.98417616,Banker,Human,Hosidius,Jasper,Human,Salvager Overlook
652,1830,0.98417026,Carado,Gnome,Ape Atoll,Gulluck,Gnome,Grand Tree
372,3961,0.9841697,Barus,Dwarf,Lovakengj,Thordur,Dwarf,Dwarven Mines
2665,2956,0.984164,Mikey,Human,South-east of Barbarian Village,Ospak,Human,Rellekka Longhall Bar
1178,2665,0.9841637,Eldgrim,Human,Rellekka Longhall Bar,Mikey,Human,South-east of Barbarian Village
1189,2380,0.9841589,Elgan,Elf,Prifddinas,Lenwe,Elf,Prifddinas
228,339,0.98415697,Assistant,Dwarf,Keldagrim Library,Barmaid,Dwarf,Keldagrim east
1932,2275,0.98415416,Hendor,Dwarf,Mining Guild,Klank,Dwarf,Underground Pass
1971,3299,0.98415303,Holly,Human,North of Port Sarim,Richard,Human,Hosidius
410,4355,0.9841523,Bert,Human,Yanille,Wydin,Human,
410,4354,0.9841523,Bert,Human,Yanille,Wydin,Human,Port Sarim
722,1874,0.9841522,Charlie,Human,The Grand Tree top floor,Hambling,Human,Rellekka Longhall Bar
813,1112,0.98415077,Colonel Grimsson,Dwarf,"Red Axe base, Keldagrim",Dwarven Boatman,Dwarf,Keldagrim
530,1416,0.9841479,Brother Jered,Human,Edgeville Monastery,Fisherman Frodi,Human,Miscellania
722,1860,0.9841478,Charlie,Human,The Grand Tree top floor,Hairdresser,Human,Falador
3562,3636,0.9841466,Shop assistant,Human,Lumbridge,Sir Percival,Human,Fisher Realm
2380,2947,0.98414505,Lenwe,Elf,Prifddinas,Orophin,Elf,Prifddinas
179,800,0.9841424,Arcis,Citizen of Arceuus,Arceuus,Clerris,Citizen of Arceuus,Dense runestone mine
2492,4025,0.98414093,Luke,Human,Shipyard,Tourist,,"Civitas illa Fortis , Aldarin"
193,3700,0.9841397,Arhein,Human,Catherby,Smithing apprentice,Human,Lumbridge
193,1078,0.9841397,Arhein,Human,Catherby,Drunken soldier,Human,The Cloak and Stagger
193,2980,0.9841397,Arhein,Human,Catherby,Panning guide,Human,Digsite
193,3928,0.9841397,Arhein,Human,Catherby,The 'Wedge',Human,Camelot
193,3997,0.9841397,Arhein,Human,Catherby,Toby,Human,Varrock
193,2578,0.9841397,Arhein,Human,Catherby,Mark,Human,Port Piscarilius
193,1715,0.9841397,Arhein,Human,Catherby,Grand Exchange Clerk,Human,Grand Exchange
2246,2856,0.9841373,Khazard Guard,Human,Fight Arena,Noah,Human,Varrock Square
1860,3568,0.98413646,Hairdresser,Human,Falador,Shop keeper,Human,Al Kharid
209,1763,0.98413575,Arnor,Human,Northern Etceteria,Gruva Patrull,Human,Jatizso Mine Entrance
209,1781,0.98413575,Arnor,Human,Northern Etceteria,Guard,Human,Jatizso
209,1780,0.98413575,Arnor,Human,Northern Etceteria,Guard,Human,Jatizso
1559,1580,0.9841329,Gary,Human,Varrock,General Kilian,Human,Shayzien
652,2428,0.9841293,Carado,Gnome,Ape Atoll,Local Gnome,Gnome,Tree Gnome Village
652,2201,0.9841293,Carado,Gnome,Ape Atoll,Kalron,Gnome,Tree Gnome Village
1021,2568,0.9841254,Don,Human,Slepe,Maria Gunnars,Human,Rellekka docks
2497,3142,0.98412335,Lumdo,Gnome,"Ape Atoll , Crash Island",Prissy Scilla,Gnome,Tree Gnome Stronghold
2345,2497,0.98412335,Latlink Fastbell,Gnome,Farming Guild,Lumdo,Gnome,"Ape Atoll , Crash Island"
2497,3118,0.98412335,Lumdo,Gnome,"Ape Atoll , Crash Island",Praistan Ebola,Gnome,Brimhaven
1351,2497,0.98412335,Felfiz Yaryus,Gnome,Farming Guild,Lumdo,Gnome,"Ape Atoll , Crash Island"
483,2497,0.98412323,Bolongo,Gnome,Tree Gnome Stronghold,Lumdo,Gnome,"Ape Atoll , Crash Island"
1504,2497,0.98412323,Frizzy Skernip,Gnome,Port Sarim,Lumdo,Gnome,"Ape Atoll , Crash Island"
2326,2497,0.98412323,Lammy Langle,Gnome,Hosidius,Lumdo,Gnome,"Ape Atoll , Crash Island"
2497,4396,0.98412323,Lumdo,Gnome,"Ape Atoll , Crash Island",Yulf Squecks,Gnome,Etceteria
2776,3702,0.98412025,Munty,Dwarf ( Imcando-descendant ),Lovakengj,Smoggy,Dwarf,Hosidius
361,1345,0.9841192,Bartender,Human,? (edit),Father Reen,Human,Al Kharid
1894,3497,0.984118,Harold Evans,Human,Under Canifis in the original Myreque Hideout,Sergeant Tobyn,Human,Varrock Square
1025,1946,0.9841145,Donie,Human,In and around Lumbridge,Heskel,Human,Falador Park
1946,2460,0.9841145,Heskel,Human,Falador Park,Lorelai,Human,"Warriors' Guild , basement"
1642,1946,0.9841145,Gileth,Human,Tree Gnome Village,Heskel,Human,Falador Park
1026,1946,0.9841145,Donie,Human,North-east of Lumbridge General Store,Heskel,Human,Falador Park
106,1946,0.9841145,Alrena,Human,East Ardougne,Heskel,Human,Falador Park
2214,2890,0.98411286,Karim,Human,Al Kharid,Obli,Human,Shilo Village
850,1746,0.98410934,Cornelius,Human,Burgh de Rott,Grigore,Human,Burgh de Rott
928,2051,0.98410624,Dantaera,Human,Catherby,Information clerk,Human,Varrock Museum
1323,1988,0.9841062,Farmer,Human,Miscellania,Horvik,Human,"Varrock , East Anvils"
3049,3125,0.9841045,Phials,Human,Rimmington,Priest,Human,East Ardougne
517,4235,0.98410213,Brian,Human,Port Sarim,Wally,Human,Varrock
243,1115,0.98410046,Audmann,Dwarf,Keldagrim,Dwarven Ferryman,Dwarf,Keldagrim
243,3301,0.98410046,Audmann,Dwarf,Keldagrim,Richard Flintmaul,Dwarf,
1116,3301,0.98410046,Dwarven Miner,Dwarf,Keldagrim,Richard Flintmaul,Dwarf,
1115,1116,0.98410046,Dwarven Ferryman,Dwarf,Keldagrim,Dwarven Miner,Dwarf,Keldagrim
1116,2940,0.98410046,Dwarven Miner,Dwarf,Keldagrim,Ordan,Dwarf,Keldagrim
243,2940,0.98410046,Audmann,Dwarf,Keldagrim,Ordan,Dwarf,Keldagrim
302,1581,0.9840914,Banker,Human,Hosidius,General Salara,Human,Shayzien
167,2978,0.9840892,Apprentice workman,Human,Falador,Palum,Human,Christmas Factory
830,2925,0.9840883,Concerned man,Human,Varrock,Oli,Human,Civitas illa Fortis
3475,3499,0.9840832,Sebamo,Human,Auburnvale,Sergius,Human,Twilight Temple
4102,4108,0.9840797,TzHaar-Ket-Keh,TzHaar,Mor Ul Rek,TzHaar-Mej-Dir,TzHaar,Mor Ul Rek
4102,4107,0.9840797,TzHaar-Ket-Keh,TzHaar,Mor Ul Rek,TzHaar-Mej-Bal,TzHaar,Mor Ul Rek
504,2068,0.9840766,Boy,Human,Taverley,Ironman tutor,Human,Lumbridge
1996,2553,0.9840758,Hudon,Human,Baxtorian Falls,Man,Human,Hosidius vinery
2552,3407,0.9840758,Man,Human,Catacombs of Kourend,Sammy Servil,Human,Fight Arena prison
2553,3407,0.9840758,Man,Human,Hosidius vinery,Sammy Servil,Human,Fight Arena prison
1996,2552,0.9840758,Hudon,Human,Baxtorian Falls,Man,Human,Catacombs of Kourend
2350,2632,0.9840702,Lazim,Human,Enakhra's Temple,Meiyerditch miner,Human,Meiyerditch mine
2651,3040,0.9840662,Meskhenet,Human,Nardah,Petra Fiyed,Human,Goblin Cave
737,2651,0.9840662,Cheryl,Human,Port Piscarilius,Meskhenet,Human,Nardah
2310,2651,0.9840662,Lacey,Human,Mansion in a faraway island.,Meskhenet,Human,Nardah
1018,2781,0.984066,Dominic Onion,Human,"Nightmare Zone , north of Yanille",Murky Pat,Human,Lady Zay
1772,2140,0.9840648,Guard,Human,Combat Training Camp,Jimmy the Chisel,Human,H.A.M. Dungeon
1844,3014,0.98406327,Gwerin Hapus,Elf,Gwenith,Pennant,Elf,Prifddinas
830,948,0.9840564,Concerned man,Human,Varrock,David,Human,Sinclair Mansion
302,3568,0.98405004,Banker,Human,Hosidius,Shop keeper,Human,Al Kharid
4136,4138,0.98404986,Ur-lun,Dorgeshuun,Dorgesh-Kaan,Ur-pel,Dorgeshuun,Dorgesh-Kaan
813,2754,0.98404384,Colonel Grimsson,Dwarf,"Red Axe base, Keldagrim",Mountain Dwarf,Dwarf,Lumbridge dining hall
813,2755,0.98404384,Colonel Grimsson,Dwarf,"Red Axe base, Keldagrim",Mountain Dwarf,Dwarf,Near White Wolf Mountain
247,813,0.98404384,Austri,Dwarf,Taverley,Colonel Grimsson,Dwarf,"Red Axe base, Keldagrim"
813,3962,0.98404384,Colonel Grimsson,Dwarf,"Red Axe base, Keldagrim",Thorgel,Dwarf,Temple of Light
813,1113,0.98404384,Colonel Grimsson,Dwarf,"Red Axe base, Keldagrim",Dwarven Boatman,Dwarf,Keldagrim south-west mine
813,2480,0.98404384,Colonel Grimsson,Dwarf,"Red Axe base, Keldagrim",Lovakengj Engineer,Dwarf,Battlefront
813,1065,0.98404384,Colonel Grimsson,Dwarf,"Red Axe base, Keldagrim",Drogo dwarf,Dwarf,Dwarven Mine
813,1879,0.98404384,Colonel Grimsson,Dwarf,"Red Axe base, Keldagrim",Hammerspike Stoutbeard,Dwarf,Dwarven Mines
813,1732,0.98404384,Colonel Grimsson,Dwarf,"Red Axe base, Keldagrim",Green Gemstone Secretary,Dwarf,Keldagrim
813,1114,0.98404384,Colonel Grimsson,Dwarf,"Red Axe base, Keldagrim",Dwarven Engineer,Dwarf,Keldagrim
3049,4416,0.98404336,Phials,Human,Rimmington,Zembo,Human,"Musa Point, Karamja"
716,3049,0.98404336,Charles,Human,Port Piscarilius,Phials,Human,Rimmington
1863,2526,0.9840421,Hajedy,Human,Brimhaven,Mage of Zamorak,Human,Ourania Cave
2244,2526,0.9840421,Khazard Barman,Human,South-western corner of the Fight Arena,Mage of Zamorak,Human,Ourania Cave
2526,3575,0.9840421,Mage of Zamorak,Human,Ourania Cave,Shop keeper,Human,Port Khazard
1347,2272,0.98404205,Faustus,Human,Aldarin,Kiyahtla,Human,Tlati Rainforest
3102,3902,0.98404133,Port Official,Human,Port Piscarilius,Tea Seller,Human,Varrock
1876,2111,0.98404026,Hamid,Human,Emir's Arena,Jasper,Human,Salvager Overlook
318,624,0.9840393,Banker,Human,Varrock,Captain Ginea,Human,Shayzien Encampment
1140,4361,0.98403645,Edmond,Human,Bandit camp mine,Xi_plzPetDogz_xiX,Human,South of Edgeville Monastery
527,4361,0.9840362,Brother Althric,Human,Edgeville Monastery,Xi_plzPetDogz_xiX,Human,South of Edgeville Monastery
1163,4361,0.9840362,Elder Chaos druid,Human,Chaos Temple,Xi_plzPetDogz_xiX,Human,South of Edgeville Monastery
3860,4361,0.9840362,Svidi,Human,East of Rellekka,Xi_plzPetDogz_xiX,Human,South of Edgeville Monastery
3532,4361,0.9840362,Sherpa,Human,? (edit),Xi_plzPetDogz_xiX,Human,South of Edgeville Monastery
2340,4361,0.9840362,Larry,Human,Wilderness,Xi_plzPetDogz_xiX,Human,South of Edgeville Monastery
3515,4361,0.9840362,Shantay Guard,Human,Ruins of Unkah,Xi_plzPetDogz_xiX,Human,South of Edgeville Monastery
1934,4361,0.9840362,Hengrad,Human,Fight Arena,Xi_plzPetDogz_xiX,Human,South of Edgeville Monastery
4128,4361,0.9840362,Unferth,Human,Burthorpe,Xi_plzPetDogz_xiX,Human,South of Edgeville Monastery
707,4361,0.9840362,Chadwell,Human,West Ardougne,Xi_plzPetDogz_xiX,Human,South of Edgeville Monastery
1060,4361,0.9840362,Drezel,Human,Paterdomus,Xi_plzPetDogz_xiX,Human,South of Edgeville Monastery
4094,4361,0.9840362,Tyras guard,Human,Tyras Camp,Xi_plzPetDogz_xiX,Human,South of Edgeville Monastery
2714,4361,0.9840362,Monk,Human,Varrock,Xi_plzPetDogz_xiX,Human,South of Edgeville Monastery
1299,3851,0.98403573,Factory Manager,Dwarf,Keldagrim,Supreme Commander,Dwarf,Keldagrim
1978,3497,0.9840348,Hooknosed Jack,Human,Varrock Rat Pits,Sergeant Tobyn,Human,Varrock Square
1641,1810,0.98403287,Giles,Human,Anywhere random events can occur,Guidor,Human,Varrock
2068,4268,0.9840319,Ironman tutor,Human,Lumbridge,Wesley,Human,Nardah
2069,4344,0.98403126,Ironman tutor,Human,Tutorial Island,Worker,,Varlamore
2215,2890,0.98402953,Karim,Human,Blue Moon Inn,Obli,Human,Shilo Village
167,3594,0.9840201,Apprentice workman,Human,Falador,Sid,Human,Mansion in a faraway island.
1452,4186,0.9840199,Florin,Human,Burgh de Rott,Verak,Human,East of Burgh de Rott
1971,3266,0.98401976,Holly,Human,North of Port Sarim,Regent,Human,Central island of The Node
435,1076,0.9840137,Black Guard,Dwarf,Keldagrim,Drunken Dwarf,,Player-owned boat
3573,4025,0.9840121,Shop keeper,Human,Lumbridge,Tourist,,"Civitas illa Fortis , Aldarin"
286,3571,0.98400927,Bank guard,Human,Draynor Village,Shop keeper,Human,Falador
1004,3639,0.9840089,Dock worker,Human,Port Piscarilius,Sir Rebral,Human,Falador
716,3487,0.9840068,Charles,Human,Port Piscarilius,Seravel,Human,Shilo Village
3487,4416,0.9840068,Seravel,Human,Shilo Village,Zembo,Human,"Musa Point, Karamja"
405,3301,0.98400545,Bentamir,Dwarf,Keldagrim,Richard Flintmaul,Dwarf,
405,2940,0.98400545,Bentamir,Dwarf,Keldagrim,Ordan,Dwarf,Keldagrim
405,1115,0.98400545,Bentamir,Dwarf,Keldagrim,Dwarven Ferryman,Dwarf,Keldagrim
1996,4025,0.98400474,Hudon,Human,Baxtorian Falls,Tourist,,"Civitas illa Fortis , Aldarin"
3407,4025,0.98400474,Sammy Servil,Human,Fight Arena prison,Tourist,,"Civitas illa Fortis , Aldarin"
95,282,0.9840038,Ali the Smith,Human,Al Kharid,Bandit Leader,Human,Pollnivneach
95,322,0.9840038,Ali the Smith,Human,Al Kharid,Banknote Exchange Merchant,Human,Pollnivneach
743,3407,0.98400176,Child,Human,All over West Ardougne,Sammy Servil,Human,Fight Arena prison
743,1996,0.98400176,Child,Human,All over West Ardougne,Hudon,Human,Baxtorian Falls
2024,2846,0.9839994,Ide,Human,,Niles,Human,Anywhere random events can occur
2024,3066,0.9839994,Ide,Human,,Piles,Human,Resource Area
53,4013,0.98399925,Agnar,Human,Rellekka,Torfinn,Human,Rellekka
386,2679,0.9839976,Bedread the bold,Human,Pirates' Cove,Miner Magnus,Human,Miscellania
2069,3571,0.9839966,Ironman tutor,Human,Tutorial Island,Shop keeper,Human,Falador
2918,3851,0.98399556,Old dwarf,Dwarf ( Imcando-descendant ),Cliffs between the Lovakite mine and The Forsaken Tower,Supreme Commander,Dwarf,Keldagrim
989,3568,0.9839927,Diana,Human,Myths' Guild,Shop keeper,Human,Al Kharid
494,1538,0.98399264,Bork Sigmundson,Human,Ice Troll Caves,Galahad,Human,Near McGrubor's Wood
533,3263,0.9839921,Brother Maledict,Human,Witchaven,Ref,Human,Warriors' Guild
3263,4345,0.9839921,Ref,Human,Warriors' Guild,Workman,Human,Falador
370,3321,0.98399067,Bartender,Human,The Warrens,Robyn,Human,Shayzien
3562,3585,0.9839895,Shop assistant,Human,Lumbridge,Shopkeeper,,Civitas illa Fortis
435,1074,0.98398757,Black Guard,Dwarf,Keldagrim,Drunken Dwarf,Dwarf,Random
172,1486,0.9839822,arc_test_01,Citizen of Arceuus,,Freald,Citizen of Arceuus,Arceuus
1094,4001,0.9839803,Duke Horacio,Human,Lumbridge Castle ground floor [ UK ] 1 st floor [ US ],Tom,Human,Christmas Factory
1093,4001,0.9839803,Duke Horacio,Human,Lumbridge Castle,Tom,Human,Christmas Factory
1763,3968,0.98398006,Gruva Patrull,Human,Jatizso Mine Entrance,Thorvald the Warrior,Human,Rellekka
1781,3965,0.98398006,Guard,Human,Jatizso,Thorodin,Human,Rellekka
1781,3968,0.98398006,Guard,Human,Jatizso,Thorvald the Warrior,Human,Rellekka
1763,3965,0.98398006,Gruva Patrull,Human,Jatizso Mine Entrance,Thorodin,Human,Rellekka
1780,3965,0.98398006,Guard,Human,Jatizso,Thorodin,Human,Rellekka
1780,3968,0.98398006,Guard,Human,Jatizso,Thorvald the Warrior,Human,Rellekka
682,4252,0.9839799,Catalytic Guardian,Rune guardian,Temple of the Eye,Weak catalytic guardian,Rune guardian,Temple of the Eye
682,2625,0.9839799,Catalytic Guardian,Rune guardian,Temple of the Eye,Medium catalytic guardian,Rune guardian,Temple of the Eye
682,2626,0.9839799,Catalytic Guardian,Rune guardian,Temple of the Eye,Medium elemental guardian,Rune guardian,Temple of the Eye
682,4253,0.9839799,Catalytic Guardian,Rune guardian,Temple of the Eye,Weak elemental guardian,Rune guardian,Temple of the Eye
682,3829,0.9839799,Catalytic Guardian,Rune guardian,Temple of the Eye,Strong catalytic guardian,Rune guardian,Temple of the Eye
682,3830,0.9839799,Catalytic Guardian,Rune guardian,Temple of the Eye,Strong elemental guardian,Rune guardian,Temple of the Eye
682,2966,0.98397976,Catalytic Guardian,Rune guardian,Temple of the Eye,Overcharged elemental guardian,Rune guardian,Temple of the Eye
682,2965,0.98397976,Catalytic Guardian,Rune guardian,Temple of the Eye,Overcharged catalytic guardian,Rune guardian,Temple of the Eye
1201,1209,0.9839783,Elkoy,Gnome,Tree Gnome Village Maze entrance,Elnock Inquisitor,Gnome,Puro-Puro
2233,2651,0.9839755,Kent,Human,"Unknown island, Witchaven",Meskhenet,Human,Nardah
1989,3263,0.98397416,Hosa,Human,Kingstown statue,Ref,Human,Warriors' Guild
1860,2492,0.98396957,Hairdresser,Human,Falador,Luke,Human,Shipyard
775,1093,0.98396754,Chuck,Human,Realm of Memories,Duke Horacio,Human,Lumbridge Castle
775,1094,0.98396754,Chuck,Human,Realm of Memories,Duke Horacio,Human,Lumbridge Castle ground floor [ UK ] 1 st floor [ US ]
1559,1581,0.9839667,Gary,Human,Varrock,General Salara,Human,Shayzien
494,831,0.9839659,Bork Sigmundson,Human,Ice Troll Caves,Conrad King,Human,Port Piscarilius
2344,2688,0.9839643,Lassin,Dwarf ( Imcando-descendant ),"Northern Tundras , Wintertodt",Miriam,Dwarf ( Imcando-descendant ),Lovakengj
318,743,0.98396075,Banker,Human,Varrock,Child,Human,All over West Ardougne
887,2478,0.9839585,Crone,Human,Entrana,Louisa,Human,Sinclair Mansion
1117,1522,0.9839575,Dylan,Dwarf,Christmas Factory,Fullangr,Dwarf,Miscellania and Etceteria Dungeon
432,1494,0.983957,Bjorn,Human,Rellekka Longhall Bar,Fridgeir,Human,Rellekka Longhall Bar
3672,3837,0.983957,Skulgrimen,Human,Rellekka,Styrmir,Human,Rellekka Longhall Bar
1494,3837,0.983957,Fridgeir,Human,Rellekka Longhall Bar,Styrmir,Human,Rellekka Longhall Bar
432,3672,0.983957,Bjorn,Human,Rellekka Longhall Bar,Skulgrimen,Human,Rellekka
528,1416,0.98395514,Brother Brace,Human,Tutorial Island,Fisherman Frodi,Human,Miscellania
2492,2553,0.98394865,Luke,Human,Shipyard,Man,Human,Hosidius vinery
2492,2552,0.98394865,Luke,Human,Shipyard,Man,Human,Catacombs of Kourend
1844,2056,0.9839463,Gwerin Hapus,Elf,Gwenith,Ingwe,Elf,Prifddinas
193,1860,0.9839421,Arhein,Human,Catherby,Hairdresser,Human,Falador
1018,3514,0.98394156,Dominic Onion,Human,"Nightmare Zone , north of Yanille",Shantay,Human,Shantay Pass
1348,2781,0.9839393,Fayeth,Human,Lumbridge,Murky Pat,Human,Lady Zay
302,2551,0.9839381,Banker,Human,Hosidius,Man,Werewolf,Canifis
520,3177,0.9839343,Briget,Human,Shayzien,Quartermaster,Human,Tyras Camp
429,520,0.9839343,Billy Rehnison,Human,West Ardougne,Briget,Human,Shayzien
1997,3244,0.9839318,Hugh,Human,Salvager Overlook,Recruiter,Human,West Ardougne
999,1093,0.98393124,Disappointed father,Human,Varrock,Duke Horacio,Human,Lumbridge Castle
999,1094,0.98393124,Disappointed father,Human,Varrock,Duke Horacio,Human,Lumbridge Castle ground floor [ UK ] 1 st floor [ US ]
1998,3961,0.98393,Hugor,Dwarf,Land's End,Thordur,Dwarf,Dwarven Mines
2117,3568,0.98392314,Jeff,Human,Musa Point,Shop keeper,Human,Al Kharid
534,1971,0.98392034,Brother Omad,Human,Monastery south of Ardougne,Holly,Human,North of Port Sarim
532,1971,0.98392034,Brother Kojo,Human,"The Clock Tower , south of Ardougne",Holly,Human,North of Port Sarim
1344,1971,0.98392034,Father Lawrence,Human,Varrock church,Holly,Human,North of Port Sarim
690,1971,0.98392034,Cave monk,Human,Entrana,Holly,Human,North of Port Sarim
1971,2718,0.98392034,Holly,Human,North of Port Sarim,Monk,Human,Lumbridge Swamp
529,1971,0.98392034,Brother Cedric,Human,East Ardougne,Holly,Human,North of Port Sarim
1138,3882,0.98391193,Ed Wood,Human,Digsite,Tanner,Human,Crafting Guild
1711,2276,0.9839114,GPDT employee,Human,East Ardougne,Klarense,Human,Port Sarim
1118,1477,0.98391104,Eadgar,Human,Summit of Trollheim ( Trollheim Teleport ),Francis,Human,Entrana
3299,4269,0.98390883,Richard,Human,Hosidius,Weve,Human,Wyvern Cave
181,1216,0.9839078,Aredhel,Elf,Prifddinas,Elven Scout,Elf,Isafdar
1093,1480,0.9839023,Duke Horacio,Human,Lumbridge Castle,Frank,Human,Sinclair Mansion
1094,1480,0.9839023,Duke Horacio,Human,Lumbridge Castle ground floor [ UK ] 1 st floor [ US ],Frank,Human,Sinclair Mansion
494,4001,0.9839021,Bork Sigmundson,Human,Ice Troll Caves,Tom,Human,Christmas Factory
1257,1914,0.98389983,Erasmus,Human,Lumbridge,Head mourner,Elf,West Ardougne
3004,4303,0.9838967,Peasant,Human,Fisher Realm,Wistan,Human,Burthorpe
686,687,0.9838941,Cave goblin,Dorgeshuun,Dorgesh-Kaan,Cave goblin,Dorgeshuun,Dorgesh-Kaan–Keldagrim train system
1559,3585,0.9838921,Gary,Human,Varrock,Shopkeeper,,Civitas illa Fortis
494,640,0.9838908,Bork Sigmundson,Human,Ice Troll Caves,Captain Rovin,Human,Varrock Palace
3358,3831,0.98388946,Rufus,Werewolf,Canifis,Strong Ronny,Werewolf,Sisterhood Sanctuary
1068,1495,0.98388743,Dron,Human,Rellekka,Fridleif Shieldson,Human,Neitiznot Hall
229,4121,0.9838863,Assistant Brock,Human,Crafting Guild,Ulsquire Shauncy,Human,Mort'ton
193,2552,0.98388493,Arhein,Human,Catherby,Man,Human,Catacombs of Kourend
193,2553,0.98388493,Arhein,Human,Catherby,Man,Human,Hosidius vinery
103,1642,0.9838836,Almera,Human,Baxtorian Falls,Gileth,Human,Tree Gnome Village
103,106,0.9838836,Almera,Human,Baxtorian Falls,Alrena,Human,East Ardougne
103,1025,0.9838836,Almera,Human,Baxtorian Falls,Donie,Human,In and around Lumbridge
103,2460,0.9838836,Almera,Human,Baxtorian Falls,Lorelai,Human,"Warriors' Guild , basement"
103,1026,0.9838836,Almera,Human,Baxtorian Falls,Donie,Human,North-east of Lumbridge General Store
1839,3671,0.9838829,Gurtob,Ogre,Backwater,Skrach Uglogwee,Ogre,Lumbridge Castle dining hall
169,2947,0.9838825,Aranwe,Elf,Prifddinas,Orophin,Elf,Prifddinas
716,1538,0.98387885,Charles,Human,Port Piscarilius,Galahad,Human,Near McGrubor's Wood
1538,4416,0.98387885,Galahad,Human,Near McGrubor's Wood,Zembo,Human,"Musa Point, Karamja"
624,2551,0.9838785,Captain Ginea,Human,Shayzien Encampment,Man,Werewolf,Canifis
3359,3568,0.983876,Rufus,Human,Civitas illa Fortis,Shop keeper,Human,Al Kharid
838,1538,0.9838759,Cook,Human,Jolly Boar Inn,Galahad,Human,Near McGrubor's Wood
2551,3503,0.98387575,Man,Werewolf,Canifis,Seth,Human,Brimhaven
2218,3966,0.9838754,Kaston,Dwarf,Shayzien,Thorodin,Dwarf,Miscellania and Etceteria Dungeon
1341,2118,0.9838741,Father Eysseric,Human,Shayzien,Jeff,Human,Varrock
770,2144,0.9838711,Chris,Human,Emir's Arena,Joe,Human,Mos Le'Harmless
1804,2144,0.9838711,Guardian of Armadyl,Human,Varies,Joe,Human,Mos Le'Harmless
1787,2144,0.9838711,Guard,Human,Mountain Camp,Joe,Human,Mos Le'Harmless
687,4419,0.98386925,Cave goblin,Dorgeshuun,Dorgesh-Kaan–Keldagrim train system,Zenkog,Dorgeshuun,Dorgesh-Kaan market
1538,3107,0.98386896,Galahad,Human,Near McGrubor's Wood,Port worker,Human,Port Piscarilius
1680,3343,0.9838656,Goat Poo,Troll,Weiss,Root,Troll,Weiss
2594,2878,0.98386514,Martin Thwait,Human,Rogues' Den,Nurse Sarah,Human,West Ardougne
3266,4119,0.9838598,Regent,Human,Central island of The Node,Ulina,Human,Christmas Factory
2961,3381,0.9838589,Oswallt,Elf,Prifddinas,Saeros,Elf,Prifddinas
1846,2961,0.9838586,Gwyl,Elf,Prifddinas,Oswallt,Elf,Prifddinas
3962,4009,0.98385704,Thorgel,Dwarf,Temple of Light,Toothy,Dwarf ( Imcando-descendant ),Lovakengj
247,4009,0.98385704,Austri,Dwarf,Taverley,Toothy,Dwarf ( Imcando-descendant ),Lovakengj
2754,4009,0.98385704,Mountain Dwarf,Dwarf,Lumbridge dining hall,Toothy,Dwarf ( Imcando-descendant ),Lovakengj
2755,4009,0.98385704,Mountain Dwarf,Dwarf,Near White Wolf Mountain,Toothy,Dwarf ( Imcando-descendant ),Lovakengj
2480,4009,0.98385704,Lovakengj Engineer,Dwarf,Battlefront,Toothy,Dwarf ( Imcando-descendant ),Lovakengj
1065,4009,0.98385704,Drogo dwarf,Dwarf,Dwarven Mine,Toothy,Dwarf ( Imcando-descendant ),Lovakengj
1732,4009,0.98385704,Green Gemstone Secretary,Dwarf,Keldagrim,Toothy,Dwarf ( Imcando-descendant ),Lovakengj
1113,4009,0.98385704,Dwarven Boatman,Dwarf,Keldagrim south-west mine,Toothy,Dwarf ( Imcando-descendant ),Lovakengj
1114,4009,0.98385704,Dwarven Engineer,Dwarf,Keldagrim,Toothy,Dwarf ( Imcando-descendant ),Lovakengj
1879,4009,0.98385704,Hammerspike Stoutbeard,Dwarf,Dwarven Mines,Toothy,Dwarf ( Imcando-descendant ),Lovakengj
624,3359,0.9838567,Captain Ginea,Human,Shayzien Encampment,Rufus,Human,Civitas illa Fortis
3612,3851,0.98385406,Silver Cog Director,Dwarf,Keldagrim,Supreme Commander,Dwarf,Keldagrim
2566,4318,0.9838533,Marfet,Human,Varrock Museum,Wizard Jalarast,Human,Wizards' Tower
2069,4064,0.9838531,Ironman tutor,Human,Tutorial Island,Trobert,Human,Brimhaven
1502,2207,0.98385084,Frincos,Human,Entrana,Karaday,Human,Tai Bwo Wannai
2380,2522,0.9838482,Lenwe,Elf,Prifddinas,Maeglin,Elf,Prifddinas
494,1255,0.9838463,Bork Sigmundson,Human,Ice Troll Caves,epic mager34,Human,Lumbridge watermill
3826,4269,0.9838455,Street urchin,Human,Pollnivneach,Weve,Human,Wyvern Cave
2620,3565,0.9838403,Mazion,Human,Entrana sandpit,Shop assistant,Human,Varrock
704,3564,0.98383915,Ceril Carnillean,Human,East Ardougne,Shop assistant,Human,Rimmington
704,2146,0.98383915,Ceril Carnillean,Human,East Ardougne,Joe,Human,Draynor Village jail
310,700,0.9838388,Banker,Elf,Prifddinas,Celyn,Elf,Prifddinas
423,2124,0.9838384,BigRedJapan,Human,Rooftop Agility Courses,Jeremy Clerksin,Human,Varrock church
2233,2652,0.9838345,Kent,Human,"Unknown island, Witchaven",Messenger,Human,Anywhere
1520,3568,0.9838318,Fry,Human,Rabbit Hole,Shop keeper,Human,Al Kharid
287,3568,0.9838318,Banker,Human,Bank,Shop keeper,Human,Al Kharid
293,3568,0.9838318,Banker,Werewolf,Canifis,Shop keeper,Human,Al Kharid
298,3568,0.9838318,Banker,Human,Draynor Village,Shop keeper,Human,Al Kharid
317,3568,0.9838318,Banker,Human,Tutorial Island,Shop keeper,Human,Al Kharid
520,858,0.9838288,Briget,Human,Shayzien,Councillor Andrews,Human,Kourend Castle
1000,2408,0.9838262,Disappointed mother,Human,Varrock,Ling,Human,
1253,3573,0.9838258,Eohric,Human,Burthorpe castle,Shop keeper,Human,Lumbridge
4262,4361,0.98382556,Well-dressed man,Human,Aldarin,Xi_plzPetDogz_xiX,Human,South of Edgeville Monastery
798,1580,0.9838207,Clerk,Human,Clan Hub,General Kilian,Human,Shayzien
1004,3102,0.9838201,Dock worker,Human,Port Piscarilius,Port Official,Human,Port Piscarilius
2274,3425,0.983819,Kjut,Dwarf,Keldagrim,Santiri,Dwarf,Keldagrim
353,406,0.9838184,Bartender,Human,Varrock,Bernald,Human,Burthorpe
350,406,0.9838184,Bartender,Human,Blue Moon Inn,Bernald,Human,Burthorpe
1874,3547,0.9838126,Hambling,Human,Rellekka Longhall Bar,Shipwright Silas,Human,Aldarin
2551,3132,0.98381215,Man,Werewolf,Canifis,Prince Ali,Human,Draynor Village jail
209,4029,0.9838095,Arnor,Human,Northern Etceteria,Town Guard,Human,Rellekka
722,743,0.98380727,Charlie,Human,The Grand Tree top floor,Child,Human,All over West Ardougne
3843,3975,0.9838072,Sune,Dwarf,Keldagrim,Ticket dwarf,Dwarf,In the train station in Keldagrim
1111,3975,0.9838072,Dwarf,Dwarf,Dorgesh-Kaan–Keldagrim train system,Ticket dwarf,Dwarf,In the train station in Keldagrim
193,4025,0.98380214,Arhein,Human,Catherby,Tourist,,"Civitas illa Fortis , Aldarin"
193,298,0.9838016,Arhein,Human,Catherby,Banker,Human,Draynor Village
193,1520,0.9838016,Arhein,Human,Catherby,Fry,Human,Rabbit Hole
193,287,0.9838016,Arhein,Human,Catherby,Banker,Human,Bank
193,317,0.9838016,Arhein,Human,Catherby,Banker,Human,Tutorial Island
193,293,0.9838016,Arhein,Human,Catherby,Banker,Werewolf,Canifis
2781,2978,0.9837942,Murky Pat,Human,Lady Zay,Palum,Human,Christmas Factory
2116,2228,0.9837878,Jeed,Human,Emir's Arena,Kelvin,Human,Fight Arena
2116,4052,0.9837878,Jeed,Human,Emir's Arena,Tramp,Human,Varrock
2116,3681,0.9837878,Jeed,Human,Emir's Arena,Slave,Human,Fight Arena
993,2116,0.9837875,Digsite workman,Human,Digsite and near Varrock Museum,Jeed,Human,Emir's Arena
1643,3894,0.983787,Gillie Groats,Human,"Eastern Lumbridge cow pen, near the Al Kharid toll gate.",Tassie Slipcast,Human,Barbarian Village
1374,3831,0.9837866,Fidelio,Werewolf,Canifis,Strong Ronny,Werewolf,Sisterhood Sanctuary
80,4416,0.983786,Alfonse the waiter,Human,Brimhaven,Zembo,Human,"Musa Point, Karamja"
354,4416,0.983786,Bartender,Human,Varrock,Zembo,Human,"Musa Point, Karamja"
354,716,0.983786,Bartender,Human,Varrock,Charles,Human,Port Piscarilius
80,716,0.983786,Alfonse the waiter,Human,Brimhaven,Charles,Human,Port Piscarilius
4235,4349,0.9837846,Wally,Human,Varrock,Worried Baker,Human,Varrock
532,3565,0.98378444,Brother Kojo,Human,"The Clock Tower , south of Ardougne",Shop assistant,Human,Varrock
1344,3565,0.98378444,Father Lawrence,Human,Varrock church,Shop assistant,Human,Varrock
690,3565,0.98378444,Cave monk,Human,Entrana,Shop assistant,Human,Varrock
534,3565,0.98378444,Brother Omad,Human,Monastery south of Ardougne,Shop assistant,Human,Varrock
2718,3565,0.98378444,Monk,Human,Lumbridge Swamp,Shop assistant,Human,Varrock
529,3565,0.98378444,Brother Cedric,Human,East Ardougne,Shop assistant,Human,Varrock
1935,3734,0.9837836,Henja,Human,Rimmington,Soldier,Human,The Cloak and Stagger
2552,3573,0.98378325,Man,Human,Catacombs of Kourend,Shop keeper,Human,Lumbridge
2553,3573,0.98378325,Man,Human,Hosidius vinery,Shop keeper,Human,Lumbridge
2562,3672,0.98376894,Manni the Reveller,Human,Rellekka Longhall Bar,Skulgrimen,Human,Rellekka
1494,2562,0.98376894,Fridgeir,Human,Rellekka Longhall Bar,Manni the Reveller,Human,Rellekka Longhall Bar
858,3523,0.98376644,Councillor Andrews,Human,Kourend Castle,Shayzien Infiltrator,Human,Lizardman Temple
2759,2832,0.98376596,Mountain Guide,Human,Nemus Retreat,Nezketi,Human,Tal Teklan
1115,1962,0.98375833,Dwarven Ferryman,Dwarf,Keldagrim,Hirko,Dwarf,Keldagrim
1962,2940,0.98375833,Hirko,Dwarf,Keldagrim,Ordan,Dwarf,Keldagrim
1962,3301,0.98375833,Hirko,Dwarf,Keldagrim,Richard Flintmaul,Dwarf,
999,3902,0.9837558,Disappointed father,Human,Varrock,Tea Seller,Human,Varrock
1860,3565,0.98375523,Hairdresser,Human,Falador,Shop assistant,Human,Varrock
1112,4009,0.983755,Dwarven Boatman,Dwarf,Keldagrim,Toothy,Dwarf ( Imcando-descendant ),Lovakengj
2233,3899,0.98375475,Kent,Human,"Unknown island, Witchaven",Taylor,Human,Farming Guild
358,2233,0.98375475,Bartender,Human,Seers' Village,Kent,Human,"Unknown island, Witchaven"
3430,3960,0.9837543,Sarah,Human,Varrock,Thora the Barkeep,Human,Rellekka Longhall Bar
1490,1776,0.98375297,Fremennik Warrior,Human,Rellekka,Guard,Human,Southern Etceteria
1490,1783,0.98375297,Fremennik Warrior,Human,Rellekka,Guard,Human,Miscellania Castle
1490,1784,0.98375297,Fremennik Warrior,Human,Rellekka,Guard,Human,Miscellania market
342,2163,0.9837513,Barman,Dwarf,West Keldagrim,Jorzik,Dwarf,Keldagrim
342,2249,0.9837513,Barman,Dwarf,West Keldagrim,"Khorvak, a dwarven engineer",Dwarf,Under White Wolf Mountain
342,3955,0.98375076,Barman,Dwarf,West Keldagrim,Thirus,Dwarf ( Imcando-descendant ),Lovakengj
3562,3565,0.9837504,Shop assistant,Human,Lumbridge,Shop assistant,Human,Varrock
624,1971,0.98375034,Captain Ginea,Human,Shayzien Encampment,Holly,Human,North of Port Sarim
3989,4200,0.9837463,Tindel Marchant,Human,Port Khazard,Vigroy,Human,Shilo Village
1559,3523,0.9837452,Gary,Human,Varrock,Shayzien Infiltrator,Human,Lizardman Temple
3523,3928,0.9837446,Shayzien Infiltrator,Human,Lizardman Temple,The 'Wedge',Human,Camelot
2578,3523,0.9837446,Mark,Human,Port Piscarilius,Shayzien Infiltrator,Human,Lizardman Temple
3523,3997,0.9837446,Shayzien Infiltrator,Human,Lizardman Temple,Toby,Human,Varrock
3523,3700,0.9837446,Shayzien Infiltrator,Human,Lizardman Temple,Smithing apprentice,Human,Lumbridge
1715,3523,0.9837446,Grand Exchange Clerk,Human,Grand Exchange,Shayzien Infiltrator,Human,Lizardman Temple
1078,3523,0.9837446,Drunken soldier,Human,The Cloak and Stagger,Shayzien Infiltrator,Human,Lizardman Temple
2980,3523,0.9837446,Panning guide,Human,Digsite,Shayzien Infiltrator,Human,Lizardman Temple
3020,3148,0.9837445,Perrdur,Gnome,Grand Tree,Professor Gracklebone,Gnome,Arceuus Library
3020,3150,0.9837445,Perrdur,Gnome,Grand Tree,Professor Manglethorp,Gnome,The Consortium
830,2679,0.9837415,Concerned man,Human,Varrock,Miner Magnus,Human,Miscellania
2578,3266,0.98373777,Mark,Human,Port Piscarilius,Regent,Human,Central island of The Node
2980,3266,0.98373777,Panning guide,Human,Digsite,Regent,Human,Central island of The Node
1715,3266,0.98373777,Grand Exchange Clerk,Human,Grand Exchange,Regent,Human,Central island of The Node
3266,3928,0.98373777,Regent,Human,Central island of The Node,The 'Wedge',Human,Camelot
3266,3997,0.98373777,Regent,Human,Central island of The Node,Toby,Human,Varrock
1078,3266,0.98373777,Drunken soldier,Human,The Cloak and Stagger,Regent,Human,Central island of The Node
3266,3700,0.98373777,Regent,Human,Central island of The Node,Smithing apprentice,Human,Lumbridge
1695,3734,0.98373693,Godric,Human,Troll Stronghold prison,Soldier,Human,The Cloak and Stagger
1490,4013,0.98373425,Fremennik Warrior,Human,Rellekka,Torfinn,Human,Rellekka
881,996,0.98373276,Creakyknees,Goblin,Goblin settlement,Dipflip,Goblin,Goblin Temple
181,2689,0.9837326,Aredhel,Elf,Prifddinas,Miriel,Elf,Prifddinas
2890,3107,0.9837321,Obli,Human,Shilo Village,Port worker,Human,Port Piscarilius
583,1235,0.98372746,Caerwyn,Elf,Prifddinas,Enel,Elf,Prifddinas
520,3562,0.9837253,Briget,Human,Shayzien,Shop assistant,Human,Lumbridge
2300,2433,0.9837252,Krato,Citizen of Arceuus,Library Historical Archive,Logios,Citizen of Arceuus,Library Historical Archive
577,1018,0.98372376,Cabin Boy Herbert,Human,Port Sarim Port Piscarilius,Dominic Onion,Human,"Nightmare Zone , north of Yanille"
2228,2660,0.9837234,Kelvin,Human,Fight Arena,Mia,Human,Shayzien
2660,4052,0.9837234,Mia,Human,Shayzien,Tramp,Human,Varrock
993,2660,0.9837234,Digsite workman,Human,Digsite and near Varrock Museum,Mia,Human,Shayzien
2660,3681,0.98372304,Mia,Human,Shayzien,Slave,Human,Fight Arena
3066,3125,0.9837228,Piles,Human,Resource Area,Priest,Human,East Ardougne
2846,3125,0.98372257,Niles,Human,Anywhere random events can occur,Priest,Human,East Ardougne
565,3600,0.9837195,Butler Jarvis,Human,Hosidius,Sigmund,Human,Lumbridge Castle
2385,3734,0.98371947,Lesser Fanatic,Human,Edgeville,Soldier,Human,The Cloak and Stagger
1580,3359,0.9837165,General Kilian,Human,Shayzien,Rufus,Human,Civitas illa Fortis
1208,2344,0.983711,Elnes,Dwarf ( Imcando-descendant ),Tithe Farm,Lassin,Dwarf ( Imcando-descendant ),"Northern Tundras , Wintertodt"
989,3571,0.98370934,Diana,Human,Myths' Guild,Shop keeper,Human,Falador
345,2631,0.98370683,Barnabus Hurma,Human,Varrock Museum,Meiyerditch citizen,Human,Meiyerditch
3559,3681,0.9837065,Shop assistant,Human,Al Kharid,Slave,Human,Fight Arena
3559,4052,0.98370624,Shop assistant,Human,Al Kharid,Tramp,Human,Varrock
993,3559,0.98370624,Digsite workman,Human,Digsite and near Varrock Museum,Shop assistant,Human,Al Kharid
2228,3559,0.98370624,Kelvin,Human,Fight Arena,Shop assistant,Human,Al Kharid
2449,3594,0.9837048,Lord Daquarius,Human,Taverley Dungeon,Sid,Human,Mansion in a faraway island.
3429,3740,0.9837029,Sarah,Human,South Falador Farm,Sophia Hughes,Human,Kourend Castle
838,900,0.9837005,Cook,Human,Jolly Boar Inn,Curpile Fyod,Human,Mort Myre Swamp
494,517,0.98368454,Bork Sigmundson,Human,Ice Troll Caves,Brian,Human,Port Sarim
318,3826,0.98368025,Banker,Human,Varrock,Street urchin,Human,Pollnivneach
1580,1860,0.98367727,General Kilian,Human,Shayzien,Hairdresser,Human,Falador
1502,3575,0.9836765,Frincos,Human,Entrana,Shop keeper,Human,Port Khazard
1502,2244,0.9836765,Frincos,Human,Entrana,Khazard Barman,Human,South-western corner of the Fight Arena
1502,1863,0.9836765,Frincos,Human,Entrana,Hajedy,Human,Brimhaven
356,1997,0.98367584,Bartender,Human,Yanille,Hugh,Human,Salvager Overlook
1935,2552,0.9836724,Henja,Human,Rimmington,Man,Human,Catacombs of Kourend
1935,2553,0.9836724,Henja,Human,Rimmington,Man,Human,Hosidius vinery
2051,3740,0.983672,Information clerk,Human,Varrock Museum,Sophia Hughes,Human,Kourend Castle
1156,3001,0.9836651,Eggy,Rabbit,Draynor Village,Paws,Rabbit,Bunbridge
640,4303,0.9836645,Captain Rovin,Human,Varrock Palace,Wistan,Human,Burthorpe
3613,4009,0.9836645,Silver Cog Secretary,Dwarf,Keldagrim,Toothy,Dwarf ( Imcando-descendant ),Lovakengj
4105,4109,0.98366266,TzHaar-Ket-Zuh,TzHaar,Mor Ul Rek,TzHaar-Mej-Jal,TzHaar,Mor Ul Rek
4104,4109,0.98366266,TzHaar-Ket-Yil,TzHaar,Mor Ul Rek,TzHaar-Mej-Jal,TzHaar,Mor Ul Rek
689,4084,0.983662,Cave goblin worker,Dorgeshuun,Christmas Factory,Turgok,Dorgeshuun,Dorgesh-Kaan market
447,974,0.98365736,Blandebir,Dwarf,Keldagrim,Dernu,Dwarf,Keldagrim south-west mine
1408,3752,0.983656,Fish monger,Human,The Warrens,Spectator,Human,Fight Arena
1580,2069,0.98365223,General Kilian,Human,Shayzien,Ironman tutor,Human,Tutorial Island
2111,2383,0.9836506,Jasper,Human,Salvager Overlook,Leo,Human,"Bazaar , Civitas illa Fortis"
3989,4303,0.9836499,Tindel Marchant,Human,Port Khazard,Wistan,Human,Burthorpe
1987,2964,0.98364556,Horphis,Citizen of Arceuus,Arceuus Library,Ouditor,Citizen of Arceuus,Arceuus
3177,3734,0.98363835,Quartermaster,Human,Tyras Camp,Soldier,Human,The Cloak and Stagger
429,3734,0.98363835,Billy Rehnison,Human,West Ardougne,Soldier,Human,The Cloak and Stagger
1349,2522,0.9836366,Feanor,Elf,Prifddinas,Maeglin,Elf,Prifddinas
1971,2620,0.9836347,Holly,Human,North of Port Sarim,Mazion,Human,Entrana sandpit
1253,2716,0.9836323,Eohric,Human,Burthorpe castle,Monk,Human,Entrana
531,1253,0.9836323,Brother Jered,Human,Edgeville Monastery,Eohric,Human,Burthorpe castle
940,4410,0.9836303,Darve,Human,Dorgesh-Kaan South Dungeon,Zealot,Human,Abandoned Mine
2069,3407,0.9836291,Ironman tutor,Human,Tutorial Island,Sammy Servil,Human,Fight Arena prison
1996,2069,0.9836291,Hudon,Human,Baxtorian Falls,Ironman tutor,Human,Tutorial Island
169,2057,0.983628,Aranwe,Elf,Prifddinas,Ingwion,Elf,Prifddinas
2008,2940,0.9836266,Hura,Dwarf,Dwarven Mine,Ordan,Dwarf,Keldagrim
2008,3301,0.9836266,Hura,Dwarf,Dwarven Mine,Richard Flintmaul,Dwarf,
1115,2008,0.9836266,Dwarven Ferryman,Dwarf,Keldagrim,Hura,Dwarf,Dwarven Mine
436,1004,0.983623,Black Knight Captain,Human,Black Knights' Fortress,Dock worker,Human,Port Piscarilius
3213,3785,0.9836223,Ranged combat tutor,Human,Lumbridge,Squire (Veteran),Human,Void Knight Outpost boat
800,1160,0.9836191,Clerris,Citizen of Arceuus,Dense runestone mine,Ektheme,Citizen of Arceuus,Library Historical Archive
800,3265,0.9836191,Clerris,Citizen of Arceuus,Dense runestone mine,Regath,Citizen of Arceuus,Arceuus
800,2912,0.9836191,Clerris,Citizen of Arceuus,Dense runestone mine,Okina,Citizen of Arceuus,Kourend's Blood Altar
302,2272,0.9836117,Banker,Human,Hosidius,Kiyahtla,Human,Tlati Rainforest
2502,3017,0.98360825,Lunami,Human,Auburnvale,Perdie,Human,Port Roberts
342,491,0.98360705,Barman,Dwarf,West Keldagrim,Boot,Dwarf,Dwarven Mines
1997,4349,0.9836069,Hugh,Human,Salvager Overlook,Worried Baker,Human,Varrock
53,209,0.983604,Agnar,Human,Rellekka,Arnor,Human,Northern Etceteria
830,1559,0.98359936,Concerned man,Human,Varrock,Gary,Human,Varrock
3831,3991,0.98359823,Strong Ronny,Werewolf,Sisterhood Sanctuary,Tinse Torpe,Human,Varrock Museum
3177,3523,0.98359585,Quartermaster,Human,Tyras Camp,Shayzien Infiltrator,Human,Lizardman Temple
429,3523,0.98359585,Billy Rehnison,Human,West Ardougne,Shayzien Infiltrator,Human,Lizardman Temple
1344,4019,0.9835947,Father Lawrence,Human,Varrock church,Torrell,Human,South of East Ardougne
529,4019,0.9835947,Brother Cedric,Human,East Ardougne,Torrell,Human,South of East Ardougne
2718,4019,0.9835947,Monk,Human,Lumbridge Swamp,Torrell,Human,South of East Ardougne
690,4019,0.9835947,Cave monk,Human,Entrana,Torrell,Human,South of East Ardougne
534,4019,0.9835947,Brother Omad,Human,Monastery south of Ardougne,Torrell,Human,South of East Ardougne
532,4019,0.9835947,Brother Kojo,Human,"The Clock Tower , south of Ardougne",Torrell,Human,South of East Ardougne
113,2042,0.9835876,Alwyn,Elf,Prifddinas,Imin,Elf,Prifddinas
1207,2927,0.98358655,Elly the Camel,Camel,Al Kharid,Ollie the Camel,Camel,Al Kharid
1118,3870,0.9835855,Eadgar,Human,Summit of Trollheim ( Trollheim Teleport ),Swensen the Navigator,Human,Rellekka
2620,4019,0.98358,Mazion,Human,Entrana sandpit,Torrell,Human,South of East Ardougne
2227,4271,0.9835794,Keith,Human,"South-east of the Farming Guild , inside his house .",Wheeler,Human,Rabbit Hole
1182,3283,0.98357606,Elena,Human,East Ardougne,Researcher,Human,Exam Centre
302,471,0.9835738,Banker,Human,Hosidius,Bob,Human,Lumbridge
302,470,0.9835738,Banker,Human,Hosidius,Bob,Human,Lumbridge
842,3636,0.9835675,Cooky Weasel,Human,Rabbit Hole,Sir Percival,Human,Fisher Realm
1946,3500,0.9835624,Heskel,Human,Falador Park,Servant,Human,ScapeRune
2244,4349,0.98356026,Khazard Barman,Human,South-western corner of the Fight Arena,Worried Baker,Human,Varrock
3575,4349,0.98356026,Shop keeper,Human,Port Khazard,Worried Baker,Human,Varrock
1863,4349,0.98356026,Hajedy,Human,Brimhaven,Worried Baker,Human,Varrock
81,95,0.983557,Ali Morrisane,Human,Al Kharid,Ali the Smith,Human,Al Kharid
302,624,0.9835534,Banker,Human,Hosidius,Captain Ginea,Human,Shayzien Encampment
1415,3603,0.9835495,Fisherman,Human,Rellekka Docks,Sigmund The Merchant,Human,Rellekka market
1415,2529,0.9835495,Fisherman,Human,Rellekka Docks,Magnus Gram,Human,Jatizso
948,2052,0.98354846,David,Human,Sinclair Mansion,Inga,Human,Rellekka
714,3882,0.9835438,Chancy,Human,Rimmington,Tanner,Human,Crafting Guild
3400,4206,0.9835428,Salius,Human,Salvager Overlook,Vincens,Human,Outer Fortis
1538,3181,0.9835406,Galahad,Human,Near McGrubor's Wood,Quest Guide,Human,Tutorial Island
106,2116,0.9835382,Alrena,Human,East Ardougne,Jeed,Human,Emir's Arena
1025,2116,0.9835382,Donie,Human,In and around Lumbridge,Jeed,Human,Emir's Arena
1026,2116,0.9835382,Donie,Human,North-east of Lumbridge General Store,Jeed,Human,Emir's Arena
1642,2116,0.98353815,Gileth,Human,Tree Gnome Village,Jeed,Human,Emir's Arena
2116,2460,0.98353815,Jeed,Human,Emir's Arena,Lorelai,Human,"Warriors' Guild , basement"
2821,3499,0.9835373,Nelta of Ralos,,? (edit),Sergius,Human,Twilight Temple
2822,3499,0.9835373,Nelta of Ranul,,? (edit),Sergius,Human,Twilight Temple
858,3734,0.9835327,Councillor Andrews,Human,Kourend Castle,Soldier,Human,The Cloak and Stagger
258,3331,0.983532,Awusah the Mayor,Human,Nardah,Rokuh,Human,Nardah
743,1559,0.9835305,Child,Human,All over West Ardougne,Gary,Human,Varrock
2383,3568,0.9835299,Leo,Human,"Bazaar , Civitas illa Fortis",Shop keeper,Human,Al Kharid
286,3568,0.9835259,Bank guard,Human,Draynor Village,Shop keeper,Human,Al Kharid
1763,3673,0.9835247,Gruva Patrull,Human,Jatizso Mine Entrance,Skuli Myrka,Human,Jatizso
1781,3673,0.9835247,Guard,Human,Jatizso,Skuli Myrka,Human,Jatizso
1781,3096,0.9835247,Guard,Human,Jatizso,Pontak,Human,Rellekka
1763,3096,0.9835247,Gruva Patrull,Human,Jatizso Mine Entrance,Pontak,Human,Rellekka
1780,3096,0.9835247,Guard,Human,Jatizso,Pontak,Human,Rellekka
1780,3673,0.9835247,Guard,Human,Jatizso,Skuli Myrka,Human,Jatizso
1039,2314,0.9835213,Doughphie,Human,Rabbit Hole,Lady Keli,Human,Draynor jail
1325,3504,0.9835159,Farmer,Human,Shayzien Cloak and Stagger,Seth Groats,Human,Groats' farm
214,2024,0.98351437,Arthur the Clue Hunter,Human,Lumbridge,Ide,Human,
3575,4303,0.9835123,Shop keeper,Human,Port Khazard,Wistan,Human,Burthorpe
2244,4303,0.9835123,Khazard Barman,Human,South-western corner of the Fight Arena,Wistan,Human,Burthorpe
1863,4303,0.9835123,Hajedy,Human,Brimhaven,Wistan,Human,Burthorpe
1325,3505,0.9835057,Farmer,Human,Shayzien Cloak and Stagger,Seth Groats,Human,Fred's farm
1863,4200,0.9835057,Hajedy,Human,Brimhaven,Vigroy,Human,Shilo Village
3575,4200,0.9835057,Shop keeper,Human,Port Khazard,Vigroy,Human,Shilo Village
2244,4200,0.9835057,Khazard Barman,Human,South-western corner of the Fight Arena,Vigroy,Human,Shilo Village
3202,4186,0.98350304,Radu,Human,Burgh de Rott,Verak,Human,East of Burgh de Rott
406,2185,0.9835025,Bernald,Human,Burthorpe,Justin Servil,Human,Fight Arena
141,3296,0.9835024,Aneirin,Elf,Prifddinas,Rhyfel,Elf,Prifddinas
520,1860,0.98350155,Briget,Human,Shayzien,Hairdresser,Human,Falador
1347,4350,0.98349905,Faustus,Human,Aldarin,Wounded soldier,Human,Infirmary
744,2087,0.9834945,Child,Human,,Jack,Human,Musa Point or Karamja
1222,2116,0.9834909,Emilia,Human,Burgh de Rott,Jeed,Human,Emir's Arena
2069,3568,0.9834905,Ironman tutor,Human,Tutorial Island,Shop keeper,Human,Al Kharid
1581,1874,0.9834898,General Salara,Human,Shayzien,Hambling,Human,Rellekka Longhall Bar
2111,2378,0.98348975,Jasper,Human,Salvager Overlook,Lenny,Human,North of Prifddinas
1035,1076,0.98348695,Doric,Dwarf,North of Falador,Drunken Dwarf,,Player-owned boat
2057,2947,0.9834858,Ingwion,Elf,Prifddinas,Orophin,Elf,Prifddinas
3572,4064,0.98348397,Shop keeper,Human,Museum Camp,Trobert,Human,Brimhaven
2642,4436,0.98348045,Mercenary,Human,Ferox Enclave,Zul-Areth,Human,Zul-Andra
1609,2278,0.9834799,Ghost,Undead,Mynydd,Klenter,Ghost,Sophanem
2557,3498,0.9834758,Man,Human,West Ardougne,Sergiu,Human,Burgh de Rott
1347,3571,0.98347044,Faustus,Human,Aldarin,Shop keeper,Human,Falador
1772,2290,0.98346627,Guard,Human,Combat Training Camp,Koftik,Human,Underground Pass West Ardougne
56,2233,0.9834652,Aisles,Human,Tai Bwo Wannai,Kent,Human,"Unknown island, Witchaven"
242,4213,0.9834648,Auctioneer,Vampyre,West Darkmeyer,Vlad Diaemus,Vampyre,North-west Darkmeyer
2692,4224,0.9834648,Misdrievus Shadum,Vampyre,West Darkmeyer,Vormar Vakan,Vampyre,North-west Darkmeyer
2692,4213,0.9834648,Misdrievus Shadum,Vampyre,West Darkmeyer,Vlad Diaemus,Vampyre,North-west Darkmeyer
242,4166,0.9834648,Auctioneer,Vampyre,West Darkmeyer,Vampyrus Diaemus,Vampyre,North Darkmeyer
242,982,0.9834648,Auctioneer,Vampyre,West Darkmeyer,Desmodus Lasiurus,Vampyre,West Darkmeyer
4212,4224,0.9834648,Vlad Bechstein,Vampyre,North-east Darkmeyer,Vormar Vakan,Vampyre,North-west Darkmeyer
2692,4166,0.9834648,Misdrievus Shadum,Vampyre,West Darkmeyer,Vampyrus Diaemus,Vampyre,North Darkmeyer
2381,4213,0.9834648,Lenyig Karna,Vampyre,North Darkmeyer,Vlad Diaemus,Vampyre,North-west Darkmeyer
4212,4213,0.9834648,Vlad Bechstein,Vampyre,North-east Darkmeyer,Vlad Diaemus,Vampyre,North-west Darkmeyer
1856,2692,0.9834648,Haemas Lamescus,Vampyre,West Darkmeyer,Misdrievus Shadum,Vampyre,West Darkmeyer
982,2381,0.9834648,Desmodus Lasiurus,Vampyre,West Darkmeyer,Lenyig Karna,Vampyre,North Darkmeyer
1856,2455,0.9834648,Haemas Lamescus,Vampyre,West Darkmeyer,Lord Mischa Myrmel,Vampyre,South-west Darkmeyer
982,2455,0.9834648,Desmodus Lasiurus,Vampyre,West Darkmeyer,Lord Mischa Myrmel,Vampyre,South-west Darkmeyer
2446,2692,0.9834648,Lord Alexei Jovkai,Vampyre,South-west Darkmeyer,Misdrievus Shadum,Vampyre,West Darkmeyer
2446,2455,0.9834648,Lord Alexei Jovkai,Vampyre,South-west Darkmeyer,Lord Mischa Myrmel,Vampyre,South-west Darkmeyer
2455,4213,0.9834648,Lord Mischa Myrmel,Vampyre,South-west Darkmeyer,Vlad Diaemus,Vampyre,North-west Darkmeyer
2455,4224,0.9834648,Lord Mischa Myrmel,Vampyre,South-west Darkmeyer,Vormar Vakan,Vampyre,North-west Darkmeyer
2455,4166,0.9834648,Lord Mischa Myrmel,Vampyre,South-west Darkmeyer,Vampyrus Diaemus,Vampyre,North Darkmeyer
242,2446,0.9834648,Auctioneer,Vampyre,West Darkmeyer,Lord Alexei Jovkai,Vampyre,South-west Darkmeyer
242,4224,0.9834648,Auctioneer,Vampyre,West Darkmeyer,Vormar Vakan,Vampyre,North-west Darkmeyer
242,1047,0.9834648,Auctioneer,Vampyre,West Darkmeyer,Draconis Sanguine,Vampyre,North Darkmeyer
242,1856,0.9834648,Auctioneer,Vampyre,West Darkmeyer,Haemas Lamescus,Vampyre,West Darkmeyer
4166,4212,0.9834648,Vampyrus Diaemus,Vampyre,North Darkmeyer,Vlad Bechstein,Vampyre,North-east Darkmeyer
1047,2381,0.9834648,Draconis Sanguine,Vampyre,North Darkmeyer,Lenyig Karna,Vampyre,North Darkmeyer
1047,2455,0.9834648,Draconis Sanguine,Vampyre,North Darkmeyer,Lord Mischa Myrmel,Vampyre,South-west Darkmeyer
1047,2692,0.9834648,Draconis Sanguine,Vampyre,North Darkmeyer,Misdrievus Shadum,Vampyre,West Darkmeyer
1047,4212,0.9834648,Draconis Sanguine,Vampyre,North Darkmeyer,Vlad Bechstein,Vampyre,North-east Darkmeyer
1856,2381,0.9834648,Haemas Lamescus,Vampyre,West Darkmeyer,Lenyig Karna,Vampyre,North Darkmeyer
2381,4224,0.9834648,Lenyig Karna,Vampyre,North Darkmeyer,Vormar Vakan,Vampyre,North-west Darkmeyer
2381,4166,0.9834648,Lenyig Karna,Vampyre,North Darkmeyer,Vampyrus Diaemus,Vampyre,North Darkmeyer
2381,2446,0.9834648,Lenyig Karna,Vampyre,North Darkmeyer,Lord Alexei Jovkai,Vampyre,South-west Darkmeyer
2446,4212,0.9834648,Lord Alexei Jovkai,Vampyre,South-west Darkmeyer,Vlad Bechstein,Vampyre,North-east Darkmeyer
1856,4212,0.9834648,Haemas Lamescus,Vampyre,West Darkmeyer,Vlad Bechstein,Vampyre,North-east Darkmeyer
982,2692,0.9834648,Desmodus Lasiurus,Vampyre,West Darkmeyer,Misdrievus Shadum,Vampyre,West Darkmeyer
982,4212,0.9834648,Desmodus Lasiurus,Vampyre,West Darkmeyer,Vlad Bechstein,Vampyre,North-east Darkmeyer
2996,3740,0.9834645,Patty Seer,Human,Lumbridge Castle kitchen,Sophia Hughes,Human,Kourend Castle
839,841,0.98346174,Cook,Human,Lumbridge Castle kitchen,Cooking tutor,Human,Lumbridge
1780,1793,0.98346126,Guard,Human,Jatizso,Guard,Human,Rellekka Longhall Bar
1781,1793,0.98346126,Guard,Human,Jatizso,Guard,Human,Rellekka Longhall Bar
1781,1788,0.98346126,Guard,Human,Jatizso,Guard,Human,Neitiznot
1780,1788,0.98346126,Guard,Human,Jatizso,Guard,Human,Neitiznot
332,1763,0.98346126,Bardur,Human,Waterbirth Island Dungeon,Gruva Patrull,Human,Jatizso Mine Entrance
332,1780,0.98346126,Bardur,Human,Waterbirth Island Dungeon,Guard,Human,Jatizso
332,1781,0.98346126,Bardur,Human,Waterbirth Island Dungeon,Guard,Human,Jatizso
1763,1793,0.98346126,Gruva Patrull,Human,Jatizso Mine Entrance,Guard,Human,Rellekka Longhall Bar
1763,1788,0.98346126,Gruva Patrull,Human,Jatizso Mine Entrance,Guard,Human,Neitiznot
1414,1470,0.9834552,Fisherman,Human,Port Piscarilius,Former Vampyre,Human,Meiyerditch
687,4138,0.9834546,Cave goblin,Dorgeshuun,Dorgesh-Kaan–Keldagrim train system,Ur-pel,Dorgeshuun,Dorgesh-Kaan
1650,3381,0.98345274,Glorfindel,Elf,Prifddinas,Saeros,Elf,Prifddinas
1650,1846,0.98345274,Glorfindel,Elf,Prifddinas,Gwyl,Elf,Prifddinas
1141,1846,0.98345256,Edrahil,Elf,Prifddinas,Gwyl,Elf,Prifddinas
1141,3381,0.98345256,Edrahil,Elf,Prifddinas,Saeros,Elf,Prifddinas
1324,3691,0.9834483,Farmer,Human,Groats' farm,Sloane,Human,Warriors' Guild
1885,3691,0.9834483,Hans,Human,Lumbridge,Sloane,Human,Warriors' Guild
2578,4269,0.9834479,Mark,Human,Port Piscarilius,Weve,Human,Wyvern Cave
2980,4269,0.9834479,Panning guide,Human,Digsite,Weve,Human,Wyvern Cave
3997,4269,0.9834479,Toby,Human,Varrock,Weve,Human,Wyvern Cave
1078,4269,0.9834479,Drunken soldier,Human,The Cloak and Stagger,Weve,Human,Wyvern Cave
3700,4269,0.9834479,Smithing apprentice,Human,Lumbridge,Weve,Human,Wyvern Cave
1715,4269,0.9834479,Grand Exchange Clerk,Human,Grand Exchange,Weve,Human,Wyvern Cave
3928,4269,0.9834479,The 'Wedge',Human,Camelot,Weve,Human,Wyvern Cave
362,3691,0.9834456,Bartender,Human,Port Sarim,Sloane,Human,Warriors' Guild
876,3691,0.9834456,Crafting tutor,Human,Lumbridge Castle,Sloane,Human,Warriors' Guild
3691,3725,0.9834456,Sloane,Human,Warriors' Guild,Soldier,Human,Death Plateau (south)
3037,3289,0.9834447,Pete,Human,North of the Clock Tower,Retired sailor,Human,Ruins of Unkah
2057,3954,0.9834434,Ingwion,Elf,Prifddinas,Thingol,Elf,Prifddinas
361,999,0.98344266,Bartender,Human,? (edit),Disappointed father,Human,Varrock
695,1946,0.98344225,Cecilia,Human,Falador Park,Heskel,Human,Falador Park
356,494,0.9834392,Bartender,Human,Yanille,Bork Sigmundson,Human,Ice Troll Caves
787,2086,0.9834362,Civilian,Human,West Ardougne,Jack,Human,Myths' Guild
1035,1074,0.98343116,Doric,Dwarf,North of Falador,Drunken Dwarf,Dwarf,Random
722,3572,0.9834286,Charlie,Human,The Grand Tree top floor,Shop keeper,Human,Museum Camp
386,722,0.9834264,Bedread the bold,Human,Pirates' Cove,Charlie,Human,The Grand Tree top floor
974,2687,0.9834256,Dernu,Dwarf,Keldagrim south-west mine,Miodvetnir,Dwarf,Keldagrim south-west mine
2716,3402,0.98342335,Monk,Human,Entrana,Sam,Human,Arceuus Library
531,3402,0.98342335,Brother Jered,Human,Edgeville Monastery,Sam,Human,Arceuus Library
2207,4350,0.98342264,Karaday,Human,Tai Bwo Wannai,Wounded soldier,Human,Infirmary
665,2859,0.9834225,Cart conductor,Dwarf,Dwarven Mine,Nolar,Dwarf,Keldagrim
704,1324,0.98341775,Ceril Carnillean,Human,East Ardougne,Farmer,Human,Groats' farm
704,1885,0.98341745,Ceril Carnillean,Human,East Ardougne,Hans,Human,Lumbridge
70,1341,0.98341584,Alan,Human,Tal Teok,Father Eysseric,Human,Shayzien
1341,2268,0.98341584,Father Eysseric,Human,Shayzien,King's Messenger,Human,Anywhere
2086,3557,0.9834112,Jack,Human,Myths' Guild,Shipyard Worker,Human,Shipyard
2086,3543,0.9834111,Jack,Human,Myths' Guild,Shipwright Seb,Human,Shipyard
369,2666,0.9834111,Bartender,Human,Lumbridge,Miles,Human,Anywhere random events can occur
3960,4326,0.98340935,Thora the Barkeep,Human,Rellekka Longhall Bar,Woman,Human,Blue Moon Inn
286,830,0.98340815,Bank guard,Human,Draynor Village,Concerned man,Human,Varrock
1348,3321,0.98340076,Fayeth,Human,Lumbridge,Robyn,Human,Shayzien
1140,1876,0.9834001,Edmond,Human,Bandit camp mine,Hamid,Human,Emir's Arena
1060,1876,0.9834,Drezel,Human,Paterdomus,Hamid,Human,Emir's Arena
1876,3860,0.9834,Hamid,Human,Emir's Arena,Svidi,Human,East of Rellekka
1876,3532,0.9834,Hamid,Human,Emir's Arena,Sherpa,Human,? (edit)
1876,1934,0.9834,Hamid,Human,Emir's Arena,Hengrad,Human,Fight Arena
1876,2340,0.9834,Hamid,Human,Emir's Arena,Larry,Human,Wilderness
1876,2714,0.9834,Hamid,Human,Emir's Arena,Monk,Human,Varrock
527,1876,0.9834,Brother Althric,Human,Edgeville Monastery,Hamid,Human,Emir's Arena
1876,3515,0.9834,Hamid,Human,Emir's Arena,Shantay Guard,Human,Ruins of Unkah
1876,4094,0.9834,Hamid,Human,Emir's Arena,Tyras guard,Human,Tyras Camp
1876,4128,0.9834,Hamid,Human,Emir's Arena,Unferth,Human,Burthorpe
1163,1876,0.9834,Elder Chaos druid,Human,Chaos Temple,Hamid,Human,Emir's Arena
707,1876,0.9834,Chadwell,Human,West Ardougne,Hamid,Human,Emir's Arena
1935,4025,0.9833983,Henja,Human,Rimmington,Tourist,,"Civitas illa Fortis , Aldarin"
2086,2781,0.983391,Jack,Human,Myths' Guild,Murky Pat,Human,Lady Zay
1138,3630,0.98339,Ed Wood,Human,Digsite,Sir Kuam Ferentse,Human,Temple Knight Training Grounds
989,1874,0.9833884,Diana,Human,Myths' Guild,Hambling,Human,Rellekka Longhall Bar
857,3244,0.9833864,Council workman,Human,Bridge leading to Rellekka,Recruiter,Human,West Ardougne
1374,1416,0.9833859,Fidelio,Werewolf,Canifis,Fisherman Frodi,Human,Miscellania
450,3801,0.9833828,Blast Furnace Foreman,Dwarf,Keldagrim,Stankers,Dwarf,Coal Trucks
814,2822,0.98338175,Colosseum Announcer,Human,Fortis Colosseum,Nelta of Ranul,,? (edit)
814,2821,0.98338175,Colosseum Announcer,Human,Fortis Colosseum,Nelta of Ralos,,? (edit)
2672,4437,0.9833804,Mimm,Gnome,,Zul-Cheray,Gnome,Zul-Andra
937,941,0.9833801,Darren,Human,East of the Wilderness Agility Course,Daryl,Human,Shayzien
937,1578,0.9833801,Darren,Human,East of the Wilderness Agility Course,General Hining,Human,Tyras Camp
937,2865,0.9833801,Darren,Human,East of the Wilderness Agility Course,Norman,Human,Falador
2011,4175,0.98337847,Ian,Human,Near the Forgotten Cemetery,Vasile,Human,Burgh de Rott
3899,4052,0.9833784,Taylor,Human,Farming Guild,Tramp,Human,Varrock
358,4052,0.9833784,Bartender,Human,Seers' Village,Tramp,Human,Varrock
3681,3899,0.9833783,Slave,Human,Fight Arena,Taylor,Human,Farming Guild
993,3899,0.9833783,Digsite workman,Human,Digsite and near Varrock Museum,Taylor,Human,Farming Guild
2228,3899,0.9833783,Kelvin,Human,Fight Arena,Taylor,Human,Farming Guild
358,993,0.9833783,Bartender,Human,Seers' Village,Digsite workman,Human,Digsite and near Varrock Museum
358,3681,0.9833783,Bartender,Human,Seers' Village,Slave,Human,Fight Arena
358,2228,0.9833783,Bartender,Human,Seers' Village,Kelvin,Human,Fight Arena
588,2011,0.98337805,Calin,Human,Burgh de Rott,Ian,Human,Near the Forgotten Cemetery
2011,2506,0.98337805,Ian,Human,Near the Forgotten Cemetery,Luscion,Human,Burgh de Rott
2116,3559,0.9833708,Jeed,Human,Emir's Arena,Shop assistant,Human,Al Kharid
293,3523,0.9833707,Banker,Werewolf,Canifis,Shayzien Infiltrator,Human,Lizardman Temple
298,3523,0.9833707,Banker,Human,Draynor Village,Shayzien Infiltrator,Human,Lizardman Temple
287,3523,0.9833707,Banker,Human,Bank,Shayzien Infiltrator,Human,Lizardman Temple
317,3523,0.9833707,Banker,Human,Tutorial Island,Shayzien Infiltrator,Human,Lizardman Temple
1520,3523,0.9833707,Fry,Human,Rabbit Hole,Shayzien Infiltrator,Human,Lizardman Temple
1898,3570,0.98336744,Harry,Human,Catherby,Shop keeper,Human,Edgeville
858,3585,0.9833641,Councillor Andrews,Human,Kourend Castle,Shopkeeper,,Civitas illa Fortis
830,1520,0.9833606,Concerned man,Human,Varrock,Fry,Human,Rabbit Hole
293,830,0.9833606,Banker,Werewolf,Canifis,Concerned man,Human,Varrock
298,830,0.9833606,Banker,Human,Draynor Village,Concerned man,Human,Varrock
317,830,0.9833606,Banker,Human,Tutorial Island,Concerned man,Human,Varrock
287,830,0.9833606,Banker,Human,Bank,Concerned man,Human,Varrock
3562,3571,0.9833584,Shop assistant,Human,Lumbridge,Shop keeper,Human,Falador
4040,4041,0.9833563,Trader,Dwarf,Trade Octagon,Trader,Dwarf,Trade Octagon
1761,4041,0.9833563,Grundt,Dwarf,Jatizso,Trader,Dwarf,Trade Octagon
120,3429,0.9833556,Amelia,Human,Shayzien,Sarah,Human,South Falador Farm
2663,3498,0.9833554,Mihail,Human,Burgh de Rott,Sergiu,Human,Burgh de Rott
3339,3630,0.9833543,Rommik,Human,Blue Moon Inn,Sir Kuam Ferentse,Human,Temple Knight Training Grounds
520,2552,0.98335147,Briget,Human,Shayzien,Man,Human,Catacombs of Kourend
520,2553,0.98335147,Briget,Human,Shayzien,Man,Human,Hosidius vinery
70,2339,0.9833461,Alan,Human,Tal Teok,Larry,Human,Falador
2268,2339,0.9833461,King's Messenger,Human,Anywhere,Larry,Human,Falador
716,999,0.98334485,Charles,Human,Port Piscarilius,Disappointed father,Human,Varrock
999,4416,0.98334485,Disappointed father,Human,Varrock,Zembo,Human,"Musa Point, Karamja"
2754,3851,0.9833425,Mountain Dwarf,Dwarf,Lumbridge dining hall,Supreme Commander,Dwarf,Keldagrim
2755,3851,0.9833425,Mountain Dwarf,Dwarf,Near White Wolf Mountain,Supreme Commander,Dwarf,Keldagrim
3851,3962,0.9833425,Supreme Commander,Dwarf,Keldagrim,Thorgel,Dwarf,Temple of Light
1113,3851,0.9833425,Dwarven Boatman,Dwarf,Keldagrim south-west mine,Supreme Commander,Dwarf,Keldagrim
2480,3851,0.9833425,Lovakengj Engineer,Dwarf,Battlefront,Supreme Commander,Dwarf,Keldagrim
1879,3851,0.9833425,Hammerspike Stoutbeard,Dwarf,Dwarven Mines,Supreme Commander,Dwarf,Keldagrim
1114,3851,0.9833425,Dwarven Engineer,Dwarf,Keldagrim,Supreme Commander,Dwarf,Keldagrim
1732,3851,0.9833425,Green Gemstone Secretary,Dwarf,Keldagrim,Supreme Commander,Dwarf,Keldagrim
1065,3851,0.9833425,Drogo dwarf,Dwarf,Dwarven Mine,Supreme Commander,Dwarf,Keldagrim
247,3851,0.9833425,Austri,Dwarf,Taverley,Supreme Commander,Dwarf,Keldagrim
2606,4410,0.983342,Master fisher,Human,Fishing Guild,Zealot,Human,Abandoned Mine
2869,4075,0.983334,Novice,Citizen of Arceuus,Arceuus church,Trossa,Citizen of Arceuus,North of Arceuus
173,4075,0.983334,Archeio,Citizen of Arceuus,Arceuus Library,Trossa,Citizen of Arceuus,North of Arceuus
2832,3017,0.98333085,Nezketi,Human,Tal Teklan,Perdie,Human,Port Roberts
2339,3963,0.98333,Larry,Human,Falador,Thorkel Silkbeard,Human,Jatizso
782,3391,0.9833289,Citizen,Human,Necropolis,Sailor,Human,Red Rock
714,3557,0.983325,Chancy,Human,Rimmington,Shipyard Worker,Human,Shipyard
714,3543,0.983325,Chancy,Human,Rimmington,Shipwright Seb,Human,Shipyard
2207,2526,0.98332334,Karaday,Human,Tai Bwo Wannai,Mage of Zamorak,Human,Ourania Cave
704,3725,0.9833193,Ceril Carnillean,Human,East Ardougne,Soldier,Human,Death Plateau (south)
704,876,0.9833193,Ceril Carnillean,Human,East Ardougne,Crafting tutor,Human,Lumbridge Castle
362,704,0.9833193,Bartender,Human,Port Sarim,Ceril Carnillean,Human,East Ardougne
1641,2485,0.9833152,Giles,Human,Anywhere random events can occur,Lubufu,Human,Brimhaven
4303,4410,0.9833131,Wistan,Human,Burthorpe,Zealot,Human,Abandoned Mine
1695,3565,0.9833126,Godric,Human,Troll Stronghold prison,Shop assistant,Human,Varrock
3177,3585,0.98331255,Quartermaster,Human,Tyras Camp,Shopkeeper,,Civitas illa Fortis
429,3585,0.98331255,Billy Rehnison,Human,West Ardougne,Shopkeeper,,Civitas illa Fortis
928,948,0.98331165,Dantaera,Human,Catherby,David,Human,Sinclair Mansion
749,3407,0.9833096,Child,,Varlamore,Sammy Servil,Human,Fight Arena prison
749,1996,0.9833096,Child,,Varlamore,Hudon,Human,Baxtorian Falls
838,1641,0.98330927,Cook,Human,Jolly Boar Inn,Giles,Human,Anywhere random events can occur
193,286,0.98330903,Arhein,Human,Catherby,Bank guard,Human,Draynor Village
2449,3691,0.9833061,Lord Daquarius,Human,Taverley Dungeon,Sloane,Human,Warriors' Guild
3568,4025,0.983303,Shop keeper,Human,Al Kharid,Tourist,,"Civitas illa Fortis , Aldarin"
3181,4303,0.9833028,Quest Guide,Human,Tutorial Island,Wistan,Human,Burthorpe
286,1253,0.98330176,Bank guard,Human,Draynor Village,Eohric,Human,Burthorpe castle
1257,2829,0.9833013,Erasmus,Human,Lumbridge,New Recruit Tony,Human,Graveyard of Heroes
1416,3358,0.9832969,Fisherman Frodi,Human,Miscellania,Rufus,Werewolf,Canifis
520,4025,0.98329574,Briget,Human,Shayzien,Tourist,,"Civitas illa Fortis , Aldarin"
583,2380,0.983293,Caerwyn,Elf,Prifddinas,Lenwe,Elf,Prifddinas
2124,2982,0.98329246,Jeremy Clerksin,Human,Varrock church,Parleying Preston,Human,The Pandemonium
362,370,0.983292,Bartender,Human,Port Sarim,Bartender,Human,The Warrens
370,876,0.983292,Bartender,Human,The Warrens,Crafting tutor,Human,Lumbridge Castle
370,3725,0.983292,Bartender,Human,The Warrens,Soldier,Human,Death Plateau (south)
2295,3125,0.9832884,Kortan,Human,East Ardougne,Priest,Human,East Ardougne
2146,3557,0.98328596,Joe,Human,Draynor Village jail,Shipyard Worker,Human,Shipyard
3543,3564,0.98328584,Shipwright Seb,Human,Shipyard,Shop assistant,Human,Rimmington
2146,3543,0.98328584,Joe,Human,Draynor Village jail,Shipwright Seb,Human,Shipyard
3557,3564,0.98328584,Shipyard Worker,Human,Shipyard,Shop assistant,Human,Rimmington
3680,3948,0.9832844,Slave,Human,Daeyalt essence mine,Thias Leacke,Human,Varrock Museum
1946,3890,0.98328435,Heskel,Human,Falador Park,Taria,Human,Rimmington
1348,1886,0.98328024,Fayeth,Human,Lumbridge,Hans,Human,Al Kharid
1348,1444,0.98328024,Fayeth,Human,Lumbridge,Flax keeper,Human,Seers' Village Flax Fields
1348,3141,0.98328024,Fayeth,Human,Lumbridge,Prisoner,Human,North Darkmeyer
935,1348,0.98328024,Darkmeyer Slave,Human,Hallowed Sepulchre,Fayeth,Human,Lumbridge
1038,1348,0.98328024,Doug Deeping,Human,Down the north-eastern borehole of the Digsite,Fayeth,Human,Lumbridge
1348,2674,0.98328024,Fayeth,Human,Lumbridge,Mine cart driver,Human,Desert Mining Camp
468,1348,0.98328024,Boar31337Killer,Human,Southern Island of The Node,Fayeth,Human,Lumbridge
673,1814,0.98326707,Cat,Cat,Gertrude,Guild Hunter Kiko,Cat,Hunters' Guild Burrow
798,3565,0.9832661,Clerk,Human,Clan Hub,Shop assistant,Human,Varrock
423,3787,0.98326457,BigRedJapan,Human,Rooftop Agility Courses,Squire,Human,Void Knight Outpost
3069,4351,0.9832642,Piliar,Human,Port Piscarilius,Wounded soldier,Human,Battlefront
1055,4160,0.9832619,Drasdan Ranor,Vampyre,South Darkmeyer,Vampyre Juvenile,Vampyre,Ver Sinhaza
2737,4160,0.98326164,Mordan Nikazsi,Vampyre,South-east Darkmeyer,Vampyre Juvenile,Vampyre,Ver Sinhaza
287,2068,0.9832574,Banker,Human,Bank,Ironman tutor,Human,Lumbridge
298,2068,0.9832574,Banker,Human,Draynor Village,Ironman tutor,Human,Lumbridge
317,2068,0.9832574,Banker,Human,Tutorial Island,Ironman tutor,Human,Lumbridge
1520,2068,0.9832574,Fry,Human,Rabbit Hole,Ironman tutor,Human,Lumbridge
293,2068,0.9832574,Banker,Werewolf,Canifis,Ironman tutor,Human,Lumbridge
3049,3639,0.9832561,Phials,Human,Rimmington,Sir Rebral,Human,Falador
1674,4032,0.9832527,Gnome traveller,Gnome,"King's Axe Inn , 1 st floor [ UK ] 2 nd floor [ US ]",Tracker gnome 1,Gnome,Battlefield
1674,4034,0.9832527,Gnome traveller,Gnome,"King's Axe Inn , 1 st floor [ UK ] 2 nd floor [ US ]",Tracker gnome 3,Gnome,Battlefield
1531,1674,0.9832527,G.L.O. Caranock,Gnome,Karamja Shipyard,Gnome traveller,Gnome,"King's Axe Inn , 1 st floor [ UK ] 2 nd floor [ US ]"
1674,4033,0.9832527,Gnome traveller,Gnome,"King's Axe Inn , 1 st floor [ UK ] 2 nd floor [ US ]",Tracker gnome 2,Gnome,Battlefield
628,900,0.9832501,Captain Khaled,Human,Port Piscarilius,Curpile Fyod,Human,Mort Myre Swamp
318,3523,0.983245,Banker,Human,Varrock,Shayzien Infiltrator,Human,Lizardman Temple
208,4121,0.98324347,Arnold Lydspor,Human,Piscatoris Fishing Colony,Ulsquire Shauncy,Human,Mort'ton
3568,3969,0.98324275,Shop keeper,Human,Al Kharid,Thrander,Human,Realm of Memories
370,3882,0.98324,Bartender,Human,The Warrens,Tanner,Human,Crafting Guild
2058,2678,0.9832385,Inn Keeper,Dwarf,Keldagrim - The King's Axe Inn,Miner,Dwarf,The Deeper Lode
1954,2272,0.98323846,High Priest,Human,Entrana,Kiyahtla,Human,Tlati Rainforest
1112,3851,0.9832375,Dwarven Boatman,Dwarf,Keldagrim,Supreme Commander,Dwarf,Keldagrim
787,4334,0.9832355,Civilian,Human,West Ardougne,Woodsman tutor,Human,Lumbridge
785,2269,0.98323137,Citizen,Human,Bazaar in Civitas illa Fortis,Kit Breaker,Human,North of Falador
3042,3571,0.9832271,Petrus,Human,Minotaurs' Rest,Shop keeper,Human,Falador
494,3989,0.98322606,Bork Sigmundson,Human,Ice Troll Caves,Tindel Marchant,Human,Port Khazard
286,3523,0.9832251,Bank guard,Human,Draynor Village,Shayzien Infiltrator,Human,Lizardman Temple
354,2118,0.9832245,Bartender,Human,Varrock,Jeff,Human,Varrock
80,2118,0.9832245,Alfonse the waiter,Human,Brimhaven,Jeff,Human,Varrock
653,1844,0.9832241,Caranthir,Elf,Prifddinas,Gwerin Hapus,Elf,Gwenith
2339,3556,0.9832236,Larry,Human,Falador,Shipyard worker,,Ship Yard
167,370,0.98321927,Apprentice workman,Human,Falador,Bartender,Human,The Warrens
2339,3316,0.98321366,Larry,Human,Falador,Roavar,Werewolf,Canifis
3571,4025,0.9832127,Shop keeper,Human,Falador,Tourist,,"Civitas illa Fortis , Aldarin"
624,4119,0.9832108,Captain Ginea,Human,Shayzien Encampment,Ulina,Human,Christmas Factory
3157,3497,0.9832082,Protester,Human,Varrock,Sergeant Tobyn,Human,Varrock Square
1104,2874,0.9832059,Dusuri,Dwarf,Mining Guild,Nurmof,Dwarf,Dwarven Mines
895,4342,0.98320204,Cuica,Dwarf ( Imcando-descendant ),The Lost Pickaxe,Worker,Dwarf ( Imcando-descendant ),The Darkfrost
3069,4350,0.98319626,Piliar,Human,Port Piscarilius,Wounded soldier,Human,Infirmary
370,1324,0.98319304,Bartender,Human,The Warrens,Farmer,Human,Groats' farm
370,1885,0.98319304,Bartender,Human,The Warrens,Hans,Human,Lumbridge
1534,3906,0.9831881,Gabooty,Human,Tai Bwo Wannai,Ted Rehnison,Human,West Ardougne
1534,3595,0.9831881,Gabooty,Human,Tai Bwo Wannai,Siegfried Erkle,Human,2 nd floor [ UK ] 3 rd floor [ US ] of Legends' Guild (west side)
1534,1966,0.9831881,Gabooty,Human,Tai Bwo Wannai,Hiylik Myna,Human,Paterdomus
1534,1592,0.9831881,Gabooty,Human,Tai Bwo Wannai,Gerald,Human,South of Baxtorian Falls
1525,1534,0.9831881,Fur trader,Human,East Ardougne,Gabooty,Human,Tai Bwo Wannai
311,3568,0.98318696,Banker,Human,Quetzacalli Gorge,Shop keeper,Human,Al Kharid
312,1347,0.9831848,Banker,Human,Shayzien,Faustus,Human,Aldarin
1580,2111,0.98318404,General Kilian,Human,Shayzien,Jasper,Human,Salvager Overlook
410,2781,0.9831826,Bert,Human,Yanille,Murky Pat,Human,Lady Zay
1548,1672,0.9831783,Gardener,Gnome,No,Gnome soldier,Gnome,Battle of Atarisundri
2378,3987,0.9831778,Lenny,Human,North of Prifddinas,Tina,Human,Falador
2378,3786,0.9831778,Lenny,Human,North of Prifddinas,Squire,Human,Void Knight Outpost
2378,2591,0.9831778,Lenny,Human,North of Prifddinas,Martha Rehnison,Human,West Ardougne
2222,2378,0.9831778,Kaylee,Human,Falador,Lenny,Human,North of Prifddinas
2316,2378,0.9831778,Lady Servil,Human,Fight Arena,Lenny,Human,North of Prifddinas
904,2378,0.9831778,Customer,Human,Keldagrim Library,Lenny,Human,North of Prifddinas
2378,3522,0.9831778,Lenny,Human,North of Prifddinas,Shayda,Human,Shayzien
1876,2448,0.983171,Hamid,Human,Emir's Arena,Lord Crombwick,Human,Crombwick Manor
1253,3038,0.9831653,Eohric,Human,Burthorpe castle,Peter,Human,Fossil Island
4084,4136,0.9831599,Turgok,Dorgeshuun,Dorgesh-Kaan market,Ur-lun,Dorgeshuun,Dorgesh-Kaan
1825,1894,0.98315823,Gujuo,Human,Kharazi Jungle,Harold Evans,Human,Under Canifis in the original Myreque Hideout
3497,3568,0.9831552,Sergeant Tobyn,Human,Varrock Square,Shop keeper,Human,Al Kharid
3573,3969,0.98315454,Shop keeper,Human,Lumbridge,Thrander,Human,Realm of Memories
1860,3523,0.9831531,Hairdresser,Human,Falador,Shayzien Infiltrator,Human,Lizardman Temple
751,4287,0.9831526,Child,Human,Throughout Meiyerditch,Wilough,Human,Varrock square
318,2111,0.9831519,Banker,Human,Varrock,Jasper,Human,Salvager Overlook
517,4303,0.98314977,Brian,Human,Port Sarim,Wistan,Human,Burthorpe
2551,3042,0.9831465,Man,Werewolf,Canifis,Petrus,Human,Minotaurs' Rest
699,1283,0.9831447,Celegorm,Elf,Prifddinas,Eudav,Elf,Lletya
354,3639,0.9831433,Bartender,Human,Varrock,Sir Rebral,Human,Falador
80,3639,0.9831433,Alfonse the waiter,Human,Brimhaven,Sir Rebral,Human,Falador
528,2051,0.9831389,Brother Brace,Human,Tutorial Island,Information clerk,Human,Varrock Museum
857,4303,0.98313874,Council workman,Human,Bridge leading to Rellekka,Wistan,Human,Burthorpe
842,4344,0.9831377,Cooky Weasel,Human,Rabbit Hole,Worker,,Varlamore
2052,3429,0.98313534,Inga,Human,Rellekka,Sarah,Human,South Falador Farm
3628,3631,0.9831325,Sir Gawain,Human,Camelot,Sir Lancelot,Human,Camelot
2221,4441,0.98313177,Kauayotl,Human,Tal Teklan,Zuma,Human,Outside Cam Torum . Upstairs in The Teomat (post quest)
1874,2620,0.98313165,Hambling,Human,Rellekka Longhall Bar,Mazion,Human,Entrana sandpit
365,999,0.9831316,Bartender,Human,Bandit Village in the Kharidian Desert,Disappointed father,Human,Varrock
999,3235,0.9831316,Disappointed father,Human,Varrock,Razmire Keelgan,Human,Mort'ton
334,2631,0.9831306,Barge foreman,Human,Digsite barge,Meiyerditch citizen,Human,Meiyerditch
2449,2978,0.9831294,Lord Daquarius,Human,Taverley Dungeon,Palum,Human,Christmas Factory
1915,2978,0.9831292,Head Servant,Human,? (edit),Palum,Human,Christmas Factory
371,814,0.9831277,Bartender,Human,Quetzacalli Gorge,Colosseum Announcer,Human,Fortis Colosseum
2598,3785,0.9831258,Mary,Human,Varrock,Squire (Veteran),Human,Void Knight Outpost boat
857,2526,0.98312175,Council workman,Human,Bridge leading to Rellekka,Mage of Zamorak,Human,Ourania Cave
342,1023,0.98312104,Barman,Dwarf,West Keldagrim,Donal,Dwarf,Miscellania and Etceteria Dungeon
675,1814,0.9831166,Cat,Cat,Farming Guild,Guild Hunter Kiko,Cat,Hunters' Guild Burrow
1598,1814,0.9831166,Gertrude's cat,Cat,Lumber Yard,Guild Hunter Kiko,Cat,Hunters' Guild Burrow
1349,2057,0.9831162,Feanor,Elf,Prifddinas,Ingwion,Elf,Prifddinas
369,838,0.98311603,Bartender,Human,Lumbridge,Cook,Human,Jolly Boar Inn
627,2233,0.98311436,Captain Kalt,Human,Wintertodt Camp,Kent,Human,"Unknown island, Witchaven"
798,1971,0.9831121,Clerk,Human,Clan Hub,Holly,Human,North of Port Sarim
2789,4003,0.9831117,Myndill,Dwarf,Keldagrim,Tombar,Dwarf,Keldagrim West
1831,2292,0.98310757,'Gummy',Human,Tower of Life,Konoo,Human,Hosidius
2652,3563,0.98310673,Messenger,Human,Anywhere,Shop assistant,Human,Musa Point
1263,1538,0.9831017,Eric,Human,Jatizso,Galahad,Human,Near McGrubor's Wood
286,2068,0.9830989,Bank guard,Human,Draynor Village,Ironman tutor,Human,Lumbridge
3051,3969,0.9830984,Philipe Carnillean,Human,East Ardougne,Thrander,Human,Realm of Memories
1349,2961,0.9830942,Feanor,Elf,Prifddinas,Oswallt,Elf,Prifddinas
1075,3436,0.9830914,Drunken Dwarf,Dwarf,Keldagrim,Saro,Dwarf,Keldagrim
2347,3408,0.9830829,Lauretta,Human,Ruins of Unkah,San Fan,Human,Trouble Brewing
575,1253,0.9830816,Cabin boy,Human,Lunar Isle,Eohric,Human,Burthorpe castle
530,2051,0.9830809,Brother Jered,Human,Edgeville Monastery,Information clerk,Human,Varrock Museum
1893,2099,0.9830803,Harold,Human,Burthorpe,Jail Guard,Human,Port Roberts
4136,4137,0.9830797,Ur-lun,Dorgeshuun,Dorgesh-Kaan,Ur-meg,Dorgeshuun,Dorgesh-Kaan
2318,2652,0.98307735,Lady Table,Human,Temple Knight Training Grounds,Messenger,Human,Anywhere
1954,3571,0.98307455,High Priest,Human,Entrana,Shop keeper,Human,Falador
423,2268,0.98307323,BigRedJapan,Human,Rooftop Agility Courses,King's Messenger,Human,Anywhere
70,423,0.98307323,Alan,Human,Tal Teok,BigRedJapan,Human,Rooftop Agility Courses
1695,3177,0.98307246,Godric,Human,Troll Stronghold prison,Quartermaster,Human,Tyras Camp
429,1695,0.98307246,Billy Rehnison,Human,West Ardougne,Godric,Human,Troll Stronghold prison
386,530,0.9830668,Bedread the bold,Human,Pirates' Cove,Brother Jered,Human,Edgeville Monastery
2219,4188,0.9830667,Kathy Corkat,Human,West of Tree Gnome Stronghold,Veronica,Human,Draynor Manor
1610,3458,0.9830656,Ghost,Human,Ruins of Camdozaal,Scout,Human,Ghorrock Dungeon
4091,4152,0.98306143,Two-pints,Human,"Flying Horse Inn , East Ardougne",Valaine,Human,Champions' Guild
1093,3125,0.9830607,Duke Horacio,Human,Lumbridge Castle,Priest,Human,East Ardougne
1094,3125,0.9830607,Duke Horacio,Human,Lumbridge Castle ground floor [ UK ] 1 st floor [ US ],Priest,Human,East Ardougne
1338,3991,0.9830601,Father Aereck,Human,Lumbridge,Tinse Torpe,Human,Varrock Museum
1337,3991,0.9830601,Father Aereck,Human,Lumbridge,Tinse Torpe,Human,Varrock Museum
862,1066,0.9830599,Councillor Unkar,Dwarf ( Imcando-descendant ),Lovakengj Assembly,Dromund,Dwarf,Keldagrim
3683,4094,0.98305255,Slave,Human,Underground Pass,Tyras guard,Human,Tyras Camp
1163,3683,0.98305255,Elder Chaos druid,Human,Chaos Temple,Slave,Human,Underground Pass
3683,4128,0.98305255,Slave,Human,Underground Pass,Unferth,Human,Burthorpe
3515,3683,0.98305255,Shantay Guard,Human,Ruins of Unkah,Slave,Human,Underground Pass
2340,3683,0.98305255,Larry,Human,Wilderness,Slave,Human,Underground Pass
3532,3683,0.98305255,Sherpa,Human,? (edit),Slave,Human,Underground Pass
1934,3683,0.98305255,Hengrad,Human,Fight Arena,Slave,Human,Underground Pass
1060,3683,0.98305255,Drezel,Human,Paterdomus,Slave,Human,Underground Pass
2714,3683,0.98305255,Monk,Human,Varrock,Slave,Human,Underground Pass
527,3683,0.98305255,Brother Althric,Human,Edgeville Monastery,Slave,Human,Underground Pass
3683,3860,0.98305255,Slave,Human,Underground Pass,Svidi,Human,East of Rellekka
707,3683,0.98305255,Chadwell,Human,West Ardougne,Slave,Human,Underground Pass
1140,3683,0.9830525,Edmond,Human,Bandit camp mine,Slave,Human,Underground Pass
2020,3794,0.98304904,Icicle,Troll,Weiss,Squirrel,Troll,Weiss
323,4410,0.98304415,Baraek,Human,Varrock Square,Zealot,Human,Abandoned Mine
858,1695,0.9830424,Councillor Andrews,Human,Kourend Castle,Godric,Human,Troll Stronghold prison
318,3636,0.9830388,Banker,Human,Varrock,Sir Percival,Human,Fisher Realm
173,1486,0.9830383,Archeio,Citizen of Arceuus,Arceuus Library,Freald,Citizen of Arceuus,Arceuus
361,1860,0.9830383,Bartender,Human,? (edit),Hairdresser,Human,Falador
1486,2869,0.9830383,Freald,Citizen of Arceuus,Arceuus,Novice,Citizen of Arceuus,Arceuus church
850,3237,0.98303616,Cornelius,Human,Burgh de Rott,Razvan,Human,Burgh de Rott
334,1337,0.98303604,Barge foreman,Human,Digsite barge,Father Aereck,Human,Lumbridge
334,1338,0.98303604,Barge foreman,Human,Digsite barge,Father Aereck,Human,Lumbridge
319,2864,0.98303175,Banker,Vampyre,Ver Sinhaza,Noranna Tytanin,Vampyre,Daeyalt essence mine
1093,3787,0.98303175,Duke Horacio,Human,Lumbridge Castle,Squire,Human,Void Knight Outpost
296,2864,0.98303175,Banker,Vampyre,Darkmeyer,Noranna Tytanin,Vampyre,Daeyalt essence mine
1094,3787,0.98303175,Duke Horacio,Human,Lumbridge Castle ground floor [ UK ] 1 st floor [ US ],Squire,Human,Void Knight Outpost
1292,1770,0.9830308,Executioner,Human,East Ardougne,Guard,Human,East Ardougne
2598,3213,0.98302853,Mary,Human,Varrock,Ranged combat tutor,Human,Lumbridge
531,1323,0.9830283,Brother Jered,Human,Edgeville Monastery,Farmer,Human,Miscellania
1323,2716,0.9830283,Farmer,Human,Miscellania,Monk,Human,Entrana
2552,3568,0.9830276,Man,Human,Catacombs of Kourend,Shop keeper,Human,Al Kharid
2553,3568,0.9830276,Man,Human,Hosidius vinery,Shop keeper,Human,Al Kharid
3499,3901,0.98302597,Sergius,Human,Twilight Temple,Taz,,Outside Nemus Retreat
3843,4041,0.98302484,Sune,Dwarf,Keldagrim,Trader,Dwarf,Trade Octagon
1111,4041,0.98302484,Dwarf,Dwarf,Dorgesh-Kaan–Keldagrim train system,Trader,Dwarf,Trade Octagon
365,4268,0.98302245,Bartender,Human,Bandit Village in the Kharidian Desert,Wesley,Human,Nardah
3235,4268,0.98302245,Razmire Keelgan,Human,Mort'ton,Wesley,Human,Nardah
3497,4350,0.983021,Sergeant Tobyn,Human,Varrock Square,Wounded soldier,Human,Infirmary
1118,2960,0.9830208,Eadgar,Human,Summit of Trollheim ( Trollheim Teleport ),Oswald,Human,Shayzien
2124,2246,0.9830146,Jeremy Clerksin,Human,Varrock church,Khazard Guard,Human,Fight Arena
312,628,0.98301375,Banker,Human,Shayzien,Captain Khaled,Human,Port Piscarilius
3125,4303,0.9830073,Priest,Human,East Ardougne,Wistan,Human,Burthorpe
1860,3573,0.9830066,Hairdresser,Human,Falador,Shop keeper,Human,Lumbridge
1641,3244,0.9830042,Giles,Human,Anywhere random events can occur,Recruiter,Human,West Ardougne
1321,1325,0.9829985,Farmer,Human,Hosidius,Farmer,Human,Shayzien Cloak and Stagger
1416,3402,0.9829976,Fisherman Frodi,Human,Miscellania,Sam,Human,Arceuus Library
1715,2492,0.9829947,Grand Exchange Clerk,Human,Grand Exchange,Luke,Human,Shipyard
2492,3928,0.9829947,Luke,Human,Shipyard,The 'Wedge',Human,Camelot
2492,3997,0.9829947,Luke,Human,Shipyard,Toby,Human,Varrock
2492,2578,0.9829947,Luke,Human,Shipyard,Mark,Human,Port Piscarilius
1078,2492,0.9829947,Drunken soldier,Human,The Cloak and Stagger,Luke,Human,Shipyard
2492,3700,0.9829947,Luke,Human,Shipyard,Smithing apprentice,Human,Lumbridge
2492,2980,0.9829947,Luke,Human,Shipyard,Panning guide,Human,Digsite
1035,2675,0.98299456,Doric,Dwarf,North of Falador,Mine supervisor,Dwarf ( Imcando-descendant ),"Lovakite mine , Great Kourend"
2339,2890,0.98298705,Larry,Human,Falador,Obli,Human,Shilo Village
311,549,0.98298603,Banker,Human,Quetzacalli Gorge,Builder,Human,Cam Torum entrance
30,1643,0.9829807,Adala,Human,Villa Lucens,Gillie Groats,Human,"Eastern Lumbridge cow pen, near the Al Kharid toll gate."
2008,4118,0.9829807,Hura,Dwarf,Dwarven Mine,Ulifed,Dwarf,Keldagrim
207,1709,0.9829807,Arno,Human,Farming Guild,Gossip,Human,Sinclair Mansion
2712,3429,0.9829793,Molly,Human,Evil twin,Sarah,Human,South Falador Farm
533,644,0.98297644,Brother Maledict,Human,Witchaven,Captain Siad,Human,Desert Mining Camp
644,4345,0.98297644,Captain Siad,Human,Desert Mining Camp,Workman,Human,Falador
1299,2901,0.9829751,Factory Manager,Dwarf,Keldagrim,Odmar,Dwarf,Keldagrim
2594,3197,0.9829736,Martin Thwait,Human,Rogues' Den,Rachael,Human,Burthorpe Games Room
644,1989,0.98297143,Captain Siad,Human,Desert Mining Camp,Hosa,Human,Kingstown statue
624,2111,0.98296964,Captain Ginea,Human,Shayzien Encampment,Jasper,Human,Salvager Overlook
1253,1416,0.9829696,Eohric,Human,Burthorpe castle,Fisherman Frodi,Human,Miscellania
56,3563,0.9829695,Aisles,Human,Tai Bwo Wannai,Shop assistant,Human,Musa Point
179,416,0.9829688,Arcis,Citizen of Arceuus,Arceuus,Biblia,Citizen of Arceuus,Arceuus Library
882,1384,0.9829676,Crefydd,Elf,Top floor of the Tower of Voices,Fingolfin,Elf,Prifddinas
207,596,0.98296565,Arno,Human,Farming Guild,Candle maker,Human,Catherby
2205,3568,0.98296446,Kangai Mau,Human,Brimhaven,Shop keeper,Human,Al Kharid
1104,3613,0.9829605,Dusuri,Dwarf,Mining Guild,Silver Cog Secretary,Dwarf,Keldagrim
1876,4200,0.9829595,Hamid,Human,Emir's Arena,Vigroy,Human,Shilo Village
2078,3826,0.9829546,Ivan,Human,Burgh de Rott,Street urchin,Human,Pollnivneach
3826,4194,0.9829546,Street urchin,Human,Pollnivneach,Victor,Human,Burgh de Rott
2378,4025,0.9829543,Lenny,Human,North of Prifddinas,Tourist,,"Civitas illa Fortis , Aldarin"
1182,1203,0.98295397,Elena,Human,East Ardougne,Ellen,Human,Myths' Guild
4268,4344,0.9829496,Wesley,Human,Nardah,Worker,,Varlamore
1929,3040,0.9829471,Helpline Assistant,Human,,Petra Fiyed,Human,Goblin Cave
737,1929,0.9829471,Cheryl,Human,Port Piscarilius,Helpline Assistant,Human,
1929,2310,0.98294705,Helpline Assistant,Human,,Lacey,Human,Mansion in a faraway island.
1876,1954,0.98294675,Hamid,Human,Emir's Arena,High Priest,Human,Entrana
2339,2577,0.9829445,Larry,Human,Falador,Marius Giste,Human,Varrock Museum
2678,3966,0.98293716,Miner,Dwarf,The Deeper Lode,Thorodin,Dwarf,Miscellania and Etceteria Dungeon
494,857,0.9829354,Bork Sigmundson,Human,Ice Troll Caves,Council workman,Human,Bridge leading to Rellekka
408,794,0.98293465,Bernard,Human,? (edit),Cleaner,Human,Varrock
1203,3179,0.98293245,Ellen,Human,Myths' Guild,Queen Sigrid,Human,Castle of Etceteria
894,3482,0.98292905,"Cuali, Teoki of Ralos",,Temple in Civitas illa Fortis,"Seia, Teoki of Ranul",,Fortis Colosseum entrance
830,3573,0.98292375,Concerned man,Human,Varrock,Shop keeper,Human,Lumbridge
2106,3966,0.98291934,Jardric,Dwarf,Fossil Island,Thorodin,Dwarf,Miscellania and Etceteria Dungeon
1709,2781,0.9829172,Gossip,Human,Sinclair Mansion,Murky Pat,Human,Lady Zay
167,4334,0.98291665,Apprentice workman,Human,Falador,Woodsman tutor,Human,Lumbridge
1580,2578,0.98291636,General Kilian,Human,Shayzien,Mark,Human,Port Piscarilius
1580,1715,0.98291636,General Kilian,Human,Shayzien,Grand Exchange Clerk,Human,Grand Exchange
1580,3997,0.98291636,General Kilian,Human,Shayzien,Toby,Human,Varrock
1078,1580,0.98291636,Drunken soldier,Human,The Cloak and Stagger,General Kilian,Human,Shayzien
1580,3700,0.98291636,General Kilian,Human,Shayzien,Smithing apprentice,Human,Lumbridge
1580,3928,0.98291636,General Kilian,Human,Shayzien,The 'Wedge',Human,Camelot
1580,2980,0.98291636,General Kilian,Human,Shayzien,Panning guide,Human,Digsite
1659,3142,0.9829141,Gnome,Gnome,Mourner HQ Prison in West Ardougne,Prissy Scilla,Gnome,Tree Gnome Stronghold
1351,1659,0.9829141,Felfiz Yaryus,Gnome,Farming Guild,Gnome,Gnome,Mourner HQ Prison in West Ardougne
1659,2345,0.9829141,Gnome,Gnome,Mourner HQ Prison in West Ardougne,Latlink Fastbell,Gnome,Farming Guild
1659,3118,0.9829141,Gnome,Gnome,Mourner HQ Prison in West Ardougne,Praistan Ebola,Gnome,Brimhaven
1659,2326,0.9829141,Gnome,Gnome,Mourner HQ Prison in West Ardougne,Lammy Langle,Gnome,Hosidius
1659,4396,0.98291403,Gnome,Gnome,Mourner HQ Prison in West Ardougne,Yulf Squecks,Gnome,Etceteria
483,1659,0.98291403,Bolongo,Gnome,Tree Gnome Stronghold,Gnome,Gnome,Mourner HQ Prison in West Ardougne
1504,1659,0.98291403,Frizzy Skernip,Gnome,Port Sarim,Gnome,Gnome,Mourner HQ Prison in West Ardougne
640,2923,0.9829131,Captain Rovin,Human,Varrock Palace,Old Man Yarlo,Human,Varrock
2449,2781,0.9829124,Lord Daquarius,Human,Taverley Dungeon,Murky Pat,Human,Lady Zay
342,1107,0.9829084,Barman,Dwarf,West Keldagrim,Dwarf,Dwarf,Dwarven Mine
2350,3948,0.9829054,Lazim,Human,Enakhra's Temple,Thias Leacke,Human,Varrock Museum
1962,4118,0.98290503,Hirko,Dwarf,Keldagrim,Ulifed,Dwarf,Keldagrim
1588,1589,0.9829021,Genie,Human,? (edit),Genie,Genie,A cave near Nardah
1415,2736,0.9829017,Fisherman,Human,Rellekka Docks,Mord Gunnars,Human,Rellekka docks
1415,3389,0.9829017,Fisherman,Human,Rellekka Docks,Sailor,Human,Rellekka docks
294,2492,0.98290145,Banker,Human,Civitas illa Fortis,Luke,Human,Shipyard
798,4268,0.9829012,Clerk,Human,Clan Hub,Wesley,Human,Nardah
530,2052,0.9829001,Brother Jered,Human,Edgeville Monastery,Inga,Human,Rellekka
2393,4119,0.9828998,Lieutenant,,Chasm of Fire entrance,Ulina,Human,Christmas Factory
1987,4027,0.9828961,Horphis,Citizen of Arceuus,Arceuus Library,Tower Mage,Citizen of Arceuus,"Tower of Magic , Arceuus"
1323,4350,0.98289585,Farmer,Human,Miscellania,Wounded soldier,Human,Infirmary
785,4441,0.98289424,Citizen,Human,Bazaar in Civitas illa Fortis,Zuma,Human,Outside Cam Torum . Upstairs in The Teomat (post quest)
2553,3734,0.9828895,Man,Human,Hosidius vinery,Soldier,Human,The Cloak and Stagger
2552,3734,0.9828895,Man,Human,Catacombs of Kourend,Soldier,Human,The Cloak and Stagger
1988,4392,0.9828829,Horvik,Human,"Varrock , East Anvils",Yrsa,Human,Rellekka
2378,2408,0.98288107,Lenny,Human,North of Prifddinas,Ling,Human,
356,517,0.98288065,Bartender,Human,Yanille,Brian,Human,Port Sarim
3244,3989,0.98287934,Recruiter,Human,West Ardougne,Tindel Marchant,Human,Port Khazard
1115,1522,0.9828787,Dwarven Ferryman,Dwarf,Keldagrim,Fullangr,Dwarf,Miscellania and Etceteria Dungeon
1522,3301,0.9828787,Fullangr,Dwarf,Miscellania and Etceteria Dungeon,Richard Flintmaul,Dwarf,
1522,2940,0.9828787,Fullangr,Dwarf,Miscellania and Etceteria Dungeon,Ordan,Dwarf,Keldagrim
1388,2318,0.9828767,Fionella,Human,Legends' Guild,Lady Table,Human,Temple Knight Training Grounds
2163,4118,0.98287535,Jorzik,Dwarf,Keldagrim,Ulifed,Dwarf,Keldagrim
3955,4118,0.98287535,Thirus,Dwarf ( Imcando-descendant ),Lovakengj,Ulifed,Dwarf,Keldagrim
2249,4118,0.98287535,"Khorvak, a dwarven engineer",Dwarf,Under White Wolf Mountain,Ulifed,Dwarf,Keldagrim
2385,3407,0.9828745,Lesser Fanatic,Human,Edgeville,Sammy Servil,Human,Fight Arena prison
1996,2385,0.9828745,Hudon,Human,Baxtorian Falls,Lesser Fanatic,Human,Edgeville
1954,3568,0.9828671,High Priest,Human,Entrana,Shop keeper,Human,Al Kharid
2230,3785,0.9828645,Kendall,Human,Great Kourend,Squire (Veteran),Human,Void Knight Outpost boat
340,3785,0.9828645,Barmaid,Human,Falador,Squire (Veteran),Human,Void Knight Outpost boat
2126,3785,0.9828645,Jess,Human,East Ardougne,Squire (Veteran),Human,Void Knight Outpost boat
2181,2252,0.9828632,Jungle forester,Human,"Kharazi Jungle border, near Shilo Village",Kilron,Human,West Ardougne
425,751,0.98286307,Bill,Human,Varrock,Child,Human,Throughout Meiyerditch
639,3630,0.9828606,Captain Rimor,Human,Mount Quidamortem,Sir Kuam Ferentse,Human,Temple Knight Training Grounds
3338,3630,0.9828606,Rommik,Human,Rimmington,Sir Kuam Ferentse,Human,Temple Knight Training Grounds
356,640,0.98285854,Bartender,Human,Yanille,Captain Rovin,Human,Varrock Palace
4200,4350,0.98285615,Vigroy,Human,Shilo Village,Wounded soldier,Human,Infirmary
21,549,0.9828547,Academic,Human,Grand Museum,Builder,Human,Cam Torum entrance
857,1502,0.98285306,Council workman,Human,Bridge leading to Rellekka,Frincos,Human,Entrana
1587,1589,0.9828507,Genie,Genie,Random event,Genie,Genie,A cave near Nardah
2553,3571,0.98284495,Man,Human,Hosidius vinery,Shop keeper,Human,Falador
2552,3571,0.98284495,Man,Human,Catacombs of Kourend,Shop keeper,Human,Falador
1096,1794,0.98284495,Dumpy,Dwarf,Blast Furnace,Guard,Human,? (edit)
370,2978,0.9828429,Bartender,Human,The Warrens,Palum,Human,Christmas Factory
1982,3833,0.9828409,Horace,Human,Hosidius,Student,Human,Digsite
716,3902,0.98283994,Charles,Human,Port Piscarilius,Tea Seller,Human,Varrock
3902,4416,0.98283994,Tea Seller,Human,Varrock,Zembo,Human,"Musa Point, Karamja"
2890,3487,0.9828371,Obli,Human,Shilo Village,Seravel,Human,Shilo Village
904,1580,0.9828358,Customer,Human,Keldagrim Library,General Kilian,Human,Shayzien
1580,3522,0.9828358,General Kilian,Human,Shayzien,Shayda,Human,Shayzien
1580,2591,0.9828358,General Kilian,Human,Shayzien,Martha Rehnison,Human,West Ardougne
1580,3786,0.9828358,General Kilian,Human,Shayzien,Squire,Human,Void Knight Outpost
1580,3987,0.9828358,General Kilian,Human,Shayzien,Tina,Human,Falador
1580,2316,0.9828358,General Kilian,Human,Shayzien,Lady Servil,Human,Fight Arena
1580,2222,0.9828358,General Kilian,Human,Shayzien,Kaylee,Human,Falador
2339,3902,0.9828347,Larry,Human,Falador,Tea Seller,Human,Varrock
813,1299,0.9828324,Colonel Grimsson,Dwarf,"Red Axe base, Keldagrim",Factory Manager,Dwarf,Keldagrim
730,1819,0.98283136,Checkal,Human,Barbarian Village,Guildmaster,Human,Champions' Guild
596,1138,0.9828296,Candle maker,Human,Catherby,Ed Wood,Human,Digsite
1971,2393,0.9828273,Holly,Human,North of Port Sarim,Lieutenant,,Chasm of Fire entrance
2146,3179,0.9828271,Joe,Human,Draynor Village jail,Queen Sigrid,Human,Castle of Etceteria
3179,3564,0.9828271,Queen Sigrid,Human,Castle of Etceteria,Shop assistant,Human,Rimmington
471,2272,0.98282576,Bob,Human,Lumbridge,Kiyahtla,Human,Tlati Rainforest
470,2272,0.98282576,Bob,Human,Lumbridge,Kiyahtla,Human,Tlati Rainforest
798,4119,0.98282266,Clerk,Human,Clan Hub,Ulina,Human,Christmas Factory
2644,3200,0.9828203,Mercenary,Human,Ver Sinhaza,Radigad Ponfit,Human,"Myreque Hideout at Canifis , later at Burgh de Rott"
3585,4268,0.9828181,Shopkeeper,,Civitas illa Fortis,Wesley,Human,Nardah
1334,1345,0.98281425,Farolt,Human,Giants' Den,Father Reen,Human,Al Kharid
2781,3321,0.98281264,Murky Pat,Human,Lady Zay,Robyn,Human,Shayzien
2665,3837,0.9828038,Mikey,Human,South-east of Barbarian Village,Styrmir,Human,Rellekka Longhall Bar
432,2665,0.9828038,Bjorn,Human,Rellekka Longhall Bar,Mikey,Human,South-east of Barbarian Village
1954,2207,0.98280346,High Priest,Human,Entrana,Karaday,Human,Tai Bwo Wannai
2878,3946,0.982803,Nurse Sarah,Human,West Ardougne,Theodore Paxton,Human,Red Rock
777,2565,0.98279786,Citizen,Human,Aldarin,Marcus,Human,Auburnvale
1352,2565,0.98279786,Felius,Human,Twilight Temple,Marcus,Human,Auburnvale
3279,3499,0.98279744,Renata,Human,Outer Fortis,Sergius,Human,Twilight Temple
360,2111,0.98279727,Bartender,Human,Nemus Retreat,Jasper,Human,Salvager Overlook
596,3691,0.982795,Candle maker,Human,Catherby,Sloane,Human,Warriors' Guild
860,1004,0.9827926,Councillor Halgrive,Human,East Ardougne,Dock worker,Human,Port Piscarilius
318,3734,0.9827862,Banker,Human,Varrock,Soldier,Human,The Cloak and Stagger
628,4350,0.9827826,Captain Khaled,Human,Port Piscarilius,Wounded soldier,Human,Infirmary
3349,3487,0.9827803,Ross and Ben,Human,Port Piscarilius,Seravel,Human,Shilo Village
1876,3783,0.9827802,Hamid,Human,Emir's Arena,Squire (Intermediate),Human,Void Knight Outpost boat
1581,4439,0.9827764,General Salara,Human,Shayzien,Zul-Onan,Human,Zul-Andra
900,4350,0.98277414,Curpile Fyod,Human,Mort Myre Swamp,Wounded soldier,Human,Infirmary
900,3545,0.982774,Curpile Fyod,Human,Mort Myre Swamp,Shipwright Seth,Human,Port Phasmatys
839,1911,0.9827734,Cook,Human,Lumbridge Castle kitchen,Head chef,Human,Cooks' Guild
494,900,0.9827725,Bork Sigmundson,Human,Ice Troll Caves,Curpile Fyod,Human,Mort Myre Swamp
1592,3611,0.9827718,Gerald,Human,South of Baxtorian Falls,Silk trader,Human,Al Kharid
3595,3611,0.9827718,Siegfried Erkle,Human,2 nd floor [ UK ] 3 rd floor [ US ] of Legends' Guild (west side),Silk trader,Human,Al Kharid
1525,3611,0.9827718,Fur trader,Human,East Ardougne,Silk trader,Human,Al Kharid
1966,3611,0.9827718,Hiylik Myna,Human,Paterdomus,Silk trader,Human,Al Kharid
3611,3906,0.9827718,Silk trader,Human,Al Kharid,Ted Rehnison,Human,West Ardougne
2207,4200,0.9827715,Karaday,Human,Tai Bwo Wannai,Vigroy,Human,Shilo Village
1580,3785,0.9827609,General Kilian,Human,Shayzien,Squire (Veteran),Human,Void Knight Outpost boat
921,3263,0.98275936,Dallas Jones,Human,"Karamja Wines, Spirits, and Beers",Ref,Human,Warriors' Guild
1996,3536,0.9827563,Hudon,Human,Baxtorian Falls,Shilop,Human,Varrock square
1996,3139,0.9827563,Hudon,Human,Baxtorian Falls,Prisoner,Human,Haunted Woods
3407,3536,0.9827563,Sammy Servil,Human,Fight Arena prison,Shilop,Human,Varrock square
3139,3407,0.9827563,Prisoner,Human,Haunted Woods,Sammy Servil,Human,Fight Arena prison
1486,2974,0.9827555,Freald,Citizen of Arceuus,Arceuus,Pagida,Citizen of Arceuus,Library Historical Archive
722,2925,0.9827552,Charlie,Human,The Grand Tree top floor,Oli,Human,Civitas illa Fortis
3096,3927,0.9827534,Pontak,Human,Rellekka,Thakkrad Sigmundson,Human,Neitiznot
3673,3927,0.9827534,Skuli Myrka,Human,Jatizso,Thakkrad Sigmundson,Human,Neitiznot
837,1641,0.98275244,Cook,Human,Blue Moon Inn,Giles,Human,Anywhere random events can occur
2068,3969,0.98274815,Ironman tutor,Human,Lumbridge,Thrander,Human,Realm of Memories
35,524,0.9827452,Adventurer (easy),Human,Paterdomus,Broken Handz,Human,Poison Waste
1226,1228,0.98274446,Emissary Chef,Human,Twilight Temple,Emissary Fisher,Human,West of the Tower of Ascension
1978,4350,0.98274237,Hooknosed Jack,Human,Varrock Rat Pits,Wounded soldier,Human,Infirmary
287,1253,0.9827411,Banker,Human,Bank,Eohric,Human,Burthorpe castle
317,1253,0.9827411,Banker,Human,Tutorial Island,Eohric,Human,Burthorpe castle
293,1253,0.9827411,Banker,Werewolf,Canifis,Eohric,Human,Burthorpe castle
1253,1520,0.9827411,Eohric,Human,Burthorpe castle,Fry,Human,Rabbit Hole
298,1253,0.9827411,Banker,Human,Draynor Village,Eohric,Human,Burthorpe castle
1250,3114,0.9827352,Entomologist,Skeleton,Kalphite Cave,Postie Pete,Skeleton,See article
370,1950,0.98273194,Bartender,Human,The Warrens,Hewey,Human,Lumbridge Swamp
314,1142,0.98273134,Banker,Human,Sophanem,Edward,Human,Around the Rogues' Castle
3673,4013,0.9827251,Skuli Myrka,Human,Jatizso,Torfinn,Human,Rellekka
3096,4013,0.9827251,Pontak,Human,Rellekka,Torfinn,Human,Rellekka
2853,3478,0.98272055,Nkuku,Human,Nardah,Seddu,Human,Nardah
56,3561,0.98271906,Aisles,Human,Tai Bwo Wannai,Shop assistant,Human,Falador
1971,2068,0.98271835,Holly,Human,North of Port Sarim,Ironman tutor,Human,Lumbridge
3785,3786,0.9827166,Squire (Veteran),Human,Void Knight Outpost boat,Squire,Human,Void Knight Outpost
2591,3785,0.9827166,Martha Rehnison,Human,West Ardougne,Squire (Veteran),Human,Void Knight Outpost boat
2316,3785,0.9827166,Lady Servil,Human,Fight Arena,Squire (Veteran),Human,Void Knight Outpost boat
904,3785,0.9827166,Customer,Human,Keldagrim Library,Squire (Veteran),Human,Void Knight Outpost boat
2222,3785,0.9827166,Kaylee,Human,Falador,Squire (Veteran),Human,Void Knight Outpost boat
3785,3987,0.9827166,Squire (Veteran),Human,Void Knight Outpost boat,Tina,Human,Falador
3522,3785,0.9827166,Shayda,Human,Shayzien,Squire (Veteran),Human,Void Knight Outpost boat
2560,3213,0.98271585,Mandy,Human,Mansion in a faraway island.,Ranged combat tutor,Human,Lumbridge
2249,3425,0.9827138,"Khorvak, a dwarven engineer",Dwarf,Under White Wolf Mountain,Santiri,Dwarf,Keldagrim
3425,3955,0.9827138,Santiri,Dwarf,Keldagrim,Thirus,Dwarf ( Imcando-descendant ),Lovakengj
2163,3425,0.9827138,Jorzik,Dwarf,Keldagrim,Santiri,Dwarf,Keldagrim
798,4344,0.9827104,Clerk,Human,Clan Hub,Worker,,Varlamore
1876,4262,0.98270893,Hamid,Human,Emir's Arena,Well-dressed man,Human,Aldarin
1918,4114,0.98270017,"Hegio, Teoki of Ranul",,Civitas illa Fortis crypt,"Ueman, Teoki of Ralos",,Fortis Colosseum
2378,2552,0.9827001,Lenny,Human,North of Prifddinas,Man,Human,Catacombs of Kourend
2378,2553,0.9827001,Lenny,Human,North of Prifddinas,Man,Human,Hosidius vinery
356,3989,0.98269856,Bartender,Human,Yanille,Tindel Marchant,Human,Port Khazard
3004,4235,0.98269784,Peasant,Human,Fisher Realm,Wally,Human,Varrock
65,281,0.982696,Al Shabim,Human,Bedabin Camp,Bandit,Human,The Big Heist Lodge
1950,3691,0.9826952,Hewey,Human,Lumbridge Swamp,Sloane,Human,Warriors' Guild
3431,4326,0.98269475,Sarah,Human,Port Piscarilius,Woman,Human,Blue Moon Inn
3952,4341,0.98269355,Thigo,Dwarf,Vatrachos Island,Worker,Dwarf ( Imcando-descendant ),Stonecutter Outpost
3952,4343,0.98269355,Thigo,Dwarf,Vatrachos Island,Worker,Dwarf ( Imcando-descendant ),"The Windbreaker , Quetzacalli Gorge"
3952,4336,0.98269355,Thigo,Dwarf,Vatrachos Island,Worker,Dwarf ( Imcando-descendant ),Cam Torum
2971,3316,0.9826927,Oziach,Human,North-west Edgeville,Roavar,Werewolf,Canifis
2973,3316,0.9826927,Oziach,Human,Blue Moon Inn,Roavar,Werewolf,Canifis
2497,4034,0.98269105,Lumdo,Gnome,"Ape Atoll , Crash Island",Tracker gnome 3,Gnome,Battlefield
2497,4032,0.98269105,Lumdo,Gnome,"Ape Atoll , Crash Island",Tracker gnome 1,Gnome,Battlefield
2497,4033,0.98269105,Lumdo,Gnome,"Ape Atoll , Crash Island",Tracker gnome 2,Gnome,Battlefield
102,1253,0.98269075,Allanna,Human,Farming Guild,Eohric,Human,Burthorpe castle
1531,2497,0.9826907,G.L.O. Caranock,Gnome,Karamja Shipyard,Lumdo,Gnome,"Ape Atoll , Crash Island"
743,3177,0.98268825,Child,Human,All over West Ardougne,Quartermaster,Human,Tyras Camp
429,743,0.98268825,Billy Rehnison,Human,West Ardougne,Child,Human,All over West Ardougne
3211,3560,0.9826881,Ranael,Human,Al Kharid,Shop assistant,Human,Edgeville
1323,1374,0.9826868,Farmer,Human,Miscellania,Fidelio,Werewolf,Canifis
4361,4410,0.9826851,Xi_plzPetDogz_xiX,Human,South of Edgeville Monastery,Zealot,Human,Abandoned Mine
2111,4025,0.98268497,Jasper,Human,Salvager Overlook,Tourist,,"Civitas illa Fortis , Aldarin"
332,4013,0.9826745,Bardur,Human,Waterbirth Island Dungeon,Torfinn,Human,Rellekka
1788,4013,0.9826745,Guard,Human,Neitiznot,Torfinn,Human,Rellekka
1793,4013,0.9826745,Guard,Human,Rellekka Longhall Bar,Torfinn,Human,Rellekka
520,1559,0.98267186,Briget,Human,Shayzien,Gary,Human,Varrock
775,2679,0.9826688,Chuck,Human,Realm of Memories,Miner Magnus,Human,Miscellania
860,3902,0.9826634,Councillor Halgrive,Human,East Ardougne,Tea Seller,Human,Varrock
1825,2207,0.9826614,Gujuo,Human,Kharazi Jungle,Karaday,Human,Tai Bwo Wannai
1672,2497,0.9826578,Gnome soldier,Gnome,Battle of Atarisundri,Lumdo,Gnome,"Ape Atoll , Crash Island"
3734,4025,0.9826571,Soldier,Human,The Cloak and Stagger,Tourist,,"Civitas illa Fortis , Aldarin"
167,3566,0.98265636,Apprentice workman,Human,Falador,Shop assistant,Human,Varrock
751,3450,0.98265505,Child,Human,Throughout Meiyerditch,Schoolboy,Human,Varrock Museum
3400,3901,0.9826539,Salius,Human,Salvager Overlook,Taz,,Outside Nemus Retreat
1860,3571,0.9826499,Hairdresser,Human,Falador,Shop keeper,Human,Falador
230,2497,0.9826423,Assistant Le Smith,Gnome,Tree Gnome Stronghold,Lumdo,Gnome,"Ape Atoll , Crash Island"
775,2577,0.9826418,Chuck,Human,Realm of Memories,Marius Giste,Human,Varrock Museum
314,1334,0.98263717,Banker,Human,Sophanem,Farolt,Human,Giants' Den
667,4263,0.9826346,Cart conductor,Dwarf,White Wolf Mountain,Wemund,Dwarf,Keldagrim
1138,2086,0.9826308,Ed Wood,Human,Digsite,Jack,Human,Myths' Guild
2118,3235,0.9826279,Jeff,Human,Varrock,Razmire Keelgan,Human,Mort'ton
365,2118,0.98262787,Bartender,Human,Bandit Village in the Kharidian Desert,Jeff,Human,Varrock
65,713,0.9826267,Al Shabim,Human,Bedabin Camp,Chancellor Hassan,Human,Al Kharid Palace
1486,4095,0.9826259,Freald,Citizen of Arceuus,Arceuus,Tyss,Citizen of Arceuus,Great Kourend
53,1780,0.9826234,Agnar,Human,Rellekka,Guard,Human,Jatizso
53,1781,0.9826234,Agnar,Human,Rellekka,Guard,Human,Jatizso
53,1763,0.9826234,Agnar,Human,Rellekka,Gruva Patrull,Human,Jatizso Mine Entrance
1444,2978,0.9826232,Flax keeper,Human,Seers' Village Flax Fields,Palum,Human,Christmas Factory
2978,3141,0.9826232,Palum,Human,Christmas Factory,Prisoner,Human,North Darkmeyer
1886,2978,0.9826232,Hans,Human,Al Kharid,Palum,Human,Christmas Factory
935,2978,0.9826232,Darkmeyer Slave,Human,Hallowed Sepulchre,Palum,Human,Christmas Factory
468,2978,0.9826232,Boar31337Killer,Human,Southern Island of The Node,Palum,Human,Christmas Factory
2674,2978,0.9826232,Mine cart driver,Human,Desert Mining Camp,Palum,Human,Christmas Factory
1038,2978,0.9826232,Doug Deeping,Human,Down the north-eastern borehole of the Digsite,Palum,Human,Christmas Factory
2233,2318,0.9826176,Kent,Human,"Unknown island, Witchaven",Lady Table,Human,Temple Knight Training Grounds
65,2791,0.982617,Al Shabim,Human,Bedabin Camp,Mysterious Bandit,Human,Ancient Vault
2118,2339,0.9826162,Jeff,Human,Varrock,Larry,Human,Falador
3016,4291,0.9826161,Penwie,Gnome,Karamja,Wingstone,Gnome,Nardah
2111,2492,0.982615,Jasper,Human,Salvager Overlook,Luke,Human,Shipyard
2594,3559,0.9826137,Martin Thwait,Human,Rogues' Den,Shop assistant,Human,Al Kharid
640,3244,0.98261356,Captain Rovin,Human,Varrock Palace,Recruiter,Human,West Ardougne
452,4287,0.98261344,Blenny,Human,,Wilough,Human,Varrock square
1414,3334,0.9826127,Fisherman,Human,Port Piscarilius,Romeo,Human,Varrock Square
2716,3429,0.98260987,Monk,Human,Entrana,Sarah,Human,South Falador Farm
531,3429,0.98260987,Brother Jered,Human,Edgeville Monastery,Sarah,Human,South Falador Farm
99,2220,0.9826097,Alice,Human,Farm west of Port Phasmatys,Katrine,Human,South-western Varrock
1581,2069,0.9826089,General Salara,Human,Shayzien,Ironman tutor,Human,Tutorial Island
743,858,0.98260796,Child,Human,All over West Ardougne,Councillor Andrews,Human,Kourend Castle
2144,3790,0.9826069,Joe,Human,Mos Le'Harmless,Squire,Human,Void Knight Outpost
2274,3955,0.9826065,Kjut,Dwarf,Keldagrim,Thirus,Dwarf ( Imcando-descendant ),Lovakengj
2249,2274,0.9826065,"Khorvak, a dwarven engineer",Dwarf,Under White Wolf Mountain,Kjut,Dwarf,Keldagrim
2163,2274,0.9826065,Jorzik,Dwarf,Keldagrim,Kjut,Dwarf,Keldagrim
2781,3339,0.9826047,Murky Pat,Human,Lady Zay,Rommik,Human,Blue Moon Inn
2216,2940,0.98259854,Karl,Dwarf,Keldagrim,Ordan,Dwarf,Keldagrim
2216,3301,0.98259854,Karl,Dwarf,Keldagrim,Richard Flintmaul,Dwarf,
1115,2216,0.98259854,Dwarven Ferryman,Dwarf,Keldagrim,Karl,Dwarf,Keldagrim
463,2008,0.98259807,Blue Opal Secretary,Dwarf,Keldagrim,Hura,Dwarf,Dwarven Mine
2008,4274,0.9825979,Hura,Dwarf,Dwarven Mine,White Chisel Secretary,Dwarf,Keldagrim
410,1138,0.9825963,Bert,Human,Yanille,Ed Wood,Human,Digsite
1863,2923,0.9825945,Hajedy,Human,Brimhaven,Old Man Yarlo,Human,Varrock
2244,2923,0.9825945,Khazard Barman,Human,South-western corner of the Fight Arena,Old Man Yarlo,Human,Varrock
2923,3575,0.9825945,Old Man Yarlo,Human,Varrock,Shop keeper,Human,Port Khazard
860,3049,0.982591,Councillor Halgrive,Human,East Ardougne,Phials,Human,Rimmington
624,2383,0.98258823,Captain Ginea,Human,Shayzien Encampment,Leo,Human,"Bazaar , Civitas illa Fortis"
842,1581,0.9825865,Cooky Weasel,Human,Rabbit Hole,General Salara,Human,Shayzien
222,3137,0.98257864,Ashild,Human,Etceteria,Princess Astrid,Human,Miscellania
471,1142,0.98257715,Bob,Human,Lumbridge,Edward,Human,Around the Rogues' Castle
470,1142,0.98257715,Bob,Human,Lumbridge,Edward,Human,Around the Rogues' Castle
1323,3038,0.9825728,Farmer,Human,Miscellania,Peter,Human,Fossil Island
775,2972,0.9825721,Chuck,Human,Realm of Memories,Oziach,Human,South of the Edgeville Monastery
370,3564,0.9825691,Bartender,Human,The Warrens,Shop assistant,Human,Rimmington
370,2146,0.9825691,Bartender,Human,The Warrens,Joe,Human,Draynor Village jail
1061,2899,0.9825675,Driftwood,Troll,Weiss,Odd Stone,Troll,Weiss
288,470,0.9825543,Banker,Human,Al Kharid,Bob,Human,Lumbridge
288,471,0.9825543,Banker,Human,Al Kharid,Bob,Human,Lumbridge
359,3573,0.9825531,Bartender,Human,"North-east of Varrock , nearly in Wilderness",Shop keeper,Human,Lumbridge
470,2111,0.98255193,Bob,Human,Lumbridge,Jasper,Human,Salvager Overlook
471,2111,0.98255193,Bob,Human,Lumbridge,Jasper,Human,Salvager Overlook
167,3179,0.9825487,Apprentice workman,Human,Falador,Queen Sigrid,Human,Castle of Etceteria
2781,3630,0.98254716,Murky Pat,Human,Lady Zay,Sir Kuam Ferentse,Human,Temple Knight Training Grounds
1935,3969,0.98254645,Henja,Human,Rimmington,Thrander,Human,Realm of Memories
2230,2378,0.9825456,Kendall,Human,Great Kourend,Lenny,Human,North of Prifddinas
2126,2378,0.9825456,Jess,Human,East Ardougne,Lenny,Human,North of Prifddinas
340,2378,0.9825456,Barmaid,Human,Falador,Lenny,Human,North of Prifddinas
1771,1893,0.98254406,Guard,Human,Varrock,Harold,Human,Burthorpe
471,1347,0.9825418,Bob,Human,Lumbridge,Faustus,Human,Aldarin
470,1347,0.9825418,Bob,Human,Lumbridge,Faustus,Human,Aldarin
1300,3425,0.9825409,Factory Worker,Dwarf,Blast Furnace,Santiri,Dwarf,Keldagrim
80,3102,0.98254,Alfonse the waiter,Human,Brimhaven,Port Official,Human,Port Piscarilius
354,3102,0.98254,Bartender,Human,Varrock,Port Official,Human,Port Piscarilius
102,1286,0.9825399,Allanna,Human,Farming Guild,Evelot,Human,South of Tower of Life
1142,1263,0.9825343,Edward,Human,Around the Rogues' Castle,Eric,Human,Jatizso
2923,3989,0.98252803,Old Man Yarlo,Human,Varrock,Tindel Marchant,Human,Port Khazard
2252,2290,0.9825224,Kilron,Human,West Ardougne,Koftik,Human,Underground Pass West Ardougne
1962,4274,0.98252237,Hirko,Dwarf,Keldagrim,White Chisel Secretary,Dwarf,Keldagrim
463,1962,0.9825223,Blue Opal Secretary,Dwarf,Keldagrim,Hirko,Dwarf,Keldagrim
704,3391,0.9825219,Ceril Carnillean,Human,East Ardougne,Sailor,Human,Red Rock
1641,4303,0.9825212,Giles,Human,Anywhere random events can occur,Wistan,Human,Burthorpe
2607,2818,0.9825192,Master Navigator,Human,Tutorial Island,Neil,Human,Bandit Camp
2781,3563,0.982517,Murky Pat,Human,Lady Zay,Shop assistant,Human,Musa Point
656,695,0.98251534,Carla,Human,West Ardougne,Cecilia,Human,Falador Park
813,4009,0.9825076,Colonel Grimsson,Dwarf,"Red Axe base, Keldagrim",Toothy,Dwarf ( Imcando-descendant ),Lovakengj
1486,2300,0.982507,Freald,Citizen of Arceuus,Arceuus,Krato,Citizen of Arceuus,Library Historical Archive
940,1997,0.98250395,Darve,Human,Dorgesh-Kaan South Dungeon,Hugh,Human,Salvager Overlook
2460,2878,0.98250365,Lorelai,Human,"Warriors' Guild , basement",Nurse Sarah,Human,West Ardougne
1026,2878,0.98250365,Donie,Human,North-east of Lumbridge General Store,Nurse Sarah,Human,West Ardougne
1642,2878,0.98250365,Gileth,Human,Tree Gnome Village,Nurse Sarah,Human,West Ardougne
106,2878,0.98250365,Alrena,Human,East Ardougne,Nurse Sarah,Human,West Ardougne
1025,2878,0.98250365,Donie,Human,In and around Lumbridge,Nurse Sarah,Human,West Ardougne
3503,3571,0.9825003,Seth,Human,Brimhaven,Shop keeper,Human,Falador
1672,4396,0.98249865,Gnome soldier,Gnome,Battle of Atarisundri,Yulf Squecks,Gnome,Etceteria
1672,3118,0.98249817,Gnome soldier,Gnome,Battle of Atarisundri,Praistan Ebola,Gnome,Brimhaven
483,1672,0.98249817,Bolongo,Gnome,Tree Gnome Stronghold,Gnome soldier,Gnome,Battle of Atarisundri
1504,1672,0.98249817,Frizzy Skernip,Gnome,Port Sarim,Gnome soldier,Gnome,Battle of Atarisundri
1672,2326,0.98249817,Gnome soldier,Gnome,Battle of Atarisundri,Lammy Langle,Gnome,Hosidius
1672,2345,0.98249817,Gnome soldier,Gnome,Battle of Atarisundri,Latlink Fastbell,Gnome,Farming Guild
1351,1672,0.98249817,Felfiz Yaryus,Gnome,Farming Guild,Gnome soldier,Gnome,Battle of Atarisundri
1672,3142,0.98249817,Gnome soldier,Gnome,Battle of Atarisundri,Prissy Scilla,Gnome,Tree Gnome Stronghold
193,311,0.98249733,Arhein,Human,Catherby,Banker,Human,Quetzacalli Gorge
517,2923,0.98249435,Brian,Human,Port Sarim,Old Man Yarlo,Human,Varrock
837,3244,0.98249304,Cook,Human,Blue Moon Inn,Recruiter,Human,West Ardougne
794,2024,0.98249125,Cleaner,Human,Varrock,Ide,Human,
1039,4236,0.98249006,Doughphie,Human,Rabbit Hole,Wanderer,Feline,Outside of Sophanem
838,2485,0.9824884,Cook,Human,Jolly Boar Inn,Lubufu,Human,Brimhaven
2378,3428,0.9824853,Lenny,Human,North of Prifddinas,Sarah,Human,South Falador Farm
513,1445,0.9824847,Breive,Human,Smoke Devil Dungeon entrance,Flaygian Screwte,Human,Meiyerditch
2117,2383,0.9824844,Jeff,Human,Musa Point,Leo,Human,"Bazaar , Civitas illa Fortis"
534,3585,0.98248255,Brother Omad,Human,Monastery south of Ardougne,Shopkeeper,,Civitas illa Fortis
690,3585,0.98248255,Cave monk,Human,Entrana,Shopkeeper,,Civitas illa Fortis
529,3585,0.98248255,Brother Cedric,Human,East Ardougne,Shopkeeper,,Civitas illa Fortis
532,3585,0.98248255,Brother Kojo,Human,"The Clock Tower , south of Ardougne",Shopkeeper,,Civitas illa Fortis
2718,3585,0.98248255,Monk,Human,Lumbridge Swamp,Shopkeeper,,Civitas illa Fortis
1344,3585,0.98248255,Father Lawrence,Human,Varrock church,Shopkeeper,,Civitas illa Fortis
661,3611,0.98248065,Carpenter,Human,Sophanem,Silk trader,Human,Al Kharid
311,315,0.9824797,Banker,Human,Quetzacalli Gorge,Banker,Human,Tal Teklan
193,4119,0.9824747,Arhein,Human,Catherby,Ulina,Human,Christmas Factory
900,1876,0.9824723,Curpile Fyod,Human,Mort Myre Swamp,Hamid,Human,Emir's Arena
2781,2865,0.9824721,Murky Pat,Human,Lady Zay,Norman,Human,Falador
941,2781,0.9824721,Daryl,Human,Shayzien,Murky Pat,Human,Lady Zay
1578,2781,0.9824721,General Hining,Human,Tyras Camp,Murky Pat,Human,Lady Zay
318,4439,0.98246896,Banker,Human,Varrock,Zul-Onan,Human,Zul-Andra
463,3955,0.98246557,Blue Opal Secretary,Dwarf,Keldagrim,Thirus,Dwarf ( Imcando-descendant ),Lovakengj
463,2163,0.9824653,Blue Opal Secretary,Dwarf,Keldagrim,Jorzik,Dwarf,Keldagrim
2163,4274,0.9824653,Jorzik,Dwarf,Keldagrim,White Chisel Secretary,Dwarf,Keldagrim
2249,4274,0.9824653,"Khorvak, a dwarven engineer",Dwarf,Under White Wolf Mountain,White Chisel Secretary,Dwarf,Keldagrim
463,2249,0.9824653,Blue Opal Secretary,Dwarf,Keldagrim,"Khorvak, a dwarven engineer",Dwarf,Under White Wolf Mountain
3955,4274,0.9824653,Thirus,Dwarf ( Imcando-descendant ),Lovakengj,White Chisel Secretary,Dwarf,Keldagrim
838,4361,0.982462,Cook,Human,Jolly Boar Inn,Xi_plzPetDogz_xiX,Human,South of Edgeville Monastery
704,1950,0.9824524,Ceril Carnillean,Human,East Ardougne,Hewey,Human,Lumbridge Swamp
91,1559,0.98245215,Ali the Leaflet Dropper,Human,North of the Al Kharid mine,Gary,Human,Varrock
699,1843,0.9824494,Celegorm,Elf,Prifddinas,Gwallter,Elf,Prifddinas
491,536,0.9824492,Boot,Dwarf,Dwarven Mines,Brown Engine Director,Dwarf,Keldagrim
436,2666,0.98244846,Black Knight Captain,Human,Black Knights' Fortress,Miles,Human,Anywhere random events can occur
3931,3989,0.98244745,The Face,Human,Port Sarim,Tindel Marchant,Human,Port Khazard
1300,1522,0.9824474,Factory Worker,Dwarf,Blast Furnace,Fullangr,Dwarf,Miscellania and Etceteria Dungeon
1567,3560,0.98244643,Gelin,Human,Lumbridge graveyard,Shop assistant,Human,Edgeville
470,2087,0.98244405,Bob,Human,Lumbridge,Jack,Human,Musa Point or Karamja
471,2087,0.98244405,Bob,Human,Lumbridge,Jack,Human,Musa Point or Karamja
440,1831,0.98244363,'Black-eye',Human,Tower of Life,'Gummy',Human,Tower of Life
857,2923,0.98244154,Council workman,Human,Bridge leading to Rellekka,Old Man Yarlo,Human,Varrock
2784,3253,0.98244107,Muruwoi,Monkey,Marim,Red Monkey,Monkey,Trouble Brewing
881,1722,0.9824399,Creakyknees,Goblin,Goblin settlement,Greasycheeks,Goblin,Goblin settlement
1211,1902,0.98243153,Elson,Human,? (edit),Hatius Cosaintus,Human,Lumbridge
2068,2378,0.9824303,Ironman tutor,Human,Lumbridge,Lenny,Human,North of Prifddinas
2272,2492,0.98242533,Kiyahtla,Human,Tlati Rainforest,Luke,Human,Shipyard
940,2923,0.982424,Darve,Human,Dorgesh-Kaan South Dungeon,Old Man Yarlo,Human,Varrock
2586,3788,0.9824228,Marlo,Human,Varrock,Squire,Human,Void Knights' Outpost
56,1567,0.9824197,Aisles,Human,Tai Bwo Wannai,Gelin,Human,Lumbridge graveyard
928,1000,0.98241806,Dantaera,Human,Catherby,Disappointed mother,Human,Varrock
690,3636,0.9824151,Cave monk,Human,Entrana,Sir Percival,Human,Fisher Realm
529,3636,0.9824151,Brother Cedric,Human,East Ardougne,Sir Percival,Human,Fisher Realm
2718,3636,0.9824151,Monk,Human,Lumbridge Swamp,Sir Percival,Human,Fisher Realm
532,3636,0.9824151,Brother Kojo,Human,"The Clock Tower , south of Ardougne",Sir Percival,Human,Fisher Realm
534,3636,0.9824151,Brother Omad,Human,Monastery south of Ardougne,Sir Percival,Human,Fisher Realm
1344,3636,0.9824151,Father Lawrence,Human,Varrock church,Sir Percival,Human,Fisher Realm
2086,3594,0.9824141,Jack,Human,Myths' Guild,Sid,Human,Mansion in a faraway island.
1018,3351,0.98240525,Dominic Onion,Human,"Nightmare Zone , north of Yanille",Roy,Human,Slepe
836,4235,0.98240507,Cook,Human,Blue Moon Inn,Wally,Human,Varrock
3843,4040,0.98240495,Sune,Dwarf,Keldagrim,Trader,Dwarf,Trade Octagon
1111,4040,0.98240495,Dwarf,Dwarf,Dorgesh-Kaan–Keldagrim train system,Trader,Dwarf,Trade Octagon
386,528,0.98240495,Bedread the bold,Human,Pirates' Cove,Brother Brace,Human,Tutorial Island
1111,1761,0.98240495,Dwarf,Dwarf,Dorgesh-Kaan–Keldagrim train system,Grundt,Dwarf,Jatizso
1761,3843,0.98240495,Grundt,Dwarf,Jatizso,Sune,Dwarf,Keldagrim
798,3734,0.98240364,Clerk,Human,Clan Hub,Soldier,Human,The Cloak and Stagger
707,1221,0.98240274,Chadwell,Human,West Ardougne,Emerald Benedict,Human,Rogues' Den
1221,1934,0.98240274,Emerald Benedict,Human,Rogues' Den,Hengrad,Human,Fight Arena
1221,2714,0.98240274,Emerald Benedict,Human,Rogues' Den,Monk,Human,Varrock
1221,2340,0.98240274,Emerald Benedict,Human,Rogues' Den,Larry,Human,Wilderness
527,1221,0.98240274,Brother Althric,Human,Edgeville Monastery,Emerald Benedict,Human,Rogues' Den
1221,3532,0.98240274,Emerald Benedict,Human,Rogues' Den,Sherpa,Human,? (edit)
1221,3860,0.98240274,Emerald Benedict,Human,Rogues' Den,Svidi,Human,East of Rellekka
1140,1221,0.98240274,Edmond,Human,Bandit camp mine,Emerald Benedict,Human,Rogues' Den
1221,4128,0.98240274,Emerald Benedict,Human,Rogues' Den,Unferth,Human,Burthorpe
1060,1221,0.98240274,Drezel,Human,Paterdomus,Emerald Benedict,Human,Rogues' Den
1221,3515,0.98240274,Emerald Benedict,Human,Rogues' Den,Shantay Guard,Human,Ruins of Unkah
1221,4094,0.98240274,Emerald Benedict,Human,Rogues' Den,Tyras guard,Human,Tyras Camp
1163,1221,0.98240274,Elder Chaos druid,Human,Chaos Temple,Emerald Benedict,Human,Rogues' Den
2111,2553,0.98239976,Jasper,Human,Salvager Overlook,Man,Human,Hosidius vinery
2111,2552,0.98239976,Jasper,Human,Salvager Overlook,Man,Human,Catacombs of Kourend
209,1793,0.98239934,Arnor,Human,Northern Etceteria,Guard,Human,Rellekka Longhall Bar
209,332,0.98239934,Arnor,Human,Northern Etceteria,Bardur,Human,Waterbirth Island Dungeon
209,1788,0.98239934,Arnor,Human,Northern Etceteria,Guard,Human,Neitiznot
491,1300,0.98239905,Boot,Dwarf,Dwarven Mines,Factory Worker,Dwarf,Blast Furnace
1641,4235,0.982399,Giles,Human,Anywhere random events can occur,Wally,Human,Varrock
356,3125,0.9823977,Bartender,Human,Yanille,Priest,Human,East Ardougne
3051,3997,0.98239744,Philipe Carnillean,Human,East Ardougne,Toby,Human,Varrock
2578,3051,0.98239744,Mark,Human,Port Piscarilius,Philipe Carnillean,Human,East Ardougne
1715,3051,0.98239744,Grand Exchange Clerk,Human,Grand Exchange,Philipe Carnillean,Human,East Ardougne
2980,3051,0.98239744,Panning guide,Human,Digsite,Philipe Carnillean,Human,East Ardougne
1078,3051,0.98239744,Drunken soldier,Human,The Cloak and Stagger,Philipe Carnillean,Human,East Ardougne
3051,3700,0.98239744,Philipe Carnillean,Human,East Ardougne,Smithing apprentice,Human,Lumbridge
3051,3928,0.98239744,Philipe Carnillean,Human,East Ardougne,The 'Wedge',Human,Camelot
103,2318,0.9823973,Almera,Human,Baxtorian Falls,Lady Table,Human,Temple Knight Training Grounds
2385,4344,0.9823941,Lesser Fanatic,Human,Edgeville,Worker,,Varlamore
214,436,0.98239386,Arthur the Clue Hunter,Human,Lumbridge,Black Knight Captain,Human,Black Knights' Fortress
494,1997,0.9823935,Bork Sigmundson,Human,Ice Troll Caves,Hugh,Human,Salvager Overlook
1323,3358,0.98238635,Farmer,Human,Miscellania,Rufus,Werewolf,Canifis
2552,4019,0.98238605,Man,Human,Catacombs of Kourend,Torrell,Human,South of East Ardougne
2553,4019,0.98238605,Man,Human,Hosidius vinery,Torrell,Human,South of East Ardougne
857,4235,0.982386,Council workman,Human,Bridge leading to Rellekka,Wally,Human,Varrock
722,3051,0.98238516,Charlie,Human,The Grand Tree top floor,Philipe Carnillean,Human,East Ardougne
56,1025,0.98238325,Aisles,Human,Tai Bwo Wannai,Donie,Human,In and around Lumbridge
56,2460,0.98238325,Aisles,Human,Tai Bwo Wannai,Lorelai,Human,"Warriors' Guild , basement"
56,1026,0.98238325,Aisles,Human,Tai Bwo Wannai,Donie,Human,North-east of Lumbridge General Store
56,106,0.98238325,Aisles,Human,Tai Bwo Wannai,Alrena,Human,East Ardougne
56,1642,0.98238325,Aisles,Human,Tai Bwo Wannai,Gileth,Human,Tree Gnome Village
2527,3483,0.9823832,Magic combat tutor,Human,Lumbridge,Selena,Human,Yanille
3639,3902,0.982381,Sir Rebral,Human,Falador,Tea Seller,Human,Varrock
528,2052,0.9823798,Brother Brace,Human,Tutorial Island,Inga,Human,Rellekka
179,3973,0.9823774,Arcis,Citizen of Arceuus,Arceuus,Thyria,Citizen of Arceuus,Arceuus
91,318,0.98236835,Ali the Leaflet Dropper,Human,North of the Al Kharid mine,Banker,Human,Varrock
342,1962,0.9823654,Barman,Dwarf,West Keldagrim,Hirko,Dwarf,Keldagrim
1580,2068,0.98236513,General Kilian,Human,Shayzien,Ironman tutor,Human,Lumbridge
471,3826,0.98236394,Bob,Human,Lumbridge,Street urchin,Human,Pollnivneach
470,3826,0.98236394,Bob,Human,Lumbridge,Street urchin,Human,Pollnivneach
2068,4119,0.98236376,Ironman tutor,Human,Lumbridge,Ulina,Human,Christmas Factory
2492,3969,0.98236275,Luke,Human,Shipyard,Thrander,Human,Realm of Memories
2552,4064,0.9823579,Man,Human,Catacombs of Kourend,Trobert,Human,Brimhaven
2553,4064,0.9823579,Man,Human,Hosidius vinery,Trobert,Human,Brimhaven
1954,2486,0.98235476,High Priest,Human,Entrana,Lucas,Human,Outer Fortis
2073,3788,0.98235226,Ishmael,Human,Ruins of Unkah,Squire,Human,Void Knights' Outpost
3107,4416,0.98235077,Port worker,Human,Port Piscarilius,Zembo,Human,"Musa Point, Karamja"
716,3107,0.98235077,Charles,Human,Port Piscarilius,Port worker,Human,Port Piscarilius
1672,2428,0.9823506,Gnome soldier,Gnome,Battle of Atarisundri,Local Gnome,Gnome,Tree Gnome Village
1672,2201,0.9823506,Gnome soldier,Gnome,Battle of Atarisundri,Kalron,Gnome,Tree Gnome Village
142,2219,0.98235047,Angel,Human,Rimmington,Kathy Corkat,Human,West of Tree Gnome Stronghold
2314,3431,0.9823483,Lady Keli,Human,Draynor jail,Sarah,Human,Port Piscarilius
1348,2146,0.9823482,Fayeth,Human,Lumbridge,Joe,Human,Draynor Village jail
1348,3564,0.9823482,Fayeth,Human,Lumbridge,Shop assistant,Human,Rimmington
1657,2497,0.9823442,Gnome,Gnome,,Lumdo,Gnome,"Ape Atoll , Crash Island"
640,3545,0.9823421,Captain Rovin,Human,Varrock Palace,Shipwright Seth,Human,Port Phasmatys
628,3069,0.98233557,Captain Khaled,Human,Port Piscarilius,Piliar,Human,Port Piscarilius
241,3622,0.98233324,Aubury,Human,Varrock,Sinco Doar,Human,Varrock Museum
937,1914,0.9823301,Darren,Human,East of the Wilderness Agility Course,Head mourner,Elf,West Ardougne
3343,3794,0.98232603,Root,Troll,Weiss,Squirrel,Troll,Weiss
2441,2676,0.9823212,Longbow Ben,Human,Rusty Anchor Inn,Miner,Human,"Jatizso , Jatizso Mines"
3584,3590,0.98232037,Shopkeeper,,Kastori,Shopkeeper,,Tal Teklan
4019,4025,0.98232,Torrell,Human,South of East Ardougne,Tourist,,"Civitas illa Fortis , Aldarin"
180,2111,0.98231983,Arcuani,Human,Tal Teklan,Jasper,Human,Salvager Overlook
2111,3443,0.9823197,Jasper,Human,Salvager Overlook,Sawmill Operator,Human,Auburnvale
3636,3734,0.982317,Sir Percival,Human,Fisher Realm,Soldier,Human,The Cloak and Stagger
700,977,0.9823166,Celyn,Elf,Prifddinas,Derwen,Elf,Prifddinas
2901,4009,0.982316,Odmar,Dwarf,Keldagrim,Toothy,Dwarf ( Imcando-descendant ),Lovakengj
207,476,0.9823156,Arno,Human,Farming Guild,Bob Barter (herbs),Human,Grand Exchange
184,2248,0.98231244,Arena Guard Fawry,Human,Emir's Arena,Khazard Soldier,Human,Ghorrock Dungeon
410,2978,0.98231053,Bert,Human,Yanille,Palum,Human,Christmas Factory
3571,3572,0.98230815,Shop keeper,Human,Falador,Shop keeper,Human,Museum Camp
342,3425,0.9823041,Barman,Dwarf,West Keldagrim,Santiri,Dwarf,Keldagrim
222,3135,0.9823016,Ashild,Human,Etceteria,Prince Brand,Human,Miscellania
1954,2111,0.9822966,High Priest,Human,Entrana,Jasper,Human,Salvager Overlook
1253,2068,0.9822948,Eohric,Human,Burthorpe castle,Ironman tutor,Human,Lumbridge
722,3428,0.9822934,Charlie,Human,The Grand Tree top floor,Sarah,Human,South Falador Farm
120,2996,0.9822929,Amelia,Human,Shayzien,Patty Seer,Human,Lumbridge Castle kitchen
4025,4064,0.98229104,Tourist,,"Civitas illa Fortis , Aldarin",Trobert,Human,Brimhaven
1559,3826,0.98229027,Gary,Human,Varrock,Street urchin,Human,Pollnivneach
670,2917,0.98228604,Cassius,Human,South of Mill Lane Mill,Old crone,Human,East of the Slayer Tower
276,1657,0.98228335,Ball boy,Gnome,"Al Kharid , Brimhaven , Catherby beach",Gnome,Gnome,
2378,2832,0.98228204,Lenny,Human,North of Prifddinas,Nezketi,Human,Tal Teklan
2620,3585,0.982281,Mazion,Human,Entrana sandpit,Shopkeeper,,Civitas illa Fortis
798,1996,0.9822799,Clerk,Human,Clan Hub,Hudon,Human,Baxtorian Falls
798,3407,0.9822799,Clerk,Human,Clan Hub,Sammy Servil,Human,Fight Arena prison
787,1137,0.9822734,Civilian,Human,West Ardougne,Ed,Human,Unmarked Grave
318,4019,0.9822717,Banker,Human,Varrock,Torrell,Human,South of East Ardougne
1844,2946,0.98227113,Gwerin Hapus,Elf,Gwenith,Oropher,Elf,Prifddinas
4128,4410,0.98227,Unferth,Human,Burthorpe,Zealot,Human,Abandoned Mine
4094,4410,0.98227,Tyras guard,Human,Tyras Camp,Zealot,Human,Abandoned Mine
527,4410,0.98227,Brother Althric,Human,Edgeville Monastery,Zealot,Human,Abandoned Mine
3532,4410,0.98227,Sherpa,Human,? (edit),Zealot,Human,Abandoned Mine
1934,4410,0.98227,Hengrad,Human,Fight Arena,Zealot,Human,Abandoned Mine
1163,4410,0.98227,Elder Chaos druid,Human,Chaos Temple,Zealot,Human,Abandoned Mine
2340,4410,0.98227,Larry,Human,Wilderness,Zealot,Human,Abandoned Mine
3515,4410,0.98227,Shantay Guard,Human,Ruins of Unkah,Zealot,Human,Abandoned Mine
2714,4410,0.98227,Monk,Human,Varrock,Zealot,Human,Abandoned Mine
1060,4410,0.98227,Drezel,Human,Paterdomus,Zealot,Human,Abandoned Mine
3860,4410,0.98227,Svidi,Human,East of Rellekka,Zealot,Human,Abandoned Mine
707,4410,0.98227,Chadwell,Human,West Ardougne,Zealot,Human,Abandoned Mine
1140,4410,0.9822699,Edmond,Human,Bandit camp mine,Zealot,Human,Abandoned Mine
536,3425,0.9822682,Brown Engine Director,Dwarf,Keldagrim,Santiri,Dwarf,Keldagrim
1323,2679,0.9822643,Farmer,Human,Miscellania,Miner Magnus,Human,Miscellania
1004,2973,0.9822615,Dock worker,Human,Port Piscarilius,Oziach,Human,Blue Moon Inn
169,1650,0.9822613,Aranwe,Elf,Prifddinas,Glorfindel,Elf,Prifddinas
169,1141,0.9822613,Aranwe,Elf,Prifddinas,Edrahil,Elf,Prifddinas
1004,2971,0.9822612,Dock worker,Human,Port Piscarilius,Oziach,Human,North-west Edgeville
2921,3201,0.9822601,Old man,Human,Shayzien,Radimus Erkle,Human,Legends' Guild
2118,2635,0.982257,Jeff,Human,Varrock,Melee combat tutor,Human,Lumbridge
494,836,0.9822539,Bork Sigmundson,Human,Ice Troll Caves,Cook,Human,Blue Moon Inn
1580,2383,0.98225355,General Kilian,Human,Shayzien,Leo,Human,"Bazaar , Civitas illa Fortis"
214,2890,0.98225033,Arthur the Clue Hunter,Human,Lumbridge,Obli,Human,Shilo Village
1874,2385,0.9822465,Hambling,Human,Rellekka Longhall Bar,Lesser Fanatic,Human,Edgeville
370,2865,0.9822398,Bartender,Human,The Warrens,Norman,Human,Falador
370,1578,0.9822398,Bartender,Human,The Warrens,General Hining,Human,Tyras Camp
370,3563,0.9822398,Bartender,Human,The Warrens,Shop assistant,Human,Musa Point
370,941,0.9822398,Bartender,Human,The Warrens,Daryl,Human,Shayzien
3899,3946,0.9822366,Taylor,Human,Farming Guild,Theodore Paxton,Human,Red Rock
358,3946,0.9822366,Bartender,Human,Seers' Village,Theodore Paxton,Human,Red Rock
2272,2551,0.9822333,Kiyahtla,Human,Tlati Rainforest,Man,Werewolf,Canifis
369,1004,0.982231,Bartender,Human,Lumbridge,Dock worker,Human,Port Piscarilius
3014,4386,0.9822304,Pennant,Elf,Prifddinas,Ymladd,Elf,Prifddinas
1262,1270,0.98222923,Eric,Human,Rimmington church,Estate agent,Human,"Varrock , Falador , Seers' Village , Ardougne , Hosidius"
359,1898,0.9822227,Bartender,Human,"North-east of Varrock , nearly in Wilderness",Harry,Human,Catherby
1768,1893,0.98222136,Guard,Human,Varrock Palace,Harold,Human,Burthorpe
1893,3726,0.98222136,Harold,Human,Burthorpe,Soldier,Human,Northern Ocean
209,3968,0.9822187,Arnor,Human,Northern Etceteria,Thorvald the Warrior,Human,Rellekka
209,3965,0.9822187,Arnor,Human,Northern Etceteria,Thorodin,Human,Rellekka
3851,3966,0.98221636,Supreme Commander,Dwarf,Keldagrim,Thorodin,Dwarf,Miscellania and Etceteria Dungeon
900,3181,0.9822135,Curpile Fyod,Human,Mort Myre Swamp,Quest Guide,Human,Tutorial Island
940,4349,0.98221254,Darve,Human,Dorgesh-Kaan South Dungeon,Worried Baker,Human,Varrock
3157,4402,0.9822108,Protester,Human,Varrock,Zamorakian Acolyte,Human,Ferox Enclave
1260,3014,0.98221064,Erestor,Elf,Prifddinas,Pennant,Elf,Prifddinas
2901,3613,0.98221016,Odmar,Dwarf,Keldagrim,Silver Cog Secretary,Dwarf,Keldagrim
743,2620,0.9822095,Child,Human,All over West Ardougne,Mazion,Human,Entrana sandpit
475,1323,0.9822092,Bob,Human,Sinclair Mansion,Farmer,Human,Miscellania
664,3436,0.9822091,Cart conductor,Dwarf,Keldagrim,Saro,Dwarf,Keldagrim
475,1416,0.982204,Bob,Human,Sinclair Mansion,Fisherman Frodi,Human,Miscellania
452,773,0.9822024,Blenny,Human,,Christopher,Human,? (edit)
1000,3038,0.9821991,Disappointed mother,Human,Varrock,Peter,Human,Fossil Island
1709,2592,0.98219883,Gossip,Human,Sinclair Mansion,Martin Holt,Human,Kingstown
3051,3734,0.9821981,Philipe Carnillean,Human,East Ardougne,Soldier,Human,The Cloak and Stagger
686,4084,0.9821956,Cave goblin,Dorgeshuun,Dorgesh-Kaan,Turgok,Dorgeshuun,Dorgesh-Kaan market
2925,3359,0.98219436,Oli,Human,Civitas illa Fortis,Rufus,Human,Civitas illa Fortis
318,830,0.98219424,Banker,Human,Varrock,Concerned man,Human,Varrock
4084,4419,0.98219335,Turgok,Dorgeshuun,Dorgesh-Kaan market,Zenkog,Dorgeshuun,Dorgesh-Kaan market
2069,3949,0.9821932,Ironman tutor,Human,Tutorial Island,Thidrolda,Dwarf,World Wildlife Fund conservation area
2068,3572,0.98219,Ironman tutor,Human,Lumbridge,Shop keeper,Human,Museum Camp
2069,3565,0.9821898,Ironman tutor,Human,Tutorial Island,Shop assistant,Human,Varrock
3004,3181,0.98218834,Peasant,Human,Fisher Realm,Quest Guide,Human,Tutorial Island
1067,2967,0.9821867,Dromund's cat,Cat,Keldagrim,Overgrown cat,Cat,Gertrude
2594,3890,0.9821834,Martin Thwait,Human,Rogues' Den,Taria,Human,Rimmington
356,857,0.98217994,Bartender,Human,Yanille,Council workman,Human,Bridge leading to Rellekka
2526,4410,0.9821799,Mage of Zamorak,Human,Ourania Cave,Zealot,Human,Abandoned Mine
2244,3244,0.9821791,Khazard Barman,Human,South-western corner of the Fight Arena,Recruiter,Human,West Ardougne
3244,3575,0.9821791,Recruiter,Human,West Ardougne,Shop keeper,Human,Port Khazard
1863,3244,0.9821791,Hajedy,Human,Brimhaven,Recruiter,Human,West Ardougne
342,4118,0.9821783,Barman,Dwarf,West Keldagrim,Ulifed,Dwarf,Keldagrim
3499,3544,0.9821765,Sergius,Human,Twilight Temple,Shipwright Sennia,Human,Civitas illa Fortis
947,3244,0.98217475,David,Human,Fossil Island,Recruiter,Human,West Ardougne
740,3778,0.9821744,Chief Engineer Greyson,Human,Red Rock,'Squawking' Steve Beanie,Human,The Pandemonium
652,1658,0.9821726,Carado,Gnome,Ape Atoll,Gnome,Gnome,Taverley
652,1673,0.9821726,Carado,Gnome,Ape Atoll,Gnome trainer,Gnome,Tree Gnome Stronghold
130,4188,0.9821719,Ana,Human,Desert Mining Camp,Veronica,Human,Draynor Manor
3352,3636,0.9821651,Roy jr.,Human,Kourend Woodland,Sir Percival,Human,Fisher Realm
1000,2222,0.98215723,Disappointed mother,Human,Varrock,Kaylee,Human,Falador
1000,2316,0.98215723,Disappointed mother,Human,Varrock,Lady Servil,Human,Fight Arena
1000,3786,0.98215723,Disappointed mother,Human,Varrock,Squire,Human,Void Knight Outpost
504,1559,0.98215723,Boy,Human,Taverley,Gary,Human,Varrock
1000,3987,0.98215723,Disappointed mother,Human,Varrock,Tina,Human,Falador
1000,2591,0.98215723,Disappointed mother,Human,Varrock,Martha Rehnison,Human,West Ardougne
1000,3522,0.98215723,Disappointed mother,Human,Varrock,Shayda,Human,Shayzien
904,1000,0.98215723,Customer,Human,Keldagrim Library,Disappointed mother,Human,Varrock
1347,2551,0.9821561,Faustus,Human,Aldarin,Man,Werewolf,Canifis
2295,3316,0.98215353,Kortan,Human,East Ardougne,Roavar,Werewolf,Canifis
814,4206,0.98215246,Colosseum Announcer,Human,Fortis Colosseum,Vincens,Human,Outer Fortis
423,2577,0.98214626,BigRedJapan,Human,Rooftop Agility Courses,Marius Giste,Human,Varrock Museum
836,838,0.982146,Cook,Human,Blue Moon Inn,Cook,Human,Jolly Boar Inn
520,2578,0.9821447,Briget,Human,Shayzien,Mark,Human,Port Piscarilius
520,3700,0.9821447,Briget,Human,Shayzien,Smithing apprentice,Human,Lumbridge
520,3928,0.9821447,Briget,Human,Shayzien,The 'Wedge',Human,Camelot
520,3997,0.9821447,Briget,Human,Shayzien,Toby,Human,Varrock
520,2980,0.9821447,Briget,Human,Shayzien,Panning guide,Human,Digsite
520,1078,0.9821447,Briget,Human,Shayzien,Drunken soldier,Human,The Cloak and Stagger
520,1715,0.9821447,Briget,Human,Shayzien,Grand Exchange Clerk,Human,Grand Exchange
179,2039,0.98214376,Arcis,Citizen of Arceuus,Arceuus,Imerominia,Citizen of Arceuus,Library Historical Archive
179,2434,0.98214376,Arcis,Citizen of Arceuus,Arceuus,Logosia,Citizen of Arceuus,Arceuus Library
179,2704,0.98214376,Arcis,Citizen of Arceuus,Arceuus,Mofina,Citizen of Arceuus,Arceuus church
179,2705,0.98214376,Arcis,Citizen of Arceuus,Arceuus,Mofina,Citizen of Arceuus,Lumbridge Castle
179,1678,0.98214376,Arcis,Citizen of Arceuus,Arceuus,Gnosi,Citizen of Arceuus,Mount Quidamortem
656,2660,0.9821426,Carla,Human,West Ardougne,Mia,Human,Shayzien
2385,3565,0.9821391,Lesser Fanatic,Human,Edgeville,Shop assistant,Human,Varrock
2116,3946,0.9821381,Jeed,Human,Emir's Arena,Theodore Paxton,Human,Red Rock
831,3639,0.9821373,Conrad King,Human,Port Piscarilius,Sir Rebral,Human,Falador
2526,3181,0.9821368,Mage of Zamorak,Human,Ourania Cave,Quest Guide,Human,Tutorial Island
1344,1874,0.9821354,Father Lawrence,Human,Varrock church,Hambling,Human,Rellekka Longhall Bar
534,1874,0.9821354,Brother Omad,Human,Monastery south of Ardougne,Hambling,Human,Rellekka Longhall Bar
1874,2718,0.9821354,Hambling,Human,Rellekka Longhall Bar,Monk,Human,Lumbridge Swamp
690,1874,0.9821354,Cave monk,Human,Entrana,Hambling,Human,Rellekka Longhall Bar
529,1874,0.9821354,Brother Cedric,Human,East Ardougne,Hambling,Human,Rellekka Longhall Bar
532,1874,0.9821354,Brother Kojo,Human,"The Clock Tower , south of Ardougne",Hambling,Human,Rellekka Longhall Bar
504,830,0.98213154,Boy,Human,Taverley,Concerned man,Human,Varrock
137,1301,0.98212755,Andiess Juip,Human,Meiyerditch,Fadli,Human,Emir's Arena
1004,2214,0.9821274,Dock worker,Human,Port Piscarilius,Karim,Human,Al Kharid
1794,3970,0.98212314,Guard,Human,? (edit),Thumpy,Dwarf,Blast Furnace
1794,2872,0.98212314,Guard,Human,? (edit),Numpty,Dwarf,Blast Furnace
2148,3740,0.98212296,Jofridr Mordstatter,Human,Neitiznot,Sophia Hughes,Human,Kourend Castle
1223,3740,0.98212296,Emily,Human,Falador,Sophia Hughes,Human,Kourend Castle
530,1000,0.98212254,Brother Jered,Human,Edgeville Monastery,Disappointed mother,Human,Varrock
530,928,0.9821204,Brother Jered,Human,Edgeville Monastery,Dantaera,Human,Catherby
2614,4151,0.9821192,Mawrth,Elf,Lletya,Vaire,Elf,Prifddinas
370,3339,0.9821189,Bartender,Human,The Warrens,Rommik,Human,Blue Moon Inn
2577,3963,0.9821147,Marius Giste,Human,Varrock Museum,Thorkel Silkbeard,Human,Jatizso
2781,3338,0.98211336,Murky Pat,Human,Lady Zay,Rommik,Human,Rimmington
639,2781,0.98211336,Captain Rimor,Human,Mount Quidamortem,Murky Pat,Human,Lady Zay
337,938,0.982112,Barker,Werewolf,Canifis,Darren,Human,Port Piscarilius
3445,3617,0.982112,Sbott,Werewolf,Canifis,Simon,Human,Port Piscarilius
938,3445,0.982112,Darren,Human,Port Piscarilius,Sbott,Werewolf,Canifis
2638,3445,0.982112,Melvin,Human,Port Piscarilius,Sbott,Werewolf,Canifis
337,3617,0.982112,Barker,Werewolf,Canifis,Simon,Human,Port Piscarilius
337,2638,0.982112,Barker,Werewolf,Canifis,Melvin,Human,Port Piscarilius
989,1581,0.9821117,Diana,Human,Myths' Guild,General Salara,Human,Shayzien
1876,2272,0.98211086,Hamid,Human,Emir's Arena,Kiyahtla,Human,Tlati Rainforest
193,1971,0.9821104,Arhein,Human,Catherby,Holly,Human,North of Port Sarim
214,716,0.98211014,Arthur the Clue Hunter,Human,Lumbridge,Charles,Human,Port Piscarilius
214,4416,0.98211014,Arthur the Clue Hunter,Human,Lumbridge,Zembo,Human,"Musa Point, Karamja"
2185,2818,0.9821072,Justin Servil,Human,Fight Arena,Neil,Human,Bandit Camp
370,2449,0.9821049,Bartender,Human,The Warrens,Lord Daquarius,Human,Taverley Dungeon
1707,2294,0.98210305,Gorhak quo Narga,Kahlith,Mount Karuulm,Kormar quo Maten,Kahlith,Karuulm Slayer Dungeon
1546,4225,0.98210305,Garbek quo Maten,Kahlith,Karuulm Slayer Dungeon,Vornas quo Maten,Kahlith,Mount Karuulm
1471,3889,0.98210305,Fornek quo Maten,Kahlith,Mount Karuulm,Tarfol quo Maten,Kahlith,Karuulm Slayer Dungeon
2294,2588,0.98210305,Kormar quo Maten,Kahlith,Karuulm Slayer Dungeon,Marmor quo Narga,Kahlith,Mount Karuulm
2294,4147,0.98210305,Kormar quo Maten,Kahlith,Karuulm Slayer Dungeon,Uurrak quo Narga,Kahlith,Mount Karuulm
2294,2548,0.98210305,Kormar quo Maten,Kahlith,Karuulm Slayer Dungeon,Mallak quo Keran,Kahlith,Mount Karuulm
2294,2461,0.98210305,Kormar quo Maten,Kahlith,Karuulm Slayer Dungeon,Lornor quo Narga,Kahlith,Mount Karuulm
929,1546,0.98210305,Darcor quo Narga,Kahlith,Mount Karuulm,Garbek quo Maten,Kahlith,Karuulm Slayer Dungeon
1864,2294,0.98210305,Haldor quo Keran,Kahlith,Mount Karuulm,Kormar quo Maten,Kahlith,Karuulm Slayer Dungeon
929,3889,0.98210305,Darcor quo Narga,Kahlith,Mount Karuulm,Tarfol quo Maten,Kahlith,Karuulm Slayer Dungeon
1546,2548,0.98210305,Garbek quo Maten,Kahlith,Karuulm Slayer Dungeon,Mallak quo Keran,Kahlith,Mount Karuulm
1864,3889,0.98210305,Haldor quo Keran,Kahlith,Mount Karuulm,Tarfol quo Maten,Kahlith,Karuulm Slayer Dungeon
2375,3889,0.98210305,Leke quo Keran,Kahlith,Great Kourend,Tarfol quo Maten,Kahlith,Karuulm Slayer Dungeon
929,2294,0.98210305,Darcor quo Narga,Kahlith,Mount Karuulm,Kormar quo Maten,Kahlith,Karuulm Slayer Dungeon
2294,4225,0.98210305,Kormar quo Maten,Kahlith,Karuulm Slayer Dungeon,Vornas quo Maten,Kahlith,Mount Karuulm
2294,2375,0.98210305,Kormar quo Maten,Kahlith,Karuulm Slayer Dungeon,Leke quo Keran,Kahlith,Great Kourend
2548,3889,0.98210305,Mallak quo Keran,Kahlith,Mount Karuulm,Tarfol quo Maten,Kahlith,Karuulm Slayer Dungeon
1546,2588,0.98210305,Garbek quo Maten,Kahlith,Karuulm Slayer Dungeon,Marmor quo Narga,Kahlith,Mount Karuulm
1471,1546,0.98210305,Fornek quo Maten,Kahlith,Mount Karuulm,Garbek quo Maten,Kahlith,Karuulm Slayer Dungeon
1546,4226,0.98210305,Garbek quo Maten,Kahlith,Karuulm Slayer Dungeon,Vortas quo Keran,Kahlith,Mount Karuulm
1546,4147,0.98210305,Garbek quo Maten,Kahlith,Karuulm Slayer Dungeon,Uurrak quo Narga,Kahlith,Mount Karuulm
2294,4226,0.98210305,Kormar quo Maten,Kahlith,Karuulm Slayer Dungeon,Vortas quo Keran,Kahlith,Mount Karuulm
3889,4225,0.98210305,Tarfol quo Maten,Kahlith,Karuulm Slayer Dungeon,Vornas quo Maten,Kahlith,Mount Karuulm
1546,1864,0.98210305,Garbek quo Maten,Kahlith,Karuulm Slayer Dungeon,Haldor quo Keran,Kahlith,Mount Karuulm
1546,2461,0.98210305,Garbek quo Maten,Kahlith,Karuulm Slayer Dungeon,Lornor quo Narga,Kahlith,Mount Karuulm
2461,3889,0.98210305,Lornor quo Narga,Kahlith,Mount Karuulm,Tarfol quo Maten,Kahlith,Karuulm Slayer Dungeon
1546,2375,0.98210305,Garbek quo Maten,Kahlith,Karuulm Slayer Dungeon,Leke quo Keran,Kahlith,Great Kourend
1546,1707,0.98210305,Garbek quo Maten,Kahlith,Karuulm Slayer Dungeon,Gorhak quo Narga,Kahlith,Mount Karuulm
3889,4147,0.98210305,Tarfol quo Maten,Kahlith,Karuulm Slayer Dungeon,Uurrak quo Narga,Kahlith,Mount Karuulm
3889,4226,0.98210305,Tarfol quo Maten,Kahlith,Karuulm Slayer Dungeon,Vortas quo Keran,Kahlith,Mount Karuulm
2588,3889,0.98210305,Marmor quo Narga,Kahlith,Mount Karuulm,Tarfol quo Maten,Kahlith,Karuulm Slayer Dungeon
1471,2294,0.98210305,Fornek quo Maten,Kahlith,Mount Karuulm,Kormar quo Maten,Kahlith,Karuulm Slayer Dungeon
1707,3889,0.98210305,Gorhak quo Narga,Kahlith,Mount Karuulm,Tarfol quo Maten,Kahlith,Karuulm Slayer Dungeon
3428,3949,0.98209804,Sarah,Human,South Falador Farm,Thidrolda,Dwarf,World Wildlife Fund conservation area
494,837,0.982095,Bork Sigmundson,Human,Ice Troll Caves,Cook,Human,Blue Moon Inn
830,1874,0.98209363,Concerned man,Human,Varrock,Hambling,Human,Rellekka Longhall Bar
3040,3946,0.9820936,Petra Fiyed,Human,Goblin Cave,Theodore Paxton,Human,Red Rock
737,3946,0.98209333,Cheryl,Human,Port Piscarilius,Theodore Paxton,Human,Red Rock
2310,3946,0.98209333,Lacey,Human,Mansion in a faraway island.,Theodore Paxton,Human,Red Rock
785,3279,0.9820918,Citizen,Human,Bazaar in Civitas illa Fortis,Renata,Human,Outer Fortis
3572,4269,0.98208165,Shop keeper,Human,Museum Camp,Weve,Human,Wyvern Cave
2620,3636,0.98207927,Mazion,Human,Entrana sandpit,Sir Percival,Human,Fisher Realm
1276,1278,0.9820764,Ethereal Guide,Ethereal being,Dream World,Ethereal Man,Human,Dream World
1276,1277,0.9820764,Ethereal Guide,Ethereal being,Dream World,Ethereal Lady,Human,Dream World
1275,1278,0.9820764,Ethereal Fluke,Ethereal being,Dream World,Ethereal Man,Human,Dream World
1275,1277,0.9820764,Ethereal Fluke,Ethereal being,Dream World,Ethereal Lady,Human,Dream World
1278,1280,0.9820764,Ethereal Man,Human,Dream World,Ethereal Numerator,Lunar Entity,Dream World
1273,1280,0.9820764,Ethereal Being,Human,Dream World,Ethereal Numerator,Lunar Entity,Dream World
1277,1280,0.9820764,Ethereal Lady,Human,Dream World,Ethereal Numerator,Lunar Entity,Dream World
1273,1275,0.9820764,Ethereal Being,Human,Dream World,Ethereal Fluke,Ethereal being,Dream World
1273,1276,0.9820764,Ethereal Being,Human,Dream World,Ethereal Guide,Ethereal being,Dream World
1273,1274,0.9820764,Ethereal Being,Human,Dream World,Ethereal Expert,Ethereal being,Dream World
1274,1277,0.9820764,Ethereal Expert,Ethereal being,Dream World,Ethereal Lady,Human,Dream World
1274,1278,0.9820764,Ethereal Expert,Ethereal being,Dream World,Ethereal Man,Human,Dream World
405,4375,0.9820722,Bentamir,Dwarf,Keldagrim,Yarsul,Dwarf,Mining Guild
494,3575,0.9820715,Bork Sigmundson,Human,Ice Troll Caves,Shop keeper,Human,Port Khazard
494,1863,0.9820715,Bork Sigmundson,Human,Ice Troll Caves,Hajedy,Human,Brimhaven
494,2244,0.9820715,Bork Sigmundson,Human,Ice Troll Caves,Khazard Barman,Human,South-western corner of the Fight Arena
4102,4109,0.98207045,TzHaar-Ket-Keh,TzHaar,Mor Ul Rek,TzHaar-Mej-Jal,TzHaar,Mor Ul Rek
1324,3543,0.98206836,Farmer,Human,Groats' farm,Shipwright Seb,Human,Shipyard
1885,3543,0.98206836,Hans,Human,Lumbridge,Shipwright Seb,Human,Shipyard
1324,3557,0.98206836,Farmer,Human,Groats' farm,Shipyard Worker,Human,Shipyard
1885,3557,0.98206794,Hans,Human,Lumbridge,Shipyard Worker,Human,Shipyard
1255,3639,0.98206705,epic mager34,Human,Lumbridge watermill,Sir Rebral,Human,Falador
2205,3042,0.98206687,Kangai Mau,Human,Brimhaven,Petrus,Human,Minotaurs' Rest
2295,3049,0.9820668,Kortan,Human,East Ardougne,Phials,Human,Rimmington
1874,3017,0.9820558,Hambling,Human,Rellekka Longhall Bar,Perdie,Human,Port Roberts
229,1378,0.9820554,Assistant Brock,Human,Crafting Guild,Financial Advisor,Human,Tutorial Island
23,229,0.9820554,Account Guide,Human,Tutorial Island,Assistant Brock,Human,Crafting Guild
1316,2577,0.9820523,Falo the Bard,Human,North of Seers' Village,Marius Giste,Human,Varrock Museum
2232,3340,0.9820508,Kennith,Human,"Fishing Platform , later Witchaven",Ron Gadderanks,Human,North Darkmeyer
2385,3636,0.9820457,Lesser Fanatic,Human,Edgeville,Sir Percival,Human,Fisher Realm
2116,3561,0.98204195,Jeed,Human,Emir's Arena,Shop assistant,Human,Falador
1559,3636,0.9820391,Gary,Human,Varrock,Sir Percival,Human,Fisher Realm
1004,2215,0.9820391,Dock worker,Human,Port Piscarilius,Karim,Human,Blue Moon Inn
1810,4303,0.9820386,Guidor,Human,Varrock,Wistan,Human,Burthorpe
910,1414,0.9820341,Cyrisus,Human,Lunar Isle Mine,Fisherman,Human,Port Piscarilius
1468,3334,0.9820334,Forester (hard),Human,Paterdomus,Romeo,Human,Varrock Square
2102,3334,0.9820334,James,Human,Grand Exchange entrance,Romeo,Human,Varrock Square
1337,2631,0.9820328,Father Aereck,Human,Lumbridge,Meiyerditch citizen,Human,Meiyerditch
1338,2631,0.9820328,Father Aereck,Human,Lumbridge,Meiyerditch citizen,Human,Meiyerditch
3367,3603,0.98203266,Runolf,Human,Miscellania Dungeon,Sigmund The Merchant,Human,Rellekka market
2529,3367,0.98203266,Magnus Gram,Human,Jatizso,Runolf,Human,Miscellania Dungeon
1183,2081,0.9820281,Elena Hosidius,Human,Hosidius,Ivy Sophista,Human,Taverley
1018,2586,0.9820254,Dominic Onion,Human,"Nightmare Zone , north of Yanille",Marlo,Human,Varrock
993,1203,0.98202395,Digsite workman,Human,Digsite and near Varrock Museum,Ellen,Human,Myths' Guild
1203,2228,0.98202395,Ellen,Human,Myths' Guild,Kelvin,Human,Fight Arena
1203,3681,0.98202395,Ellen,Human,Myths' Guild,Slave,Human,Fight Arena
1203,4052,0.98202395,Ellen,Human,Myths' Guild,Tramp,Human,Varrock
704,1915,0.98201966,Ceril Carnillean,Human,East Ardougne,Head Servant,Human,? (edit)
2492,3826,0.9820187,Luke,Human,Shipyard,Street urchin,Human,Pollnivneach
2652,3899,0.9820094,Messenger,Human,Anywhere,Taylor,Human,Farming Guild
358,2652,0.9820094,Bartender,Human,Seers' Village,Messenger,Human,Anywhere
1824,4151,0.9820092,Guinevere,Elf,Prifddinas,Vaire,Elf,Prifddinas
1929,2660,0.9820087,Helpline Assistant,Human,,Mia,Human,Shayzien
3235,3402,0.9820076,Razmire Keelgan,Human,Mort'ton,Sam,Human,Arceuus Library
365,3402,0.9820076,Bartender,Human,Bandit Village in the Kharidian Desert,Sam,Human,Arceuus Library
3826,4025,0.98200464,Street urchin,Human,Pollnivneach,Tourist,,"Civitas illa Fortis , Aldarin"
3244,4349,0.98200226,Recruiter,Human,West Ardougne,Worried Baker,Human,Varrock
167,3691,0.9819947,Apprentice workman,Human,Falador,Sloane,Human,Warriors' Guild
3563,3946,0.9819933,Shop assistant,Human,Musa Point,Theodore Paxton,Human,Red Rock
1026,1388,0.98199296,Donie,Human,North-east of Lumbridge General Store,Fionella,Human,Legends' Guild
106,1388,0.98199296,Alrena,Human,East Ardougne,Fionella,Human,Legends' Guild
1388,1642,0.98199296,Fionella,Human,Legends' Guild,Gileth,Human,Tree Gnome Village
1025,1388,0.98199296,Donie,Human,In and around Lumbridge,Fionella,Human,Legends' Guild
1388,2460,0.98199296,Fionella,Human,Legends' Guild,Lorelai,Human,"Warriors' Guild , basement"
70,361,0.9819868,Alan,Human,Tal Teok,Bartender,Human,? (edit)
361,2268,0.9819868,Bartender,Human,? (edit),King's Messenger,Human,Anywhere
286,1898,0.98198664,Bank guard,Human,Draynor Village,Harry,Human,Catherby
300,2081,0.9819858,Banker,Human,Farming Guild,Ivy Sophista,Human,Taverley
1860,4269,0.9819858,Hairdresser,Human,Falador,Weve,Human,Wyvern Cave
233,1470,0.9819813,Assistant Serf,Human,Varrock,Former Vampyre,Human,Meiyerditch
2318,3561,0.98198056,Lady Table,Human,Temple Knight Training Grounds,Shop assistant,Human,Falador
3882,3946,0.98197997,Tanner,Human,Crafting Guild,Theodore Paxton,Human,Red Rock
520,690,0.98197883,Briget,Human,Shayzien,Cave monk,Human,Entrana
520,534,0.98197883,Briget,Human,Shayzien,Brother Omad,Human,Monastery south of Ardougne
520,532,0.98197883,Briget,Human,Shayzien,Brother Kojo,Human,"The Clock Tower , south of Ardougne"
520,2718,0.98197883,Briget,Human,Shayzien,Monk,Human,Lumbridge Swamp
520,529,0.98197883,Briget,Human,Shayzien,Brother Cedric,Human,East Ardougne
520,1344,0.98197883,Briget,Human,Shayzien,Father Lawrence,Human,Varrock church
798,3523,0.98197615,Clerk,Human,Clan Hub,Shayzien Infiltrator,Human,Lizardman Temple
2339,2973,0.98197544,Larry,Human,Falador,Oziach,Human,Blue Moon Inn
2339,2971,0.98197544,Larry,Human,Falador,Oziach,Human,North-west Edgeville
1874,3429,0.9819733,Hambling,Human,Rellekka Longhall Bar,Sarah,Human,South Falador Farm
2378,3562,0.9819665,Lenny,Human,North of Prifddinas,Shop assistant,Human,Lumbridge
342,4146,0.98196614,Barman,Dwarf,West Keldagrim,Utrec,Dwarf,Mining Guild
3309,3851,0.98196524,Riki the sculptor's model,Dwarf,Keldagrim,Supreme Commander,Dwarf,Keldagrim
2161,3851,0.98196524,Jorra,Dwarf ( Imcando-descendant ),Lovakengj Assembly,Supreme Commander,Dwarf,Keldagrim
1836,3851,0.98196524,Gunslik,Dwarf,Western Keldagrim,Supreme Commander,Dwarf,Keldagrim
2620,3734,0.9819635,Mazion,Human,Entrana sandpit,Soldier,Human,The Cloak and Stagger
2712,3428,0.98196304,Molly,Human,Evil twin,Sarah,Human,South Falador Farm
2181,3596,0.9819621,Jungle forester,Human,"Kharazi Jungle border, near Shilo Village",Sigbert the Adventurer,Human,At the end of Yanille Agility Dungeon.
842,4119,0.98196137,Cooky Weasel,Human,Rabbit Hole,Ulina,Human,Christmas Factory
342,2008,0.98195827,Barman,Dwarf,West Keldagrim,Hura,Dwarf,Dwarven Mine
1203,2318,0.9819504,Ellen,Human,Myths' Guild,Lady Table,Human,Temple Knight Training Grounds
528,1000,0.98195004,Brother Brace,Human,Tutorial Island,Disappointed mother,Human,Varrock
517,3931,0.9819499,Brian,Human,Port Sarim,The Face,Human,Port Sarim
294,2111,0.98194826,Banker,Human,Civitas illa Fortis,Jasper,Human,Salvager Overlook
2106,2678,0.98194706,Jardric,Dwarf,Fossil Island,Miner,Dwarf,The Deeper Lode
3263,3634,0.9819446,Ref,Human,Warriors' Guild,Sir Pear Visor,Human,Old School Museum
340,2051,0.98194396,Barmaid,Human,Falador,Information clerk,Human,Varrock Museum
2051,2230,0.98194396,Information clerk,Human,Varrock Museum,Kendall,Human,Great Kourend
2051,2126,0.98194396,Information clerk,Human,Varrock Museum,Jess,Human,East Ardougne
1874,2996,0.9819399,Hambling,Human,Rellekka Longhall Bar,Patty Seer,Human,Lumbridge Castle kitchen
3321,3346,0.9819385,Robyn,Human,Shayzien,Rosie,Human,Farming Guild
3545,3989,0.98193705,Shipwright Seth,Human,Port Phasmatys,Tindel Marchant,Human,Port Khazard
1751,3266,0.98193693,Group Ironman tutor,Human,Central island of The Node,Regent,Human,Central island of The Node
2973,3639,0.9819351,Oziach,Human,Blue Moon Inn,Sir Rebral,Human,Falador
2971,3639,0.9819351,Oziach,Human,North-west Edgeville,Sir Rebral,Human,Falador
214,429,0.9819349,Arthur the Clue Hunter,Human,Lumbridge,Billy Rehnison,Human,West Ardougne
214,3177,0.9819349,Arthur the Clue Hunter,Human,Lumbridge,Quartermaster,Human,Tyras Camp
2048,4421,0.9819346,Imp defender,Demon,Puro-Puro,Zimberfizz,Imp,Isle of Souls
928,1253,0.98193276,Dantaera,Human,Catherby,Eohric,Human,Burthorpe castle
91,2232,0.9819299,Ali the Leaflet Dropper,Human,North of the Al Kharid mine,Kennith,Human,"Fishing Platform , later Witchaven"
1138,3339,0.98192954,Ed Wood,Human,Digsite,Rommik,Human,Blue Moon Inn
1116,4375,0.9819284,Dwarven Miner,Dwarf,Keldagrim,Yarsul,Dwarf,Mining Guild
243,4375,0.9819284,Audmann,Dwarf,Keldagrim,Yarsul,Dwarf,Mining Guild
2258,2260,0.981928,King Bolrie,Gnome,Cutscene,King Healthorg,Gnome,Quest cutscene
813,2161,0.98192745,Colonel Grimsson,Dwarf,"Red Axe base, Keldagrim",Jorra,Dwarf ( Imcando-descendant ),Lovakengj Assembly
813,3309,0.98192745,Colonel Grimsson,Dwarf,"Red Axe base, Keldagrim",Riki the sculptor's model,Dwarf,Keldagrim
813,1836,0.98192745,Colonel Grimsson,Dwarf,"Red Axe base, Keldagrim",Gunslik,Dwarf,Western Keldagrim
1715,3571,0.98192716,Grand Exchange Clerk,Human,Grand Exchange,Shop keeper,Human,Falador
2578,3571,0.98192716,Mark,Human,Port Piscarilius,Shop keeper,Human,Falador
1078,3571,0.98192716,Drunken soldier,Human,The Cloak and Stagger,Shop keeper,Human,Falador
2980,3571,0.98192716,Panning guide,Human,Digsite,Shop keeper,Human,Falador
3571,3928,0.98192716,Shop keeper,Human,Falador,The 'Wedge',Human,Camelot
3571,3700,0.98192716,Shop keeper,Human,Falador,Smithing apprentice,Human,Lumbridge
3571,3997,0.98192716,Shop keeper,Human,Falador,Toby,Human,Varrock
858,2111,0.98192596,Councillor Andrews,Human,Kourend Castle,Jasper,Human,Salvager Overlook
97,2038,0.98192537,Ali the Tailor,Human,Al Kharid,Ima,Human,Emir's Arena
1971,2378,0.9819236,Holly,Human,North of Port Sarim,Lenny,Human,North of Prifddinas
2069,4439,0.98192316,Ironman tutor,Human,Tutorial Island,Zul-Onan,Human,Zul-Andra
444,3042,0.9819194,Blacksmith,,Tal Teklan,Petrus,Human,Minotaurs' Rest
616,3691,0.9819181,Captain Cleive,Human,Lizardman Caves,Sloane,Human,Warriors' Guild
1118,1582,0.98191744,Eadgar,Human,Summit of Trollheim ( Trollheim Teleport ),General Vir,Human,Battlefront
2111,3177,0.98191535,Jasper,Human,Salvager Overlook,Quartermaster,Human,Tyras Camp
429,2111,0.98191535,Billy Rehnison,Human,West Ardougne,Jasper,Human,Salvager Overlook
659,2119,0.98191464,Carol,Troll,Christmas Factory,Jelly,Troll,Fremennik Slayer Dungeon
2060,4421,0.98191386,Insane,Demon,Yama's Lair,Zimberfizz,Imp,Isle of Souls
2101,4421,0.98191386,Jam,Demon,Yama's Lair,Zimberfizz,Imp,Isle of Souls
2046,4421,0.98191386,Imp,Demon,Yama's Lair,Zimberfizz,Imp,Isle of Souls
4193,4421,0.98191386,Vial,Demon,Yama's Lair,Zimberfizz,Imp,Isle of Souls
529,3734,0.9819125,Brother Cedric,Human,East Ardougne,Soldier,Human,The Cloak and Stagger
532,3734,0.9819125,Brother Kojo,Human,"The Clock Tower , south of Ardougne",Soldier,Human,The Cloak and Stagger
690,3734,0.9819125,Cave monk,Human,Entrana,Soldier,Human,The Cloak and Stagger
534,3734,0.9819125,Brother Omad,Human,Monastery south of Ardougne,Soldier,Human,The Cloak and Stagger
1344,3734,0.9819125,Father Lawrence,Human,Varrock church,Soldier,Human,The Cloak and Stagger
2718,3734,0.9819125,Monk,Human,Lumbridge Swamp,Soldier,Human,The Cloak and Stagger
3575,3931,0.98190814,Shop keeper,Human,Port Khazard,The Face,Human,Port Sarim
1863,3931,0.98190814,Hajedy,Human,Brimhaven,The Face,Human,Port Sarim
2244,3931,0.98190814,Khazard Barman,Human,South-western corner of the Fight Arena,The Face,Human,Port Sarim
312,1416,0.9819048,Banker,Human,Shayzien,Fisherman Frodi,Human,Miscellania
3391,4334,0.98190475,Sailor,Human,Red Rock,Woodsman tutor,Human,Lumbridge
624,2591,0.98190296,Captain Ginea,Human,Shayzien Encampment,Martha Rehnison,Human,West Ardougne
624,2316,0.98190296,Captain Ginea,Human,Shayzien Encampment,Lady Servil,Human,Fight Arena
624,904,0.98190296,Captain Ginea,Human,Shayzien Encampment,Customer,Human,Keldagrim Library
624,3786,0.98190296,Captain Ginea,Human,Shayzien Encampment,Squire,Human,Void Knight Outpost
624,3987,0.98190296,Captain Ginea,Human,Shayzien Encampment,Tina,Human,Falador
624,2222,0.98190296,Captain Ginea,Human,Shayzien Encampment,Kaylee,Human,Falador
624,3522,0.98190296,Captain Ginea,Human,Shayzien Encampment,Shayda,Human,Shayzien
214,858,0.981897,Arthur the Clue Hunter,Human,Lumbridge,Councillor Andrews,Human,Kourend Castle
1526,2296,0.981895,Fur trader,Human,Rellekka marketplace,Koschei the Deathless,Human,? (edit)
1738,2296,0.98189497,Greengrocer,Human,Miscellania Market,Koschei the Deathless,Human,? (edit)
2979,4283,0.9818934,Pandur Hosidius,Human,Hosidius,Will,Human,Port Sarim
1659,1830,0.9818906,Gnome,Gnome,Mourner HQ Prison in West Ardougne,Gulluck,Gnome,Grand Tree
1929,3197,0.9818902,Helpline Assistant,Human,,Rachael,Human,Burthorpe Games Room
830,858,0.9818884,Concerned man,Human,Varrock,Councillor Andrews,Human,Kourend Castle
2805,3331,0.98188806,Nardah Banker,Human,Nardah,Rokuh,Human,Nardah
1502,3181,0.9818877,Frincos,Human,Entrana,Quest Guide,Human,Tutorial Island
207,3339,0.9818872,Arno,Human,Farming Guild,Rommik,Human,Blue Moon Inn
830,3177,0.9818829,Concerned man,Human,Varrock,Quartermaster,Human,Tyras Camp
429,830,0.9818829,Billy Rehnison,Human,West Ardougne,Concerned man,Human,Varrock
1783,4029,0.9818809,Guard,Human,Miscellania Castle,Town Guard,Human,Rellekka
1776,4029,0.9818809,Guard,Human,Southern Etceteria,Town Guard,Human,Rellekka
1784,4029,0.9818809,Guard,Human,Miscellania market,Town Guard,Human,Rellekka
575,3051,0.98187304,Cabin boy,Human,Lunar Isle,Philipe Carnillean,Human,East Ardougne
4138,4139,0.9818722,Ur-pel,Dorgeshuun,Dorgesh-Kaan,Ur-taal,Dorgeshuun,Dorgesh-Kaan
2423,3294,0.9818716,Lleidr Golau,Elf,North of Prifddinas,Rhoddwr Tan,Elf,North of Prifddinas
1874,3562,0.9818716,Hambling,Human,Rellekka Longhall Bar,Shop assistant,Human,Lumbridge
722,3969,0.9818701,Charlie,Human,The Grand Tree top floor,Thrander,Human,Realm of Memories
1567,3211,0.9818685,Gelin,Human,Lumbridge graveyard,Ranael,Human,Al Kharid
900,4351,0.98186755,Curpile Fyod,Human,Mort Myre Swamp,Wounded soldier,Human,Battlefront
640,3931,0.9818661,Captain Rovin,Human,Varrock Palace,The Face,Human,Port Sarim
1337,3789,0.9818661,Father Aereck,Human,Lumbridge,Squire,Human,Void Knight Outpost
1338,3789,0.9818661,Father Aereck,Human,Lumbridge,Squire,Human,Void Knight Outpost
362,3543,0.9818642,Bartender,Human,Port Sarim,Shipwright Seb,Human,Shipyard
3557,3725,0.9818642,Shipyard Worker,Human,Shipyard,Soldier,Human,Death Plateau (south)
362,3557,0.9818642,Bartender,Human,Port Sarim,Shipyard Worker,Human,Shipyard
876,3543,0.9818642,Crafting tutor,Human,Lumbridge Castle,Shipwright Seb,Human,Shipyard
3543,3725,0.9818642,Shipwright Seb,Human,Shipyard,Soldier,Human,Death Plateau (south)
876,3557,0.9818642,Crafting tutor,Human,Lumbridge Castle,Shipyard Worker,Human,Shipyard
1893,4060,0.9818635,Harold,Human,Burthorpe,Treznor,Human,Varrock
147,4091,0.9818623,Anna,Human,Sinclair Mansion,Two-pints,Human,"Flying Horse Inn , East Ardougne"
1023,1300,0.9818587,Donal,Dwarf,Miscellania and Etceteria Dungeon,Factory Worker,Dwarf,Blast Furnace
842,1971,0.981858,Cooky Weasel,Human,Rabbit Hole,Holly,Human,North of Port Sarim
2923,4349,0.9818554,Old Man Yarlo,Human,Varrock,Worried Baker,Human,Varrock
370,3630,0.9818511,Bartender,Human,The Warrens,Sir Kuam Ferentse,Human,Temple Knight Training Grounds
666,4263,0.9818493,Cart conductor,Dwarf,,Wemund,Dwarf,Keldagrim
517,3244,0.98184526,Brian,Human,Port Sarim,Recruiter,Human,West Ardougne
184,4012,0.98184395,Arena Guard Fawry,Human,Emir's Arena,Torbrund,Human,Rellekka Longhall Bar
3181,4200,0.9818431,Quest Guide,Human,Tutorial Island,Vigroy,Human,Shilo Village
940,947,0.98184156,Darve,Human,Dorgesh-Kaan South Dungeon,David,Human,Fossil Island
1203,2978,0.98184067,Ellen,Human,Myths' Guild,Palum,Human,Christmas Factory
1695,3523,0.98183787,Godric,Human,Troll Stronghold prison,Shayzien Infiltrator,Human,Lizardman Temple
318,2393,0.9818336,Banker,Human,Varrock,Lieutenant,,Chasm of Fire entrance
3783,4200,0.9818307,Squire (Intermediate),Human,Void Knight Outpost boat,Vigroy,Human,Shilo Village
116,631,0.9818305,Ambassador Alvijar,Dwarf,"North-east Dorgesh-Kaan , 1 st floor [ UK ] 2 nd floor [ US ]",Captain Lawgof,Dwarf,Coal Trucks
2689,2825,0.9818275,Miriel,Elf,Prifddinas,Nerdanel,Elf,Prifddinas
1195,1291,0.98182553,Elissa,Human,Digsite,Examiner,Human,Exam Centre
1581,2378,0.98182476,General Salara,Human,Shayzien,Lenny,Human,North of Prifddinas
596,714,0.98181725,Candle maker,Human,Catherby,Chancy,Human,Rimmington
536,1023,0.9818164,Brown Engine Director,Dwarf,Keldagrim,Donal,Dwarf,Miscellania and Etceteria Dungeon
504,3177,0.9818157,Boy,Human,Taverley,Quartermaster,Human,Tyras Camp
429,504,0.9818157,Billy Rehnison,Human,West Ardougne,Boy,Human,Taverley
3789,3991,0.98181516,Squire,Human,Void Knight Outpost,Tinse Torpe,Human,Varrock Museum
21,193,0.9818137,Academic,Human,Grand Museum,Arhein,Human,Catherby
3890,3946,0.9818095,Taria,Human,Rimmington,Theodore Paxton,Human,Red Rock
433,1884,0.98180866,Black Cat,Cat,Black Knights' Fortress,Hannibal,,Clan Hall kitchen
472,1884,0.98180866,Bob,Cat,"Asgarnia , spawns at Burthorpe",Hannibal,,Clan Hall kitchen
113,699,0.98180735,Alwyn,Elf,Prifddinas,Celegorm,Elf,Prifddinas
842,3565,0.98180556,Cooky Weasel,Human,Rabbit Hole,Shop assistant,Human,Varrock
1502,4410,0.98180217,Frincos,Human,Entrana,Zealot,Human,Abandoned Mine
2350,3789,0.98180103,Lazim,Human,Enakhra's Temple,Squire,Human,Void Knight Outpost
504,529,0.98179805,Boy,Human,Taverley,Brother Cedric,Human,East Ardougne
504,690,0.98179805,Boy,Human,Taverley,Cave monk,Human,Entrana
504,1344,0.98179805,Boy,Human,Taverley,Father Lawrence,Human,Varrock church
504,534,0.98179805,Boy,Human,Taverley,Brother Omad,Human,Monastery south of Ardougne
504,532,0.98179805,Boy,Human,Taverley,Brother Kojo,Human,"The Clock Tower , south of Ardougne"
504,2718,0.98179805,Boy,Human,Taverley,Monk,Human,Lumbridge Swamp
3042,3568,0.98179644,Petrus,Human,Minotaurs' Rest,Shop keeper,Human,Al Kharid
3949,4187,0.981792,Thidrolda,Dwarf,World Wildlife Fund conservation area,Vermundi,Dwarf,Keldagrim
65,2010,0.98178923,Al Shabim,Human,Bedabin Camp,Iago,Human,No
1486,1987,0.9817872,Freald,Citizen of Arceuus,Arceuus,Horphis,Citizen of Arceuus,Arceuus Library
2086,3566,0.9817865,Jack,Human,Myths' Guild,Shop assistant,Human,Varrock
4025,4439,0.9817848,Tourist,,"Civitas illa Fortis , Aldarin",Zul-Onan,Human,Zul-Andra
2631,3789,0.9817842,Meiyerditch citizen,Human,Meiyerditch,Squire,Human,Void Knight Outpost
3235,4064,0.98178244,Razmire Keelgan,Human,Mort'ton,Trobert,Human,Brimhaven
365,4064,0.98178244,Bartender,Human,Bandit Village in the Kharidian Desert,Trobert,Human,Brimhaven
2890,2973,0.98178107,Obli,Human,Shilo Village,Oziach,Human,Blue Moon Inn
2890,2971,0.98178107,Obli,Human,Shilo Village,Oziach,Human,North-west Edgeville
3571,3573,0.9817795,Shop keeper,Human,Falador,Shop keeper,Human,Lumbridge
2068,3573,0.9817784,Ironman tutor,Human,Lumbridge,Shop keeper,Human,Lumbridge
106,2349,0.9817768,Alrena,Human,East Ardougne,Layleen,Human,Tai Bwo Wannai
1642,2349,0.9817768,Gileth,Human,Tree Gnome Village,Layleen,Human,Tai Bwo Wannai
1026,2349,0.9817768,Donie,Human,North-east of Lumbridge General Store,Layleen,Human,Tai Bwo Wannai
1025,2349,0.9817768,Donie,Human,In and around Lumbridge,Layleen,Human,Tai Bwo Wannai
2349,2460,0.9817768,Layleen,Human,Tai Bwo Wannai,Lorelai,Human,"Warriors' Guild , basement"
3523,3568,0.9817762,Shayzien Infiltrator,Human,Lizardman Temple,Shop keeper,Human,Al Kharid
3883,4052,0.9817759,Tanya,Human,Ruins of Uzer,Tramp,Human,Varrock
993,3883,0.98177576,Digsite workman,Human,Digsite and near Varrock Museum,Tanya,Human,Ruins of Uzer
3681,3883,0.98177576,Slave,Human,Fight Arena,Tanya,Human,Ruins of Uzer
2228,3883,0.98177576,Kelvin,Human,Fight Arena,Tanya,Human,Ruins of Uzer
838,3545,0.9817739,Cook,Human,Jolly Boar Inn,Shipwright Seth,Human,Port Phasmatys
517,3545,0.98177224,Brian,Human,Port Sarim,Shipwright Seth,Human,Port Phasmatys
3125,3556,0.9817722,Priest,Human,East Ardougne,Shipyard worker,,Ship Yard
207,3351,0.9817716,Arno,Human,Farming Guild,Roy,Human,Slepe
785,3400,0.9817697,Citizen,Human,Bazaar in Civitas illa Fortis,Salius,Human,Salvager Overlook
1253,1898,0.98176694,Eohric,Human,Burthorpe castle,Harry,Human,Catherby
529,1695,0.98176664,Brother Cedric,Human,East Ardougne,Godric,Human,Troll Stronghold prison
1695,2718,0.98176664,Godric,Human,Troll Stronghold prison,Monk,Human,Lumbridge Swamp
690,1695,0.98176664,Cave monk,Human,Entrana,Godric,Human,Troll Stronghold prison
534,1695,0.98176664,Brother Omad,Human,Monastery south of Ardougne,Godric,Human,Troll Stronghold prison
532,1695,0.98176664,Brother Kojo,Human,"The Clock Tower , south of Ardougne",Godric,Human,Troll Stronghold prison
1344,1695,0.98176664,Father Lawrence,Human,Varrock church,Godric,Human,Troll Stronghold prison
3387,4187,0.9817643,Sagira,Dwarf,Keldagrim Rat Pits,Vermundi,Dwarf,Keldagrim
214,3487,0.9817629,Arthur the Clue Hunter,Human,Lumbridge,Seravel,Human,Shilo Village
207,1138,0.98175764,Arno,Human,Farming Guild,Ed Wood,Human,Digsite
2233,3946,0.98175657,Kent,Human,"Unknown island, Witchaven",Theodore Paxton,Human,Red Rock
4350,4402,0.9817561,Wounded soldier,Human,Infirmary,Zamorakian Acolyte,Human,Ferox Enclave
410,616,0.98175216,Bert,Human,Yanille,Captain Cleive,Human,Lizardman Caves
1642,3946,0.98175055,Gileth,Human,Tree Gnome Village,Theodore Paxton,Human,Red Rock
342,2202,0.98175037,Barman,Dwarf,West Keldagrim,Kamen,Dwarf,Underground Pass
1025,3946,0.9817503,Donie,Human,In and around Lumbridge,Theodore Paxton,Human,Red Rock
106,3946,0.9817503,Alrena,Human,East Ardougne,Theodore Paxton,Human,Red Rock
1026,3946,0.9817503,Donie,Human,North-east of Lumbridge General Store,Theodore Paxton,Human,Red Rock
2460,3946,0.9817503,Lorelai,Human,"Warriors' Guild , basement",Theodore Paxton,Human,Red Rock
2378,2996,0.98174995,Lenny,Human,North of Prifddinas,Patty Seer,Human,Lumbridge Castle kitchen
201,3704,0.98174834,Armourer (tier 2),Dwarf,Lovakengj,Smokin' Joe,Dwarf,Keldagrim
494,1641,0.98174745,Bork Sigmundson,Human,Ice Troll Caves,Giles,Human,Anywhere random events can occur
370,1348,0.9817474,Bartender,Human,The Warrens,Fayeth,Human,Lumbridge
2385,3523,0.9817459,Lesser Fanatic,Human,Edgeville,Shayzien Infiltrator,Human,Lizardman Temple
4303,4349,0.9817458,Wistan,Human,Burthorpe,Worried Baker,Human,Varrock
1798,2099,0.9817443,Guard Captain,Human,"Dragon Inn , Yanille",Jail Guard,Human,Port Roberts
233,3334,0.9817388,Assistant Serf,Human,Varrock,Romeo,Human,Varrock Square
356,3575,0.9817387,Bartender,Human,Yanille,Shop keeper,Human,Port Khazard
356,1863,0.9817387,Bartender,Human,Yanille,Hajedy,Human,Brimhaven
356,2244,0.9817387,Bartender,Human,Yanille,Khazard Barman,Human,South-western corner of the Fight Arena
624,3785,0.98173463,Captain Ginea,Human,Shayzien Encampment,Squire (Veteran),Human,Void Knight Outpost boat
624,1860,0.9817337,Captain Ginea,Human,Shayzien Encampment,Hairdresser,Human,Falador
2551,3826,0.9817312,Man,Werewolf,Canifis,Street urchin,Human,Pollnivneach
120,2052,0.98173076,Amelia,Human,Shayzien,Inga,Human,Rellekka
318,1695,0.9817276,Banker,Human,Varrock,Godric,Human,Troll Stronghold prison
520,2620,0.9817207,Briget,Human,Shayzien,Mazion,Human,Entrana sandpit
2899,3005,0.9817203,Odd Stone,Troll,Weiss,Pebble,Troll,Weiss
2899,4325,0.9817203,Odd Stone,Troll,Weiss,Wolfbone,Troll,Troll Stronghold kitchen
2978,3563,0.98171896,Palum,Human,Christmas Factory,Shop assistant,Human,Musa Point
2111,2551,0.981714,Jasper,Human,Salvager Overlook,Man,Werewolf,Canifis
2789,4439,0.9817125,Myndill,Dwarf,Keldagrim,Zul-Onan,Human,Zul-Andra
75,196,0.9817051,Alec Kincade,Human,Myths' Guild,Aristarchus,Human,Southern Pollnivneach
520,2385,0.9817049,Briget,Human,Shayzien,Lesser Fanatic,Human,Edgeville
179,2076,0.9817027,Arcis,Citizen of Arceuus,Arceuus,Istoria,Citizen of Arceuus,Library Historical Archive
179,190,0.9817027,Arcis,Citizen of Arceuus,Arceuus,Aretha,Citizen of Arceuus,Soul Altar
179,2405,0.9817027,Arcis,Citizen of Arceuus,Arceuus,Lillia,Citizen of Arceuus,Catacombs of Kourend
179,4205,0.9817027,Arcis,Citizen of Arceuus,Arceuus,Villia,Citizen of Arceuus,Arceuus Library
193,2069,0.98169124,Arhein,Human,Catherby,Ironman tutor,Human,Tutorial Island
40,3550,0.981691,Aemad,Human,East Ardougne,Shipwright Soraya,Human,Corsair Cove
3449,3550,0.981691,Scavvo,Human,Champions' Guild,Shipwright Soraya,Human,Corsair Cove
984,3550,0.98169094,Devan Rutter,Human,The Warrens,Shipwright Soraya,Human,Corsair Cove
3562,4269,0.98168695,Shop assistant,Human,Lumbridge,Weve,Human,Wyvern Cave
2665,3672,0.9816867,Mikey,Human,South-east of Barbarian Village,Skulgrimen,Human,Rellekka
1494,2665,0.9816867,Fridgeir,Human,Rellekka Longhall Bar,Mikey,Human,South-east of Barbarian Village
2552,4439,0.9816804,Man,Human,Catacombs of Kourend,Zul-Onan,Human,Zul-Andra
2553,4439,0.9816804,Man,Human,Hosidius vinery,Zul-Onan,Human,Zul-Andra
814,4441,0.9816803,Colosseum Announcer,Human,Fortis Colosseum,Zuma,Human,Outside Cam Torum . Upstairs in The Teomat (post quest)
3244,4001,0.9816799,Recruiter,Human,West Ardougne,Tom,Human,Christmas Factory
370,1709,0.98167837,Bartender,Human,The Warrens,Gossip,Human,Sinclair Mansion
858,3826,0.9816767,Councillor Andrews,Human,Kourend Castle,Street urchin,Human,Pollnivneach
139,2462,0.9816745,Andrea,Human,Port Piscarilius,Lorraine,Human,Port Piscarilius
139,1200,0.9816745,Andrea,Human,Port Piscarilius,Elizabeth,Human,Port Piscarilius
209,3673,0.9816717,Arnor,Human,Northern Etceteria,Skuli Myrka,Human,Jatizso
209,3096,0.9816717,Arnor,Human,Northern Etceteria,Pontak,Human,Rellekka
616,3564,0.9816706,Captain Cleive,Human,Lizardman Caves,Shop assistant,Human,Rimmington
616,2146,0.9816706,Captain Cleive,Human,Lizardman Caves,Joe,Human,Draynor Village jail
296,4160,0.9816666,Banker,Vampyre,Darkmeyer,Vampyre Juvenile,Vampyre,Ver Sinhaza
319,4160,0.9816666,Banker,Vampyre,Ver Sinhaza,Vampyre Juvenile,Vampyre,Ver Sinhaza
2921,3870,0.98166335,Old man,Human,Shayzien,Swensen the Navigator,Human,Rellekka
429,3826,0.9816612,Billy Rehnison,Human,West Ardougne,Street urchin,Human,Pollnivneach
3177,3826,0.9816612,Quartermaster,Human,Tyras Camp,Street urchin,Human,Pollnivneach
91,429,0.9816599,Ali the Leaflet Dropper,Human,North of the Al Kharid mine,Billy Rehnison,Human,West Ardougne
91,3177,0.9816599,Ali the Leaflet Dropper,Human,North of the Al Kharid mine,Quartermaster,Human,Tyras Camp
504,858,0.98165846,Boy,Human,Taverley,Councillor Andrews,Human,Kourend Castle
1884,2903,0.98165846,Hannibal,,Clan Hall kitchen,Odysseus,Cat,Cutscene during A Tail of Two Cats and Dragon Slayer II
491,537,0.9816464,Boot,Dwarf,Dwarven Mines,Brown Engine Secretary,Dwarf,Keldagrim
2233,3560,0.98164433,Kent,Human,"Unknown island, Witchaven",Shop assistant,Human,Edgeville
356,3556,0.98163956,Bartender,Human,Yanille,Shipyard worker,,Ship Yard
2158,2829,0.9816382,Jonathan,Human,Hosidius,New Recruit Tony,Human,Graveyard of Heroes
91,858,0.9816365,Ali the Leaflet Dropper,Human,North of the Al Kharid mine,Councillor Andrews,Human,Kourend Castle
1018,2158,0.98163456,Dominic Onion,Human,"Nightmare Zone , north of Yanille",Jonathan,Human,Hosidius
3299,3352,0.98163384,Richard,Human,Hosidius,Roy jr.,Human,Kourend Woodland
2552,3826,0.98162925,Man,Human,Catacombs of Kourend,Street urchin,Human,Pollnivneach
2553,3826,0.98162925,Man,Human,Hosidius vinery,Street urchin,Human,Pollnivneach
1416,1538,0.9816282,Fisherman Frodi,Human,Miscellania,Galahad,Human,Near McGrubor's Wood
1160,1678,0.98162603,Ektheme,Citizen of Arceuus,Library Historical Archive,Gnosi,Citizen of Arceuus,Mount Quidamortem
1160,2704,0.98162603,Ektheme,Citizen of Arceuus,Library Historical Archive,Mofina,Citizen of Arceuus,Arceuus church
1160,2039,0.98162603,Ektheme,Citizen of Arceuus,Library Historical Archive,Imerominia,Citizen of Arceuus,Library Historical Archive
2039,3265,0.98162603,Imerominia,Citizen of Arceuus,Library Historical Archive,Regath,Citizen of Arceuus,Arceuus
1160,2705,0.98162603,Ektheme,Citizen of Arceuus,Library Historical Archive,Mofina,Citizen of Arceuus,Lumbridge Castle
2434,2912,0.98162603,Logosia,Citizen of Arceuus,Arceuus Library,Okina,Citizen of Arceuus,Kourend's Blood Altar
2434,3265,0.98162603,Logosia,Citizen of Arceuus,Arceuus Library,Regath,Citizen of Arceuus,Arceuus
1678,2912,0.98162603,Gnosi,Citizen of Arceuus,Mount Quidamortem,Okina,Citizen of Arceuus,Kourend's Blood Altar
1160,2434,0.98162603,Ektheme,Citizen of Arceuus,Library Historical Archive,Logosia,Citizen of Arceuus,Arceuus Library
2704,3265,0.98162603,Mofina,Citizen of Arceuus,Arceuus church,Regath,Citizen of Arceuus,Arceuus
2039,2912,0.98162603,Imerominia,Citizen of Arceuus,Library Historical Archive,Okina,Citizen of Arceuus,Kourend's Blood Altar
1678,3265,0.98162603,Gnosi,Citizen of Arceuus,Mount Quidamortem,Regath,Citizen of Arceuus,Arceuus
2704,2912,0.98162603,Mofina,Citizen of Arceuus,Arceuus church,Okina,Citizen of Arceuus,Kourend's Blood Altar
2705,3265,0.98162603,Mofina,Citizen of Arceuus,Lumbridge Castle,Regath,Citizen of Arceuus,Arceuus
2705,2912,0.98162603,Mofina,Citizen of Arceuus,Lumbridge Castle,Okina,Citizen of Arceuus,Kourend's Blood Altar
1591,3407,0.98162484,Georgie,Human,Varrock,Sammy Servil,Human,Fight Arena prison
1591,1996,0.98162484,Georgie,Human,Varrock,Hudon,Human,Baxtorian Falls
1107,1300,0.9816166,Dwarf,Dwarf,Dwarven Mine,Factory Worker,Dwarf,Blast Furnace
1954,3042,0.9816129,High Priest,Human,Entrana,Petrus,Human,Minotaurs' Rest
2448,2526,0.9816127,Lord Crombwick,Human,Crombwick Manor,Mage of Zamorak,Human,Ourania Cave
2221,2822,0.9816081,Kauayotl,Human,Tal Teklan,Nelta of Ranul,,? (edit)
2221,2821,0.9816081,Kauayotl,Human,Tal Teklan,Nelta of Ralos,,? (edit)
1490,1763,0.9816031,Fremennik Warrior,Human,Rellekka,Gruva Patrull,Human,Jatizso Mine Entrance
1490,1781,0.9816031,Fremennik Warrior,Human,Rellekka,Guard,Human,Jatizso
1490,1780,0.9816031,Fremennik Warrior,Human,Rellekka,Guard,Human,Jatizso
743,1344,0.9816016,Child,Human,All over West Ardougne,Father Lawrence,Human,Varrock church
743,2718,0.9816016,Child,Human,All over West Ardougne,Monk,Human,Lumbridge Swamp
534,743,0.9816016,Brother Omad,Human,Monastery south of Ardougne,Child,Human,All over West Ardougne
532,743,0.9816016,Brother Kojo,Human,"The Clock Tower , south of Ardougne",Child,Human,All over West Ardougne
529,743,0.9816016,Brother Cedric,Human,East Ardougne,Child,Human,All over West Ardougne
690,743,0.9816016,Cave monk,Human,Entrana,Child,Human,All over West Ardougne
516,2085,0.9816003,Brewer,Human,Braindeath Island,Jabari,Human,Menaphos
2781,3346,0.98160005,Murky Pat,Human,Lady Zay,Rosie,Human,Farming Guild
2117,3359,0.9815973,Jeff,Human,Musa Point,Rufus,Human,Civitas illa Fortis
549,3562,0.98159707,Builder,Human,Cam Torum entrance,Shop assistant,Human,Lumbridge
2679,3402,0.9815935,Miner Magnus,Human,Miscellania,Sam,Human,Arceuus Library
444,2486,0.9815931,Blacksmith,,Tal Teklan,Lucas,Human,Outer Fortis
4262,4410,0.98159224,Well-dressed man,Human,Aldarin,Zealot,Human,Abandoned Mine
2295,3961,0.9815879,Kortan,Human,East Ardougne,Thordur,Dwarf,Dwarven Mines
470,1581,0.9815871,Bob,Human,Lumbridge,General Salara,Human,Shayzien
471,1581,0.9815871,Bob,Human,Lumbridge,General Salara,Human,Shayzien
794,1819,0.9815849,Cleaner,Human,Varrock,Guildmaster,Human,Champions' Guild
838,4200,0.9815841,Cook,Human,Jolly Boar Inn,Vigroy,Human,Shilo Village
1567,3197,0.98157847,Gelin,Human,Lumbridge graveyard,Rachael,Human,Burthorpe Games Room
2082,2946,0.98157513,Iwan,Elf,Prifddinas,Oropher,Elf,Prifddinas
3569,4081,0.98157245,Shop keeper,Human,Combat Training Camp,Turael,Human,Burthorpe
1580,3562,0.9815719,General Kilian,Human,Shayzien,Shop assistant,Human,Lumbridge
1872,3937,0.98157096,Hamab,Monkey,Marim,The Monkey's Aunt,Monkey,Ape Atoll
3299,4344,0.98157036,Richard,Human,Hosidius,Worker,,Varlamore
207,3514,0.9815675,Arno,Human,Farming Guild,Shantay,Human,Shantay Pass
4207,4208,0.9815675,Vineyard foreman,Human,Moonrise Brewery and Winery,Vineyard worker,Human,Aldarin
3851,4191,0.9815652,Supreme Commander,Dwarf,Keldagrim,Vestri,Dwarf,Near White Wolf Mountain
4064,4119,0.9815633,Trobert,Human,Brimhaven,Ulina,Human,Christmas Factory
813,3613,0.98156124,Colonel Grimsson,Dwarf,"Red Axe base, Keldagrim",Silver Cog Secretary,Dwarf,Keldagrim
704,935,0.9815612,Ceril Carnillean,Human,East Ardougne,Darkmeyer Slave,Human,Hallowed Sepulchre
704,2674,0.9815612,Ceril Carnillean,Human,East Ardougne,Mine cart driver,Human,Desert Mining Camp
704,1038,0.9815612,Ceril Carnillean,Human,East Ardougne,Doug Deeping,Human,Down the north-eastern borehole of the Digsite
704,1444,0.9815612,Ceril Carnillean,Human,East Ardougne,Flax keeper,Human,Seers' Village Flax Fields
704,1886,0.9815612,Ceril Carnillean,Human,East Ardougne,Hans,Human,Al Kharid
468,704,0.9815612,Boar31337Killer,Human,Southern Island of The Node,Ceril Carnillean,Human,East Ardougne
704,3141,0.9815612,Ceril Carnillean,Human,East Ardougne,Prisoner,Human,North Darkmeyer
1142,2890,0.9815608,Edward,Human,Around the Rogues' Castle,Obli,Human,Shilo Village
3430,4152,0.98155975,Sarah,Human,Varrock,Valaine,Human,Champions' Guild
193,3781,0.9815551,Arhein,Human,Catherby,Squire,Human,Civitas illa Fortis
1591,3969,0.98155046,Georgie,Human,Varrock,Thrander,Human,Realm of Memories
2214,3639,0.9815484,Karim,Human,Al Kharid,Sir Rebral,Human,Falador
370,3338,0.9815477,Bartender,Human,The Warrens,Rommik,Human,Rimmington
370,639,0.9815477,Bartender,Human,The Warrens,Captain Rimor,Human,Mount Quidamortem
1110,4118,0.98154724,Dwarf,Dwarf,Motherlode Mine,Ulifed,Dwarf,Keldagrim
2890,3778,0.9815463,Obli,Human,Shilo Village,'Squawking' Steve Beanie,Human,The Pandemonium
2492,4064,0.9815451,Luke,Human,Shipyard,Trobert,Human,Brimhaven
2185,3289,0.98154366,Justin Servil,Human,Fight Arena,Retired sailor,Human,Ruins of Unkah
798,3266,0.98154336,Clerk,Human,Clan Hub,Regent,Human,Central island of The Node
999,2973,0.9815426,Disappointed father,Human,Varrock,Oziach,Human,Blue Moon Inn
999,2971,0.9815426,Disappointed father,Human,Varrock,Oziach,Human,North-west Edgeville
536,1107,0.9815419,Brown Engine Director,Dwarf,Keldagrim,Dwarf,Dwarf,Dwarven Mine
2620,3568,0.9815366,Mazion,Human,Entrana sandpit,Shop keeper,Human,Al Kharid
624,798,0.9815358,Captain Ginea,Human,Shayzien Encampment,Clerk,Human,Clan Hub
69,2748,0.98153555,Alan,Human,Farming Guild,Mosol Rei,Human,Entrance of Shilo Village
1058,3276,0.98153555,Dreven,Human,Champions' Guild,Relobo Blinyo (logs),Human,Grand Exchange
69,3276,0.98153555,Alan,Human,Farming Guild,Relobo Blinyo (logs),Human,Grand Exchange
1058,2748,0.98153555,Dreven,Human,Champions' Guild,Mosol Rei,Human,Entrance of Shilo Village
782,3563,0.98153347,Citizen,Human,Necropolis,Shop assistant,Human,Musa Point
906,3473,0.98153317,Customs officer,Human,Musa Point,Seaman Morris,Human,The Pandemonium
3279,3400,0.98152876,Renata,Human,Outer Fortis,Salius,Human,Salvager Overlook
471,624,0.9815272,Bob,Human,Lumbridge,Captain Ginea,Human,Shayzien Encampment
470,624,0.9815272,Bob,Human,Lumbridge,Captain Ginea,Human,Shayzien Encampment
3966,4009,0.98152345,Thorodin,Dwarf,Miscellania and Etceteria Dungeon,Toothy,Dwarf ( Imcando-descendant ),Lovakengj
999,2972,0.9815229,Disappointed father,Human,Varrock,Oziach,Human,South of the Edgeville Monastery
56,2449,0.9815177,Aisles,Human,Tai Bwo Wannai,Lord Daquarius,Human,Taverley Dungeon
1832,3094,0.9815166,Gundai,Human,Mage Arena bank,Polmafi Ferdygris,Human,"Myreque Hideout in Canifis , then in Burgh de Rott"
1165,3744,0.9815155,Elder Gnome child,Gnome,Tree Gnome Stronghold,Sorrn,Gnome,
229,4047,0.98150885,Assistant Brock,Human,Crafting Guild,Trader Sven,Human,Meiyerditch
2327,4046,0.9815084,Lan the Butcher,Human,Land's End,Trader Stan,Human,The dock of Port Sarim
928,3429,0.98150575,Dantaera,Human,Catherby,Sarah,Human,South Falador Farm
838,3639,0.981498,Cook,Human,Jolly Boar Inn,Sir Rebral,Human,Falador
2069,3051,0.981493,Ironman tutor,Human,Tutorial Island,Philipe Carnillean,Human,East Ardougne
639,1138,0.98149014,Captain Rimor,Human,Mount Quidamortem,Ed Wood,Human,Digsite
1138,3338,0.98148954,Ed Wood,Human,Digsite,Rommik,Human,Rimmington
2117,2551,0.98148894,Jeff,Human,Musa Point,Man,Werewolf,Canifis
1578,2575,0.9814852,General Hining,Human,Tyras Camp,Marius,Human,Burgh de Rott
941,2575,0.9814852,Daryl,Human,Shayzien,Marius,Human,Burgh de Rott
2575,2865,0.9814852,Marius,Human,Burgh de Rott,Norman,Human,Falador
3197,4052,0.9814845,Rachael,Human,Burthorpe Games Room,Tramp,Human,Varrock
3197,3681,0.9814844,Rachael,Human,Burthorpe Games Room,Slave,Human,Fight Arena
2228,3197,0.9814844,Kelvin,Human,Fight Arena,Rachael,Human,Burthorpe Games Room
993,3197,0.9814844,Digsite workman,Human,Digsite and near Varrock Museum,Rachael,Human,Burthorpe Games Room
1076,3330,0.98148346,Drunken Dwarf,,Player-owned boat,Rohak,Dwarf,Under White Wolf Mountain
298,4269,0.981482,Banker,Human,Draynor Village,Weve,Human,Wyvern Cave
287,4269,0.981482,Banker,Human,Bank,Weve,Human,Wyvern Cave
317,4269,0.981482,Banker,Human,Tutorial Island,Weve,Human,Wyvern Cave
293,4269,0.981482,Banker,Werewolf,Canifis,Weve,Human,Wyvern Cave
1520,4269,0.981482,Fry,Human,Rabbit Hole,Weve,Human,Wyvern Cave
80,1334,0.9814806,Alfonse the waiter,Human,Brimhaven,Farolt,Human,Giants' Den
354,1334,0.9814806,Bartender,Human,Varrock,Farolt,Human,Giants' Den
1894,1954,0.9814758,Harold Evans,Human,Under Canifis in the original Myreque Hideout,High Priest,Human,Entrana
1074,3330,0.98147297,Drunken Dwarf,Dwarf,Random,Rohak,Dwarf,Under White Wolf Mountain
1189,3380,0.9814691,Elgan,Elf,Prifddinas,Sadwrn,Elf,Prifddinas
1189,3399,0.9814691,Elgan,Elf,Prifddinas,Salgant,Elf,Prifddinas
2158,3514,0.9814671,Jonathan,Human,Hosidius,Shantay,Human,Shantay Pass
716,838,0.9814669,Charles,Human,Port Piscarilius,Cook,Human,Jolly Boar Inn
838,4416,0.9814669,Cook,Human,Jolly Boar Inn,Zembo,Human,"Musa Point, Karamja"
1860,2971,0.98146546,Hairdresser,Human,Falador,Oziach,Human,North-west Edgeville
1860,2973,0.98146546,Hairdresser,Human,Falador,Oziach,Human,Blue Moon Inn
842,4019,0.98146325,Cooky Weasel,Human,Rabbit Hole,Torrell,Human,South of East Ardougne
2408,3017,0.9814628,Ling,Human,,Perdie,Human,Port Roberts
1349,1650,0.9814627,Feanor,Elf,Prifddinas,Glorfindel,Elf,Prifddinas
1141,1349,0.98146266,Edrahil,Elf,Prifddinas,Feanor,Elf,Prifddinas
2026,3261,0.981462,Idril,Elf,Prifddinas,Reese,Elf,Prifddinas
183,2432,0.9814552,Arena Guard Drakno,Human,Emir's Arena,Logava,Human,Hosidius
2069,3428,0.98145175,Ironman tutor,Human,Tutorial Island,Sarah,Human,South Falador Farm
1334,2971,0.9814495,Farolt,Human,Giants' Den,Oziach,Human,North-west Edgeville
361,3562,0.98144925,Bartender,Human,? (edit),Shop assistant,Human,Lumbridge
1334,2973,0.9814492,Farolt,Human,Giants' Den,Oziach,Human,Blue Moon Inn
504,2620,0.9814472,Boy,Human,Taverley,Mazion,Human,Entrana sandpit
2947,3954,0.9814442,Orophin,Elf,Prifddinas,Thingol,Elf,Prifddinas
318,504,0.9814439,Banker,Human,Varrock,Boy,Human,Taverley
471,1876,0.98144245,Bob,Human,Lumbridge,Hamid,Human,Emir's Arena
470,1876,0.98144245,Bob,Human,Lumbridge,Hamid,Human,Emir's Arena
103,3946,0.9814417,Almera,Human,Baxtorian Falls,Theodore Paxton,Human,Red Rock
2068,3429,0.98144084,Ironman tutor,Human,Lumbridge,Sarah,Human,South Falador Farm
716,2971,0.9814395,Charles,Human,Port Piscarilius,Oziach,Human,North-west Edgeville
716,2973,0.9814395,Charles,Human,Port Piscarilius,Oziach,Human,Blue Moon Inn
2973,4416,0.9814395,Oziach,Human,Blue Moon Inn,Zembo,Human,"Musa Point, Karamja"
2971,4416,0.9814395,Oziach,Human,North-west Edgeville,Zembo,Human,"Musa Point, Karamja"
798,1988,0.9814385,Clerk,Human,Clan Hub,Horvik,Human,"Varrock , East Anvils"
528,928,0.9814361,Brother Brace,Human,Tutorial Island,Dantaera,Human,Catherby
2535,2537,0.98143595,Major Collect,Human,Barbarian Assault tutorial,Major Heal,Human,Barbarian Assault tutorial
2535,3495,0.98143595,Major Collect,Human,Barbarian Assault tutorial,Sergeant Sambur,Human,Barbarian Assault Waiting Rooms
614,3146,0.98143595,Captain Cain,Human,Barbarian Assault,Private Pierreb,Human,Barbarian Assault outside and near rooms 9 and 10
2537,3146,0.98143595,Major Heal,Human,Barbarian Assault tutorial,Private Pierreb,Human,Barbarian Assault outside and near rooms 9 and 10
3146,3495,0.98143595,Private Pierreb,Human,Barbarian Assault outside and near rooms 9 and 10,Sergeant Sambur,Human,Barbarian Assault Waiting Rooms
2534,2535,0.98143595,Major Attack,Human,Barbarian Assault tutorial,Major Collect,Human,Barbarian Assault tutorial
2534,3146,0.98143595,Major Attack,Human,Barbarian Assault tutorial,Private Pierreb,Human,Barbarian Assault outside and near rooms 9 and 10
3143,3146,0.98143595,Private Paldo,Human,Main room of the Barbarian Assault basement,Private Pierreb,Human,Barbarian Assault outside and near rooms 9 and 10
2535,3143,0.98143595,Major Collect,Human,Barbarian Assault tutorial,Private Paldo,Human,Main room of the Barbarian Assault basement
614,2535,0.98143595,Captain Cain,Human,Barbarian Assault,Major Collect,Human,Barbarian Assault tutorial
2378,3429,0.9814354,Lenny,Human,North of Prifddinas,Sarah,Human,South Falador Farm
2339,2635,0.9814352,Larry,Human,Falador,Melee combat tutor,Human,Lumbridge
1018,2575,0.9814331,Dominic Onion,Human,"Nightmare Zone , north of Yanille",Marius,Human,Burgh de Rott
404,3351,0.98143137,Benny,Human,Varrock Square,Roy,Human,Slepe
2078,4025,0.9814303,Ivan,Human,Burgh de Rott,Tourist,,"Civitas illa Fortis , Aldarin"
4025,4194,0.9814303,Tourist,,"Civitas illa Fortis , Aldarin",Victor,Human,Burgh de Rott
1852,1853,0.9814286,H.A.M. Member,Human,"Lumbridge , Seth Groats 's Farm",H.A.M. Member,Human,H.A.M. Hideout
2972,3316,0.9814284,Oziach,Human,South of the Edgeville Monastery,Roavar,Werewolf,Canifis
361,3402,0.9814284,Bartender,Human,? (edit),Sam,Human,Arceuus Library
2679,3639,0.9814268,Miner Magnus,Human,Miscellania,Sir Rebral,Human,Falador
1825,2205,0.9814267,Gujuo,Human,Kharazi Jungle,Kangai Mau,Human,Brimhaven
782,1138,0.981426,Citizen,Human,Necropolis,Ed Wood,Human,Digsite
628,3783,0.9814244,Captain Khaled,Human,Port Piscarilius,Squire (Intermediate),Human,Void Knight Outpost boat
735,928,0.9814223,Chef Olivia,Human,Hosidius,Dantaera,Human,Catherby
1110,3955,0.98142135,Dwarf,Dwarf,Motherlode Mine,Thirus,Dwarf ( Imcando-descendant ),Lovakengj
1110,2249,0.98142135,Dwarf,Dwarf,Motherlode Mine,"Khorvak, a dwarven engineer",Dwarf,Under White Wolf Mountain
1110,2163,0.98142135,Dwarf,Dwarf,Motherlode Mine,Jorzik,Dwarf,Keldagrim
995,1824,0.98141634,Diol,Elf,Prifddinas,Guinevere,Elf,Prifddinas
1824,2624,0.98141634,Guinevere,Elf,Prifddinas,Meddwl Ymlaen Llaw,Elf,North of Prifddinas
834,1824,0.98141634,Conwenna,Elf,Prifddinas,Guinevere,Elf,Prifddinas
1824,2403,0.98141634,Guinevere,Elf,Prifddinas,Lilifang,Elf,Grand Library
1382,1824,0.98141634,Findis,Elf,Prifddinas,Guinevere,Elf,Prifddinas
1950,3557,0.9814153,Hewey,Human,Lumbridge Swamp,Shipyard Worker,Human,Shipyard
1950,3543,0.9814153,Hewey,Human,Lumbridge Swamp,Shipwright Seb,Human,Shipyard
1695,2620,0.98141515,Godric,Human,Troll Stronghold prison,Mazion,Human,Entrana sandpit
1876,2750,0.98141336,Hamid,Human,Emir's Arena,Most of a Zombie,Zombie,
2215,3639,0.98141336,Karim,Human,Blue Moon Inn,Sir Rebral,Human,Falador
830,2051,0.98141146,Concerned man,Human,Varrock,Information clerk,Human,Varrock Museum
716,2295,0.9814114,Charles,Human,Port Piscarilius,Kortan,Human,East Ardougne
2295,4416,0.9814114,Kortan,Human,East Ardougne,Zembo,Human,"Musa Point, Karamja"
1988,3572,0.9814098,Horvik,Human,"Varrock , East Anvils",Shop keeper,Human,Museum Camp
1971,4064,0.98140633,Holly,Human,North of Port Sarim,Trobert,Human,Brimhaven
342,463,0.9814062,Barman,Dwarf,West Keldagrim,Blue Opal Secretary,Dwarf,Keldagrim
342,4274,0.9814062,Barman,Dwarf,West Keldagrim,White Chisel Secretary,Dwarf,Keldagrim
3051,3536,0.9814056,Philipe Carnillean,Human,East Ardougne,Shilop,Human,Varrock square
3051,3139,0.9814056,Philipe Carnillean,Human,East Ardougne,Prisoner,Human,Haunted Woods
318,365,0.9814011,Banker,Human,Varrock,Bartender,Human,Bandit Village in the Kharidian Desert
318,3235,0.9814011,Banker,Human,Varrock,Razmire Keelgan,Human,Mort'ton
3969,4344,0.9814004,Thrander,Human,Realm of Memories,Worker,,Varlamore
1876,4422,0.9813967,Hamid,Human,Emir's Arena,Zombie,Zombie,
167,787,0.9813962,Apprentice workman,Human,Falador,Civilian,Human,West Ardougne
838,4001,0.9813958,Cook,Human,Jolly Boar Inn,Tom,Human,Christmas Factory
782,2978,0.9813919,Citizen,Human,Necropolis,Palum,Human,Christmas Factory
722,2679,0.98139054,Charlie,Human,The Grand Tree top floor,Miner Magnus,Human,Miscellania
2052,2716,0.9813901,Inga,Human,Rellekka,Monk,Human,Entrana
531,2052,0.9813901,Brother Jered,Human,Edgeville Monastery,Inga,Human,Rellekka
1684,1722,0.98139,Goblin,Goblin,Battle of Atarisundri,Greasycheeks,Goblin,Goblin settlement
342,2275,0.98138845,Barman,Dwarf,West Keldagrim,Klank,Dwarf,Underground Pass
830,3428,0.9813854,Concerned man,Human,Varrock,Sarah,Human,South Falador Farm
80,860,0.98138213,Alfonse the waiter,Human,Brimhaven,Councillor Halgrive,Human,East Ardougne
354,860,0.98138213,Bartender,Human,Varrock,Councillor Halgrive,Human,East Ardougne
2068,3428,0.9813818,Ironman tutor,Human,Lumbridge,Sarah,Human,South Falador Farm
1004,2339,0.9813814,Dock worker,Human,Port Piscarilius,Larry,Human,Falador
2553,4194,0.9813783,Man,Human,Hosidius vinery,Victor,Human,Burgh de Rott
2078,2553,0.9813783,Ivan,Human,Burgh de Rott,Man,Human,Hosidius vinery
2552,4194,0.9813783,Man,Human,Catacombs of Kourend,Victor,Human,Burgh de Rott
2078,2552,0.9813783,Ivan,Human,Burgh de Rott,Man,Human,Catacombs of Kourend
1559,3734,0.9813725,Gary,Human,Varrock,Soldier,Human,The Cloak and Stagger
1182,2520,0.98136985,Elena,Human,East Ardougne,Madison,Human,Port Roberts
798,3573,0.9813677,Clerk,Human,Clan Hub,Shop keeper,Human,Lumbridge
287,1898,0.98136723,Banker,Human,Bank,Harry,Human,Catherby
1520,1898,0.98136723,Fry,Human,Rabbit Hole,Harry,Human,Catherby
293,1898,0.98136723,Banker,Werewolf,Canifis,Harry,Human,Catherby
317,1898,0.98136723,Banker,Human,Tutorial Island,Harry,Human,Catherby
298,1898,0.98136723,Banker,Human,Draynor Village,Harry,Human,Catherby
1874,2126,0.9813647,Hambling,Human,Rellekka Longhall Bar,Jess,Human,East Ardougne
1874,2230,0.9813647,Hambling,Human,Rellekka Longhall Bar,Kendall,Human,Great Kourend
340,1874,0.9813647,Barmaid,Human,Falador,Hambling,Human,Rellekka Longhall Bar
461,3253,0.98136353,Blue Monkey,Monkey,Trouble Brewing,Red Monkey,Monkey,Trouble Brewing
2536,3145,0.9813626,Major Defend,Human,Barbarian Assault tutorial,Private Pendron,Human,Barbarian Assault Outside and near rooms 7 and 8
3144,3145,0.9813626,Private Paldon,Human,Barbarian Assault Outside building and near rooms 5 and 6,Private Pendron,Human,Barbarian Assault Outside and near rooms 7 and 8
2846,3778,0.9813622,Niles,Human,Anywhere random events can occur,'Squawking' Steve Beanie,Human,The Pandemonium
3066,3778,0.9813622,Piles,Human,Resource Area,'Squawking' Steve Beanie,Human,The Pandemonium
2087,2205,0.98136204,Jack,Human,Musa Point or Karamja,Kangai Mau,Human,Brimhaven
2058,2106,0.98136204,Inn Keeper,Dwarf,Keldagrim - The King's Axe Inn,Jardric,Dwarf,Fossil Island
3573,4064,0.98135805,Shop keeper,Human,Lumbridge,Trobert,Human,Brimhaven
184,3787,0.9813561,Arena Guard Fawry,Human,Emir's Arena,Squire,Human,Void Knight Outpost
354,1142,0.98135406,Bartender,Human,Varrock,Edward,Human,Around the Rogues' Castle
80,1142,0.98135406,Alfonse the waiter,Human,Brimhaven,Edward,Human,Around the Rogues' Castle
429,624,0.9813521,Billy Rehnison,Human,West Ardougne,Captain Ginea,Human,Shayzien Encampment
624,3177,0.9813521,Captain Ginea,Human,Shayzien Encampment,Quartermaster,Human,Tyras Camp
352,814,0.9813451,Bartender,Human,Auburn Pub,Colosseum Announcer,Human,Fortis Colosseum
54,1988,0.98134446,Ahab,Human,Rusty Anchor Inn,Horvik,Human,"Varrock , East Anvils"
904,3740,0.98134404,Customer,Human,Keldagrim Library,Sophia Hughes,Human,Kourend Castle
3740,3786,0.98134404,Sophia Hughes,Human,Kourend Castle,Squire,Human,Void Knight Outpost
3522,3740,0.98134404,Shayda,Human,Shayzien,Sophia Hughes,Human,Kourend Castle
2316,3740,0.98134404,Lady Servil,Human,Fight Arena,Sophia Hughes,Human,Kourend Castle
3740,3987,0.98134404,Sophia Hughes,Human,Kourend Castle,Tina,Human,Falador
2222,3740,0.98134404,Kaylee,Human,Falador,Sophia Hughes,Human,Kourend Castle
2591,3740,0.98134404,Martha Rehnison,Human,West Ardougne,Sophia Hughes,Human,Kourend Castle
103,4052,0.9813317,Almera,Human,Baxtorian Falls,Tramp,Human,Varrock
103,993,0.9813317,Almera,Human,Baxtorian Falls,Digsite workman,Human,Digsite and near Varrock Museum
103,2228,0.9813317,Almera,Human,Baxtorian Falls,Kelvin,Human,Fight Arena
103,3681,0.9813317,Almera,Human,Baxtorian Falls,Slave,Human,Fight Arena
1591,3997,0.9813283,Georgie,Human,Varrock,Toby,Human,Varrock
1591,3700,0.9813283,Georgie,Human,Varrock,Smithing apprentice,Human,Lumbridge
1591,2578,0.9813283,Georgie,Human,Varrock,Mark,Human,Port Piscarilius
1591,3928,0.9813283,Georgie,Human,Varrock,The 'Wedge',Human,Camelot
1591,2980,0.9813283,Georgie,Human,Varrock,Panning guide,Human,Digsite
1591,1715,0.9813283,Georgie,Human,Varrock,Grand Exchange Clerk,Human,Grand Exchange
1078,1591,0.9813283,Drunken soldier,Human,The Cloak and Stagger,Georgie,Human,Varrock
1581,3928,0.9813272,General Salara,Human,Shayzien,The 'Wedge',Human,Camelot
1581,3997,0.9813272,General Salara,Human,Shayzien,Toby,Human,Varrock
1581,3700,0.9813272,General Salara,Human,Shayzien,Smithing apprentice,Human,Lumbridge
1581,2980,0.9813272,General Salara,Human,Shayzien,Panning guide,Human,Digsite
1581,2578,0.9813272,General Salara,Human,Shayzien,Mark,Human,Port Piscarilius
1581,1715,0.9813272,General Salara,Human,Shayzien,Grand Exchange Clerk,Human,Grand Exchange
1078,1581,0.9813272,Drunken soldier,Human,The Cloak and Stagger,General Salara,Human,Shayzien
3338,4186,0.9813261,Rommik,Human,Rimmington,Verak,Human,East of Burgh de Rott
639,4186,0.9813261,Captain Rimor,Human,Mount Quidamortem,Verak,Human,East of Burgh de Rott
1104,1836,0.98132604,Dusuri,Dwarf,Mining Guild,Gunslik,Dwarf,Western Keldagrim
1104,3309,0.98132604,Dusuri,Dwarf,Mining Guild,Riki the sculptor's model,Dwarf,Keldagrim
1104,2161,0.98132604,Dusuri,Dwarf,Mining Guild,Jorra,Dwarf ( Imcando-descendant ),Lovakengj Assembly
207,3630,0.98132443,Arno,Human,Farming Guild,Sir Kuam Ferentse,Human,Temple Knight Training Grounds
3128,3923,0.98132193,Priest,Human,West Ardougne,Terry Balando,Human,Exam Centre
3339,4186,0.9813212,Rommik,Human,Blue Moon Inn,Verak,Human,East of Burgh de Rott
2069,3826,0.9813149,Ironman tutor,Human,Tutorial Island,Street urchin,Human,Pollnivneach
318,3585,0.98130894,Banker,Human,Varrock,Shopkeeper,,Civitas illa Fortis
2378,3266,0.98130643,Lenny,Human,North of Prifddinas,Regent,Human,Central island of The Node
356,716,0.98130393,Bartender,Human,Yanille,Charles,Human,Port Piscarilius
356,4416,0.98130393,Bartender,Human,Yanille,Zembo,Human,"Musa Point, Karamja"
193,3352,0.9813031,Arhein,Human,Catherby,Roy jr.,Human,Kourend Woodland
1004,2024,0.981302,Dock worker,Human,Port Piscarilius,Ide,Human,
2678,3613,0.9813017,Miner,Dwarf,The Deeper Lode,Silver Cog Secretary,Dwarf,Keldagrim
628,1110,0.98129904,Captain Khaled,Human,Port Piscarilius,Dwarf,Dwarf,Motherlode Mine
624,858,0.98129654,Captain Ginea,Human,Shayzien Encampment,Councillor Andrews,Human,Kourend Castle
1283,2042,0.9812951,Eudav,Elf,Lletya,Imin,Elf,Prifddinas
798,3585,0.98129296,Clerk,Human,Clan Hub,Shopkeeper,,Civitas illa Fortis
289,3227,0.9812922,Banker,Citizen of Arceuus,Arceuus,Rassain,Citizen of Arceuus,Arceuus
1755,2818,0.9812896,Grubor,Human,Brimhaven,Neil,Human,Bandit Camp
1818,2003,0.98128796,Guild Scribe Verity,Human,Hunters' Guild,Hunter guild member,,Hunter Guild
2087,3571,0.98128766,Jack,Human,Musa Point or Karamja,Shop keeper,Human,Falador
3592,4143,0.9812875,Siamun,Human,Sophanem,Urbi,Human,Sophanem
1534,3923,0.9812875,Gabooty,Human,Tai Bwo Wannai,Terry Balando,Human,Exam Centre
2103,3592,0.9812875,Jamila,Human,Sophanem,Siamun,Human,Sophanem
922,3294,0.9812849,Dalldav,Elf,Lletya,Rhoddwr Tan,Elf,North of Prifddinas
1105,2202,0.9812838,Dwarf,Dwarf,"Lumbridge , Groats' Farm",Kamen,Dwarf,Underground Pass
2073,2586,0.9812835,Ishmael,Human,Ruins of Unkah,Marlo,Human,Varrock
2378,4119,0.98128307,Lenny,Human,North of Prifddinas,Ulina,Human,Christmas Factory
96,868,0.98128235,Ali the Snake Charmer,Human,Pollnivneach,Cowardly Bandit,Human,Pollnivneach
2503,2771,0.9812771,Lundail,Human,Mage Arena bank,Mubariz,Human,Emir's Arena
2146,3946,0.9812743,Joe,Human,Draynor Village jail,Theodore Paxton,Human,Red Rock
3564,3946,0.98127425,Shop assistant,Human,Rimmington,Theodore Paxton,Human,Red Rock
1874,1971,0.9812684,Hambling,Human,Rellekka Longhall Bar,Holly,Human,North of Port Sarim
2556,4436,0.9812682,Man,Human,The Warrens,Zul-Areth,Human,Zul-Andra
3264,4436,0.98126817,Refugee,Human,Ferox Enclave,Zul-Areth,Human,Zul-Andra
565,2509,0.9812646,Butler Jarvis,Human,Hosidius,Lutwidge,Human,Myths' Guild
777,3401,0.9812622,Citizen,Human,Aldarin,Salvager,Human,Salvager Overlook
1352,3401,0.9812622,Felius,Human,Twilight Temple,Salvager,Human,Salvager Overlook
860,3556,0.98126006,Councillor Halgrive,Human,East Ardougne,Shipyard worker,,Ship Yard
1113,2106,0.98125935,Dwarven Boatman,Dwarf,Keldagrim south-west mine,Jardric,Dwarf,Fossil Island
2106,2754,0.98125935,Jardric,Dwarf,Fossil Island,Mountain Dwarf,Dwarf,Lumbridge dining hall
2106,2755,0.98125935,Jardric,Dwarf,Fossil Island,Mountain Dwarf,Dwarf,Near White Wolf Mountain
247,2106,0.98125935,Austri,Dwarf,Taverley,Jardric,Dwarf,Fossil Island
1114,2106,0.98125935,Dwarven Engineer,Dwarf,Keldagrim,Jardric,Dwarf,Fossil Island
1879,2106,0.98125935,Hammerspike Stoutbeard,Dwarf,Dwarven Mines,Jardric,Dwarf,Fossil Island
2106,3962,0.98125935,Jardric,Dwarf,Fossil Island,Thorgel,Dwarf,Temple of Light
1065,2106,0.98125935,Drogo dwarf,Dwarf,Dwarven Mine,Jardric,Dwarf,Fossil Island
2106,2480,0.98125935,Jardric,Dwarf,Fossil Island,Lovakengj Engineer,Dwarf,Battlefront
1732,2106,0.98125935,Green Gemstone Secretary,Dwarf,Keldagrim,Jardric,Dwarf,Fossil Island
468,3691,0.9812586,Boar31337Killer,Human,Southern Island of The Node,Sloane,Human,Warriors' Guild
1038,3691,0.9812586,Doug Deeping,Human,Down the north-eastern borehole of the Digsite,Sloane,Human,Warriors' Guild
1444,3691,0.9812586,Flax keeper,Human,Seers' Village Flax Fields,Sloane,Human,Warriors' Guild
1886,3691,0.9812586,Hans,Human,Al Kharid,Sloane,Human,Warriors' Guild
2674,3691,0.9812586,Mine cart driver,Human,Desert Mining Camp,Sloane,Human,Warriors' Guild
935,3691,0.9812586,Darkmeyer Slave,Human,Hallowed Sepulchre,Sloane,Human,Warriors' Guild
3141,3691,0.9812586,Prisoner,Human,North Darkmeyer,Sloane,Human,Warriors' Guild
1447,2119,0.9812566,Flippa,Troll,Pinball random event,Jelly,Troll,Fremennik Slayer Dungeon
370,2086,0.9812566,Bartender,Human,The Warrens,Jack,Human,Myths' Guild
2119,3981,0.9812566,Jelly,Troll,Fremennik Slayer Dungeon,Tilt,Troll,Pinball random event
2698,2833,0.98125625,Mithrellas,Elf,Prifddinas,Nia,Elf,Prifddinas
2069,4019,0.9812545,Ironman tutor,Human,Tutorial Island,Torrell,Human,South of East Ardougne
2449,3566,0.98125124,Lord Daquarius,Human,Taverley Dungeon,Shop assistant,Human,Varrock
2738,4268,0.9812504,Morgan,Human,Draynor Village,Wesley,Human,Nardah
999,3125,0.98124593,Disappointed father,Human,Varrock,Priest,Human,East Ardougne
2232,4269,0.98124516,Kennith,Human,"Fishing Platform , later Witchaven",Weve,Human,Wyvern Cave
1021,4169,0.9812382,Don,Human,Slepe,Vanligga Gastfrihet,Human,Jatizso
2050,2425,0.98123515,Indis,Elf,Prifddinas,Llio,Elf,Prifddinas
2272,2383,0.9812347,Kiyahtla,Human,Tlati Rainforest,Leo,Human,"Bazaar , Civitas illa Fortis"
2846,2972,0.98123443,Niles,Human,Anywhere random events can occur,Oziach,Human,South of the Edgeville Monastery
2972,3066,0.98123443,Oziach,Human,South of the Edgeville Monastery,Piles,Human,Resource Area
1299,2106,0.981234,Factory Manager,Dwarf,Keldagrim,Jardric,Dwarf,Fossil Island
362,4334,0.98123395,Bartender,Human,Port Sarim,Woodsman tutor,Human,Lumbridge
3725,4334,0.98123395,Soldier,Human,Death Plateau (south),Woodsman tutor,Human,Lumbridge
876,4334,0.98123395,Crafting tutor,Human,Lumbridge Castle,Woodsman tutor,Human,Lumbridge
671,2174,0.98122925,Cassius,Human,,Julia,Human,Civitas illa Fortis
286,4269,0.9812249,Bank guard,Human,Draynor Village,Weve,Human,Wyvern Cave
777,3475,0.98122334,Citizen,Human,Aldarin,Sebamo,Human,Auburnvale
1352,3475,0.98122334,Felius,Human,Twilight Temple,Sebamo,Human,Auburnvale
740,3349,0.9812192,Chief Engineer Greyson,Human,Red Rock,Ross and Ben,Human,Port Piscarilius
2679,4373,0.981218,Miner Magnus,Human,Miscellania,Yanni Salika,Human,Shilo Village
1138,3514,0.98121715,Ed Wood,Human,Digsite,Shantay,Human,Shantay Pass
928,3428,0.9812153,Dantaera,Human,Catherby,Sarah,Human,South Falador Farm
370,596,0.98121405,Bartender,Human,The Warrens,Candle maker,Human,Catherby
3349,3565,0.9812126,Ross and Ben,Human,Port Piscarilius,Shop assistant,Human,Varrock
842,4439,0.9812056,Cooky Weasel,Human,Rabbit Hole,Zul-Onan,Human,Zul-Andra
624,3949,0.9812,Captain Ginea,Human,Shayzien Encampment,Thidrolda,Dwarf,World Wildlife Fund conservation area
145,230,0.9811996,Anita,Gnome,Tree Gnome Stronghold,Assistant Le Smith,Gnome,Tree Gnome Stronghold
21,4064,0.981199,Academic,Human,Grand Museum,Trobert,Human,Brimhaven
370,2829,0.9811983,Bartender,Human,The Warrens,New Recruit Tony,Human,Graveyard of Heroes
530,1323,0.98119664,Brother Jered,Human,Edgeville Monastery,Farmer,Human,Miscellania
570,2020,0.98119485,Butterfly,Troll,Weiss,Icicle,Troll,Weiss
2620,3571,0.98119307,Mazion,Human,Entrana sandpit,Shop keeper,Human,Falador
450,4040,0.981189,Blast Furnace Foreman,Dwarf,Keldagrim,Trader,Dwarf,Trade Octagon
450,1761,0.981189,Blast Furnace Foreman,Dwarf,Keldagrim,Grundt,Dwarf,Jatizso
1559,1695,0.9811855,Gary,Human,Varrock,Godric,Human,Troll Stronghold prison
3566,4334,0.9811821,Shop assistant,Human,Varrock,Woodsman tutor,Human,Lumbridge
947,1810,0.9811815,David,Human,Fossil Island,Guidor,Human,Varrock
580,1983,0.9811797,Cabin Boy Percy,Human,,Horacio,Human,East Ardougne
122,4243,0.9811797,Amergin,Human,East of the Chaos Druid Tower,Warrior,Human,Lumbridge Swamp
122,1983,0.9811797,Amergin,Human,East of the Chaos Druid Tower,Horacio,Human,East Ardougne
580,4243,0.9811797,Cabin Boy Percy,Human,,Warrior,Human,Lumbridge Swamp
580,2125,0.9811797,Cabin Boy Percy,Human,,Jerico,Human,East Ardougne
122,2125,0.9811797,Amergin,Human,East of the Chaos Druid Tower,Jerico,Human,East Ardougne
410,3179,0.98117924,Bert,Human,Yanille,Queen Sigrid,Human,Castle of Etceteria
2371,3429,0.9811779,Leela,Human,Hosidius,Sarah,Human,South Falador Farm
3568,4402,0.9811773,Shop keeper,Human,Al Kharid,Zamorakian Acolyte,Human,Ferox Enclave
276,652,0.9811735,Ball boy,Gnome,"Al Kharid , Brimhaven , Catherby beach",Carado,Gnome,Ape Atoll
353,1118,0.9811726,Bartender,Human,Varrock,Eadgar,Human,Summit of Trollheim ( Trollheim Teleport )
350,1118,0.9811726,Bartender,Human,Blue Moon Inn,Eadgar,Human,Summit of Trollheim ( Trollheim Teleport )
1988,2578,0.9811676,Horvik,Human,"Varrock , East Anvils",Mark,Human,Port Piscarilius
1078,1988,0.9811676,Drunken soldier,Human,The Cloak and Stagger,Horvik,Human,"Varrock , East Anvils"
1988,3997,0.9811676,Horvik,Human,"Varrock , East Anvils",Toby,Human,Varrock
1988,2980,0.9811676,Horvik,Human,"Varrock , East Anvils",Panning guide,Human,Digsite
1988,3928,0.9811676,Horvik,Human,"Varrock , East Anvils",The 'Wedge',Human,Camelot
1988,3700,0.9811676,Horvik,Human,"Varrock , East Anvils",Smithing apprentice,Human,Lumbridge
1715,1988,0.9811676,Grand Exchange Clerk,Human,Grand Exchange,Horvik,Human,"Varrock , East Anvils"
1988,2069,0.98116755,Horvik,Human,"Varrock , East Anvils",Ironman tutor,Human,Tutorial Island
1794,3163,0.98116636,Guard,Human,? (edit),Pumpy,Dwarf,Blast Furnace
2370,2694,0.9811659,Leela,Human,Draynor Village,Miss Cheevers,Human,Temple Knight Training Grounds
1480,3787,0.9811624,Frank,Human,Sinclair Mansion,Squire,Human,Void Knight Outpost
1580,2078,0.98116064,General Kilian,Human,Shayzien,Ivan,Human,Burgh de Rott
1580,4194,0.98116064,General Kilian,Human,Shayzien,Victor,Human,Burgh de Rott
1004,3107,0.98115593,Dock worker,Human,Port Piscarilius,Port worker,Human,Port Piscarilius
214,318,0.98115474,Arthur the Clue Hunter,Human,Lumbridge,Banker,Human,Varrock
504,2078,0.98115444,Boy,Human,Taverley,Ivan,Human,Burgh de Rott
504,4194,0.98115444,Boy,Human,Taverley,Victor,Human,Burgh de Rott
2642,3264,0.98115027,Mercenary,Human,Ferox Enclave,Refugee,Human,Ferox Enclave
2556,2642,0.98115027,Man,Human,The Warrens,Mercenary,Human,Ferox Enclave
1347,3783,0.98114663,Faustus,Human,Aldarin,Squire (Intermediate),Human,Void Knight Outpost boat
2314,4236,0.9811461,Lady Keli,Human,Draynor jail,Wanderer,Feline,Outside of Sophanem
2979,3563,0.98114514,Pandur Hosidius,Human,Hosidius,Shop assistant,Human,Musa Point
2485,3515,0.981143,Lubufu,Human,Brimhaven,Shantay Guard,Human,Ruins of Unkah
2340,2485,0.981143,Larry,Human,Wilderness,Lubufu,Human,Brimhaven
1934,2485,0.981143,Hengrad,Human,Fight Arena,Lubufu,Human,Brimhaven
707,2485,0.981143,Chadwell,Human,West Ardougne,Lubufu,Human,Brimhaven
1163,2485,0.981143,Elder Chaos druid,Human,Chaos Temple,Lubufu,Human,Brimhaven
527,2485,0.981143,Brother Althric,Human,Edgeville Monastery,Lubufu,Human,Brimhaven
2485,4128,0.981143,Lubufu,Human,Brimhaven,Unferth,Human,Burthorpe
2485,4094,0.981143,Lubufu,Human,Brimhaven,Tyras guard,Human,Tyras Camp
2485,2714,0.981143,Lubufu,Human,Brimhaven,Monk,Human,Varrock
2485,3860,0.981143,Lubufu,Human,Brimhaven,Svidi,Human,East of Rellekka
1060,2485,0.981143,Drezel,Human,Paterdomus,Lubufu,Human,Brimhaven
2485,3532,0.981143,Lubufu,Human,Brimhaven,Sherpa,Human,? (edit)
1140,2485,0.9811428,Edmond,Human,Bandit camp mine,Lubufu,Human,Brimhaven
831,4410,0.981142,Conrad King,Human,Port Piscarilius,Zealot,Human,Abandoned Mine
624,1559,0.98114026,Captain Ginea,Human,Shayzien Encampment,Gary,Human,Varrock
2111,3497,0.98113906,Jasper,Human,Salvager Overlook,Sergeant Tobyn,Human,Varrock Square
356,2526,0.98113835,Bartender,Human,Yanille,Mage of Zamorak,Human,Ourania Cave
1874,3359,0.9811368,Hambling,Human,Rellekka Longhall Bar,Rufus,Human,Civitas illa Fortis
471,2117,0.98113614,Bob,Human,Lumbridge,Jeff,Human,Musa Point
470,2117,0.98113614,Bob,Human,Lumbridge,Jeff,Human,Musa Point
716,2024,0.9811337,Charles,Human,Port Piscarilius,Ide,Human,
2024,4416,0.9811337,Ide,Human,,Zembo,Human,"Musa Point, Karamja"
508,1741,0.9811325,Brana,Human,Tolna's rift (only during the quest),Gregory,Human,Blue Moon Inn
410,704,0.9811286,Bert,Human,Yanille,Ceril Carnillean,Human,East Ardougne
3296,3444,0.9811283,Rhyfel,Elf,Prifddinas,Sawmill Operator,Elf,Prifddinas
2385,3235,0.9811262,Lesser Fanatic,Human,Edgeville,Razmire Keelgan,Human,Mort'ton
365,2385,0.9811262,Bartender,Human,Bandit Village in the Kharidian Desert,Lesser Fanatic,Human,Edgeville
1345,1581,0.98112464,Father Reen,Human,Al Kharid,General Salara,Human,Shayzien
1502,2448,0.98112357,Frincos,Human,Entrana,Lord Crombwick,Human,Crombwick Manor
2246,2577,0.98112357,Khazard Guard,Human,Fight Arena,Marius Giste,Human,Varrock Museum
203,4003,0.9811193,Armourer (tier 4),Dwarf,Lovakengj,Tombar,Dwarf,Keldagrim West
2821,3401,0.9811188,Nelta of Ralos,,? (edit),Salvager,Human,Salvager Overlook
2822,3401,0.9811186,Nelta of Ranul,,? (edit),Salvager,Human,Salvager Overlook
530,2069,0.9811168,Brother Jered,Human,Edgeville Monastery,Ironman tutor,Human,Tutorial Island
2111,3017,0.98111427,Jasper,Human,Salvager Overlook,Perdie,Human,Port Roberts
2080,2978,0.98111415,Ivy,Human,North of Port Sarim,Palum,Human,Christmas Factory
2771,4012,0.9811106,Mubariz,Human,Emir's Arena,Torbrund,Human,Rellekka Longhall Bar
360,2272,0.98111,Bartender,Human,Nemus Retreat,Kiyahtla,Human,Tlati Rainforest
369,3181,0.9811071,Bartender,Human,Lumbridge,Quest Guide,Human,Tutorial Island
842,1253,0.98110354,Cooky Weasel,Human,Rabbit Hole,Eohric,Human,Burthorpe castle
311,3571,0.9811035,Banker,Human,Quetzacalli Gorge,Shop keeper,Human,Falador
215,3562,0.98110247,Artima,Human,Civitas illa Fortis,Shop assistant,Human,Lumbridge
1300,2163,0.9810978,Factory Worker,Dwarf,Blast Furnace,Jorzik,Dwarf,Keldagrim
1300,2249,0.9810978,Factory Worker,Dwarf,Blast Furnace,"Khorvak, a dwarven engineer",Dwarf,Under White Wolf Mountain
1300,3955,0.98109764,Factory Worker,Dwarf,Blast Furnace,Thirus,Dwarf ( Imcando-descendant ),Lovakengj
775,3125,0.981096,Chuck,Human,Realm of Memories,Priest,Human,East Ardougne
2205,2551,0.9810933,Kangai Mau,Human,Brimhaven,Man,Werewolf,Canifis
302,1580,0.9810929,Banker,Human,Hosidius,General Kilian,Human,Shayzien
1559,3235,0.9810923,Gary,Human,Varrock,Razmire Keelgan,Human,Mort'ton
365,1559,0.9810923,Bartender,Human,Bandit Village in the Kharidian Desert,Gary,Human,Varrock
475,2679,0.9810914,Bob,Human,Sinclair Mansion,Miner Magnus,Human,Miscellania
3778,3902,0.9810911,'Squawking' Steve Beanie,Human,The Pandemonium,Tea Seller,Human,Varrock
1819,2635,0.98109096,Guildmaster,Human,Champions' Guild,Melee combat tutor,Human,Lumbridge
1581,1954,0.98109037,General Salara,Human,Shayzien,High Priest,Human,Entrana
2599,3947,0.9810899,Mary,Human,Farm south of Farming Guild,Thessalia,Human,Varrock
842,1874,0.9810896,Cooky Weasel,Human,Rabbit Hole,Hambling,Human,Rellekka Longhall Bar
2129,3054,0.9810889,Jessie,Human,East of the Giant Pit,Phingspet,Human,Varrock Sewers
3177,3266,0.9810811,Quartermaster,Human,Tyras Camp,Regent,Human,Central island of The Node
429,3266,0.9810811,Billy Rehnison,Human,West Ardougne,Regent,Human,Central island of The Node
3137,3428,0.98108107,Princess Astrid,Human,Miscellania,Sarah,Human,South Falador Farm
1567,2103,0.9810804,Gelin,Human,Lumbridge graveyard,Jamila,Human,Sophanem
1567,4143,0.9810804,Gelin,Human,Lumbridge graveyard,Urbi,Human,Sophanem
858,3266,0.98107886,Councillor Andrews,Human,Kourend Castle,Regent,Human,Central island of The Node
1885,4334,0.9810783,Hans,Human,Lumbridge,Woodsman tutor,Human,Lumbridge
1324,4334,0.9810783,Farmer,Human,Groats' farm,Woodsman tutor,Human,Lumbridge
445,1334,0.9810775,Blaec,Human,Zanaris,Farolt,Human,Giants' Den
1202,1235,0.9810765,Elladan,Elf,Prifddinas,Enel,Elf,Prifddinas
2742,4416,0.98107505,Morris,Human,Hemenster,Zembo,Human,"Musa Point, Karamja"
716,2742,0.98107505,Charles,Human,Port Piscarilius,Morris,Human,Hemenster
881,1684,0.9810722,Creakyknees,Goblin,Goblin settlement,Goblin,Goblin,Battle of Atarisundri
1787,2644,0.98107165,Guard,Human,Mountain Camp,Mercenary,Human,Ver Sinhaza
770,2644,0.98107165,Chris,Human,Emir's Arena,Mercenary,Human,Ver Sinhaza
1804,2644,0.98107165,Guardian of Armadyl,Human,Varies,Mercenary,Human,Ver Sinhaza
9,2631,0.9810709,Abbot Langley,Human,Edgeville Monastery,Meiyerditch citizen,Human,Meiyerditch
857,900,0.9810703,Council workman,Human,Bridge leading to Rellekka,Curpile Fyod,Human,Mort Myre Swamp
798,830,0.98107016,Clerk,Human,Clan Hub,Concerned man,Human,Varrock
207,639,0.9810693,Arno,Human,Farming Guild,Captain Rimor,Human,Mount Quidamortem
207,3338,0.9810693,Arno,Human,Farming Guild,Rommik,Human,Rimmington
1559,4439,0.9810679,Gary,Human,Varrock,Zul-Onan,Human,Zul-Andra
2371,2996,0.98106647,Leela,Human,Hosidius,Patty Seer,Human,Lumbridge Castle kitchen
3299,3585,0.98106503,Richard,Human,Hosidius,Shopkeeper,,Civitas illa Fortis
1255,4410,0.9810594,epic mager34,Human,Lumbridge watermill,Zealot,Human,Abandoned Mine
596,3351,0.98105466,Candle maker,Human,Catherby,Roy,Human,Slepe
1203,1348,0.98105145,Ellen,Human,Myths' Guild,Fayeth,Human,Lumbridge
1915,3691,0.9810497,Head Servant,Human,? (edit),Sloane,Human,Warriors' Guild
1559,2111,0.9810487,Gary,Human,Varrock,Jasper,Human,Salvager Overlook
2111,4351,0.9810484,Jasper,Human,Salvager Overlook,Wounded soldier,Human,Battlefront
2146,3346,0.9810449,Joe,Human,Draynor Village jail,Rosie,Human,Farming Guild
3346,3564,0.9810449,Rosie,Human,Farming Guild,Shop assistant,Human,Rimmington
782,1206,0.98104334,Citizen,Human,Necropolis,Ellis,Human,Al Kharid
3069,4200,0.981042,Piliar,Human,Port Piscarilius,Vigroy,Human,Shilo Village
1343,4047,0.981042,Father Jean,Human,Hosidius,Trader Sven,Human,Meiyerditch
1206,4334,0.98104125,Ellis,Human,Al Kharid,Woodsman tutor,Human,Lumbridge
3187,4339,0.98104095,R0ck 5masher,Human,The Node,Worker,Human,Red Rock
430,1790,0.9810399,"Billy, a guard of Falador",Human,North Falador (cutscene),Guard,Human,Port Sarim jail
2562,3205,0.9810395,Manni the Reveller,Human,Rellekka Longhall Bar,Ragnar,Human,Mountain Camp
2449,2979,0.98103935,Lord Daquarius,Human,Taverley Dungeon,Pandur Hosidius,Human,Hosidius
423,999,0.9810329,BigRedJapan,Human,Rooftop Agility Courses,Disappointed father,Human,Varrock
113,3296,0.9810295,Alwyn,Elf,Prifddinas,Rhyfel,Elf,Prifddinas
537,2106,0.98102903,Brown Engine Secretary,Dwarf,Keldagrim,Jardric,Dwarf,Fossil Island
356,1502,0.98102677,Bartender,Human,Yanille,Frincos,Human,Entrana
3613,3851,0.98102534,Silver Cog Secretary,Dwarf,Keldagrim,Supreme Commander,Dwarf,Keldagrim
305,882,0.98102516,Banker,Elf,Lletya,Crefydd,Elf,Top floor of the Tower of Voices
1695,2553,0.98102427,Godric,Human,Troll Stronghold prison,Man,Human,Hosidius vinery
1695,2552,0.98102427,Godric,Human,Troll Stronghold prison,Man,Human,Catacombs of Kourend
430,1789,0.9810236,"Billy, a guard of Falador",Human,North Falador (cutscene),Guard,Human,Port Sarim jail
989,2272,0.98102295,Diana,Human,Myths' Guild,Kiyahtla,Human,Tlati Rainforest
1260,2056,0.98101985,Erestor,Elf,Prifddinas,Ingwe,Elf,Prifddinas
429,4019,0.981017,Billy Rehnison,Human,West Ardougne,Torrell,Human,South of East Ardougne
3177,4019,0.981017,Quartermaster,Human,Tyras Camp,Torrell,Human,South of East Ardougne
2221,3901,0.98101693,Kauayotl,Human,Tal Teklan,Taz,,Outside Nemus Retreat
2318,3883,0.98101646,Lady Table,Human,Temple Knight Training Grounds,Tanya,Human,Ruins of Uzer
1018,1914,0.98101616,Dominic Onion,Human,"Nightmare Zone , north of Yanille",Head mourner,Elf,West Ardougne
2152,2612,0.981014,Johnathon,Human,Jolly Boar Inn 1 st floor [ UK ] 2 nd floor [ US ],Mattimeo,Human,Fossil Island
714,2781,0.98101187,Chancy,Human,Rimmington,Murky Pat,Human,Lady Zay
340,1971,0.98100793,Barmaid,Human,Falador,Holly,Human,North of Port Sarim
1971,2126,0.98100793,Holly,Human,North of Port Sarim,Jess,Human,East Ardougne
1971,2230,0.98100793,Holly,Human,North of Port Sarim,Kendall,Human,Great Kourend
386,948,0.981006,Bedread the bold,Human,Pirates' Cove,David,Human,Sinclair Mansion
3444,4386,0.98100555,Sawmill Operator,Elf,Prifddinas,Ymladd,Elf,Prifddinas
2126,4119,0.9810052,Jess,Human,East Ardougne,Ulina,Human,Christmas Factory
2230,4119,0.9810052,Kendall,Human,Great Kourend,Ulina,Human,Christmas Factory
340,4119,0.9810052,Barmaid,Human,Falador,Ulina,Human,Christmas Factory
2295,3523,0.9810046,Kortan,Human,East Ardougne,Shayzien Infiltrator,Human,Lizardman Temple
2268,3902,0.981,King's Messenger,Human,Anywhere,Tea Seller,Human,Varrock
70,3902,0.981,Alan,Human,Tal Teok,Tea Seller,Human,Varrock
1206,3946,0.98099,Ellis,Human,Al Kharid,Theodore Paxton,Human,Red Rock
1786,3330,0.9809874,Guard,Dwarf,Motherlode Mine entrance,Rohak,Dwarf,Under White Wolf Mountain
1874,2492,0.9809829,Hambling,Human,Rellekka Longhall Bar,Luke,Human,Shipyard
3569,4026,0.9809811,Shop keeper,Human,Combat Training Camp,Tower Advisor,Human,Ranging Guild
3425,3851,0.9809804,Santiri,Dwarf,Keldagrim,Supreme Commander,Dwarf,Keldagrim
940,4361,0.9809778,Darve,Human,Dorgesh-Kaan South Dungeon,Xi_plzPetDogz_xiX,Human,South of Edgeville Monastery
1783,3673,0.9809773,Guard,Human,Miscellania Castle,Skuli Myrka,Human,Jatizso
1776,3096,0.9809773,Guard,Human,Southern Etceteria,Pontak,Human,Rellekka
1783,3096,0.9809773,Guard,Human,Miscellania Castle,Pontak,Human,Rellekka
1784,3673,0.9809773,Guard,Human,Miscellania market,Skuli Myrka,Human,Jatizso
1784,3096,0.9809773,Guard,Human,Miscellania market,Pontak,Human,Rellekka
1776,3673,0.9809773,Guard,Human,Southern Etceteria,Skuli Myrka,Human,Jatizso
1773,1893,0.9809739,Guard,Human,Seers' Village Courthouse,Harold,Human,Burthorpe
1795,1893,0.9809739,Guard,Human,Sinclair Mansion,Harold,Human,Burthorpe
624,2069,0.9809701,Captain Ginea,Human,Shayzien Encampment,Ironman tutor,Human,Tutorial Island
3299,3571,0.9809681,Richard,Human,Hosidius,Shop keeper,Human,Falador
4186,4214,0.98096764,Verak,Human,East of Burgh de Rott,Vladimir,Human,Burgh de Rott
2552,3235,0.9809643,Man,Human,Catacombs of Kourend,Razmire Keelgan,Human,Mort'ton
2553,3235,0.9809643,Man,Human,Hosidius vinery,Razmire Keelgan,Human,Mort'ton
365,2553,0.9809643,Bartender,Human,Bandit Village in the Kharidian Desert,Man,Human,Hosidius vinery
365,2552,0.9809643,Bartender,Human,Bandit Village in the Kharidian Desert,Man,Human,Catacombs of Kourend
2385,3568,0.9809606,Lesser Fanatic,Human,Edgeville,Shop keeper,Human,Al Kharid
4037,4038,0.9809594,Trader,Dwarf,Trade Octagon,Trader,Dwarf,Trade Octagon
517,4262,0.98095894,Brian,Human,Port Sarim,Well-dressed man,Human,Aldarin
359,1416,0.9809574,Bartender,Human,"North-east of Varrock , nearly in Wilderness",Fisherman Frodi,Human,Miscellania
1034,3187,0.98095703,Doria,Human,Port Roberts,R0ck 5masher,Human,The Node
9,3789,0.9809545,Abbot Langley,Human,Edgeville Monastery,Squire,Human,Void Knight Outpost
842,3826,0.98095423,Cooky Weasel,Human,Rabbit Hole,Street urchin,Human,Pollnivneach
492,4414,0.98095363,Border Guard,Human,Between Lumbridge and Al Kharid,Zeke,Human,Al Kharid
492,4415,0.98095363,Border Guard,Human,Between Lumbridge and Al Kharid,Zeke,Human,Lumbridge Castle ground floor [ UK ] 1 st floor [ US ]
2560,3604,0.9809531,Mandy,Human,Mansion in a faraway island.,Signy,Human,Miscellania and Etceteria Dungeon
714,3691,0.9809526,Chancy,Human,Rimmington,Sloane,Human,Warriors' Guild
3960,4091,0.98094606,Thora the Barkeep,Human,Rellekka Longhall Bar,Two-pints,Human,"Flying Horse Inn , East Ardougne"
2433,2869,0.98094594,Logios,Citizen of Arceuus,Library Historical Archive,Novice,Citizen of Arceuus,Arceuus church
173,2433,0.98094594,Archeio,Citizen of Arceuus,Arceuus Library,Logios,Citizen of Arceuus,Library Historical Archive
2310,3560,0.980943,Lacey,Human,Mansion in a faraway island.,Shop assistant,Human,Edgeville
737,3560,0.980943,Cheryl,Human,Port Piscarilius,Shop assistant,Human,Edgeville
3040,3560,0.98094285,Petra Fiyed,Human,Goblin Cave,Shop assistant,Human,Edgeville
2118,2295,0.98093724,Jeff,Human,Varrock,Kortan,Human,East Ardougne
103,2103,0.98093724,Almera,Human,Baxtorian Falls,Jamila,Human,Sophanem
103,4143,0.98093724,Almera,Human,Baxtorian Falls,Urbi,Human,Sophanem
740,2635,0.9809334,Chief Engineer Greyson,Human,Red Rock,Melee combat tutor,Human,Lumbridge
3177,4439,0.9809333,Quartermaster,Human,Tyras Camp,Zul-Onan,Human,Zul-Andra
429,4439,0.9809333,Billy Rehnison,Human,West Ardougne,Zul-Onan,Human,Zul-Andra
830,2620,0.98093295,Concerned man,Human,Varrock,Mazion,Human,Entrana sandpit
2526,4361,0.9809318,Mage of Zamorak,Human,Ourania Cave,Xi_plzPetDogz_xiX,Human,South of Edgeville Monastery
259,1194,0.98093086,Aya,Human,Burthorpe,Elise,Human,Kourend Castle courtyard
420,496,0.98093045,Big Fish,Mahjarrat,Weiss,Boulder,Troll,Weiss
56,3391,0.98092985,Aisles,Human,Tai Bwo Wannai,Sailor,Human,Red Rock
2378,2620,0.9809294,Lenny,Human,North of Prifddinas,Mazion,Human,Entrana sandpit
3585,3969,0.98092496,Shopkeeper,,Civitas illa Fortis,Thrander,Human,Realm of Memories
2308,3073,0.9809226,Kurt,Human,Slepe,Pious Pete,Human,Realm of Memories
3594,3725,0.9809219,Sid,Human,Mansion in a faraway island.,Soldier,Human,Death Plateau (south)
362,3594,0.9809219,Bartender,Human,Port Sarim,Sid,Human,Mansion in a faraway island.
2272,3443,0.9809219,Kiyahtla,Human,Tlati Rainforest,Sawmill Operator,Human,Auburnvale
876,3594,0.9809219,Crafting tutor,Human,Lumbridge Castle,Sid,Human,Mansion in a faraway island.
180,2272,0.9809219,Arcuani,Human,Tal Teklan,Kiyahtla,Human,Tlati Rainforest
281,3980,0.98091495,Bandit,Human,The Big Heist Lodge,Tiles,Human,Bandit Camp
2246,2268,0.98091376,Khazard Guard,Human,Fight Arena,King's Messenger,Human,Anywhere
70,2246,0.98091376,Alan,Human,Tal Teok,Khazard Guard,Human,Fight Arena
4200,4402,0.9809134,Vigroy,Human,Shilo Village,Zamorakian Acolyte,Human,Ferox Enclave
158,2272,0.98091173,Antos,Human,Auburnvale,Kiyahtla,Human,Tlati Rainforest
471,1580,0.98091114,Bob,Human,Lumbridge,General Kilian,Human,Shayzien
470,1580,0.98091114,Bob,Human,Lumbridge,General Kilian,Human,Shayzien
3568,3573,0.98090947,Shop keeper,Human,Al Kharid,Shop keeper,Human,Lumbridge
91,1591,0.9809087,Ali the Leaflet Dropper,Human,North of the Al Kharid mine,Georgie,Human,Varrock
842,1580,0.9809084,Cooky Weasel,Human,Rabbit Hole,General Kilian,Human,Shayzien
215,3785,0.98090684,Artima,Human,Civitas illa Fortis,Squire (Veteran),Human,Void Knight Outpost boat
1345,2111,0.98090607,Father Reen,Human,Al Kharid,Jasper,Human,Salvager Overlook
365,4025,0.9809029,Bartender,Human,Bandit Village in the Kharidian Desert,Tourist,,"Civitas illa Fortis , Aldarin"
3235,4025,0.9809029,Razmire Keelgan,Human,Mort'ton,Tourist,,"Civitas illa Fortis , Aldarin"
2290,2653,0.9808985,Koftik,Human,Underground Pass West Ardougne,Messenger,Human,Anywhere
193,1930,0.980898,Arhein,Human,Catherby,Helvia,Human,Sunrise Palace
288,3042,0.9808957,Banker,Human,Al Kharid,Petrus,Human,Minotaurs' Rest
2791,3980,0.98089564,Mysterious Bandit,Human,Ancient Vault,Tiles,Human,Bandit Camp
520,4268,0.98089427,Briget,Human,Shayzien,Wesley,Human,Nardah
596,2781,0.9808941,Candle maker,Human,Catherby,Murky Pat,Human,Lady Zay
2868,3544,0.98088986,Nova,Human,Outside the Tower of Ascension,Shipwright Sennia,Human,Civitas illa Fortis
3573,3997,0.9808881,Shop keeper,Human,Lumbridge,Toby,Human,Varrock
3573,3928,0.9808881,Shop keeper,Human,Lumbridge,The 'Wedge',Human,Camelot
1715,3573,0.9808881,Grand Exchange Clerk,Human,Grand Exchange,Shop keeper,Human,Lumbridge
2578,3573,0.9808881,Mark,Human,Port Piscarilius,Shop keeper,Human,Lumbridge
1078,3573,0.9808881,Drunken soldier,Human,The Cloak and Stagger,Shop keeper,Human,Lumbridge
3573,3700,0.9808881,Shop keeper,Human,Lumbridge,Smithing apprentice,Human,Lumbridge
2980,3573,0.9808881,Panning guide,Human,Digsite,Shop keeper,Human,Lumbridge
798,1591,0.9808878,Clerk,Human,Clan Hub,Georgie,Human,Varrock
3544,3901,0.98088455,Shipwright Sennia,Human,Civitas illa Fortis,Taz,,Outside Nemus Retreat
334,3570,0.9808841,Barge foreman,Human,Digsite barge,Shop keeper,Human,Edgeville
876,3946,0.9808819,Crafting tutor,Human,Lumbridge Castle,Theodore Paxton,Human,Red Rock
3725,3946,0.9808819,Soldier,Human,Death Plateau (south),Theodore Paxton,Human,Red Rock
362,3946,0.9808819,Bartender,Human,Port Sarim,Theodore Paxton,Human,Red Rock
1581,2393,0.9808798,General Salara,Human,Shayzien,Lieutenant,,Chasm of Fire entrance
1804,1805,0.9808767,Guardian of Armadyl,Human,Varies,Guardian of Armadyl,Human,McGrubor's Wood
1787,1805,0.9808767,Guard,Human,Mountain Camp,Guardian of Armadyl,Human,McGrubor's Wood
770,1805,0.9808767,Chris,Human,Emir's Arena,Guardian of Armadyl,Human,McGrubor's Wood
286,359,0.9808756,Bank guard,Human,Draynor Village,Bartender,Human,"North-east of Varrock , nearly in Wilderness"
794,4045,0.98086715,Cleaner,Human,Varrock,Trader Crewmember,,Rimmington Strait
2485,4262,0.98086,Lubufu,Human,Brimhaven,Well-dressed man,Human,Aldarin
2111,4402,0.98085797,Jasper,Human,Salvager Overlook,Zamorakian Acolyte,Human,Ferox Enclave
1253,1323,0.98085696,Eohric,Human,Burthorpe castle,Farmer,Human,Miscellania
2577,3107,0.98085666,Marius Giste,Human,Varrock Museum,Port worker,Human,Port Piscarilius
858,4019,0.98085505,Councillor Andrews,Human,Kourend Castle,Torrell,Human,South of East Ardougne
3559,3946,0.980855,Shop assistant,Human,Al Kharid,Theodore Paxton,Human,Red Rock
1206,2652,0.98085177,Ellis,Human,Al Kharid,Messenger,Human,Anywhere
1349,2380,0.98084855,Feanor,Elf,Prifddinas,Lenwe,Elf,Prifddinas
3038,3429,0.9808476,Peter,Human,Fossil Island,Sarah,Human,South Falador Farm
1416,2068,0.9808465,Fisherman Frodi,Human,Miscellania,Ironman tutor,Human,Lumbridge
813,4191,0.98084223,Colonel Grimsson,Dwarf,"Red Axe base, Keldagrim",Vestri,Dwarf,Near White Wolf Mountain
2859,4263,0.980842,Nolar,Dwarf,Keldagrim,Wemund,Dwarf,Keldagrim
1975,3965,0.9808413,Honour guard,Human,Neitiznot gates,Thorodin,Human,Rellekka
1975,3968,0.9808413,Honour guard,Human,Neitiznot gates,Thorvald the Warrior,Human,Rellekka
1815,3011,0.9808394,Guild Hunter Ornus (Adept),Human,Hunter Guild,Pellem,Human,Hunter Guild
2552,3266,0.9808389,Man,Human,Catacombs of Kourend,Regent,Human,Central island of The Node
2553,3266,0.9808389,Man,Human,Hosidius vinery,Regent,Human,Central island of The Node
2314,2651,0.98083866,Lady Keli,Human,Draynor jail,Meskhenet,Human,Nardah
354,1860,0.98083806,Bartender,Human,Varrock,Hairdresser,Human,Falador
80,1860,0.98083806,Alfonse the waiter,Human,Brimhaven,Hairdresser,Human,Falador
1379,2410,0.98083675,Financial Seer,Human,Neitiznot,Lisse Isaakson,Human,Neitiznot
3547,3587,0.9808357,Shipwright Silas,Human,Aldarin,Shopkeeper,Human,Quetzacalli Gorge
1142,2973,0.98083377,Edward,Human,Around the Rogues' Castle,Oziach,Human,Blue Moon Inn
1142,2971,0.9808334,Edward,Human,Around the Rogues' Castle,Oziach,Human,North-west Edgeville
2292,3302,0.9808332,Konoo,Human,Hosidius,Rick,Human,Player-owned house or Servants' Guild
1874,4119,0.98083,Hambling,Human,Rellekka Longhall Bar,Ulina,Human,Christmas Factory
91,2492,0.9808247,Ali the Leaflet Dropper,Human,North of the Al Kharid mine,Luke,Human,Shipyard
2069,2716,0.9808222,Ironman tutor,Human,Tutorial Island,Monk,Human,Entrana
531,2069,0.9808222,Brother Jered,Human,Edgeville Monastery,Ironman tutor,Human,Tutorial Island
2553,3636,0.98081875,Man,Human,Hosidius vinery,Sir Percival,Human,Fisher Realm
2552,3636,0.98081875,Man,Human,Catacombs of Kourend,Sir Percival,Human,Fisher Realm
3636,4119,0.9808164,Sir Percival,Human,Fisher Realm,Ulina,Human,Christmas Factory
1978,3783,0.9808122,Hooknosed Jack,Human,Varrock Rat Pits,Squire (Intermediate),Human,Void Knight Outpost boat
1874,3826,0.9808104,Hambling,Human,Rellekka Longhall Bar,Street urchin,Human,Pollnivneach
167,3298,0.9808093,Apprentice workman,Human,Falador,Richard,Human,Ardougne
858,4439,0.9808084,Councillor Andrews,Human,Kourend Castle,Zul-Onan,Human,Zul-Andra
624,4025,0.9808055,Captain Ginea,Human,Shayzien Encampment,Tourist,,"Civitas illa Fortis , Aldarin"
947,4303,0.98080444,David,Human,Fossil Island,Wistan,Human,Burthorpe
1383,4151,0.9808018,Finduilas,Elf,Prifddinas,Vaire,Elf,Prifddinas
369,4019,0.9808011,Bartender,Human,Lumbridge,Torrell,Human,South of East Ardougne
2979,3391,0.9808,Pandur Hosidius,Human,Hosidius,Sailor,Human,Red Rock
2901,3966,0.98079956,Odmar,Dwarf,Keldagrim,Thorodin,Dwarf,Miscellania and Etceteria Dungeon
2604,3576,0.9807993,Master Crafter,Human,Crafting Guild,Shop keeper,Human,Rimmington
369,3049,0.98079914,Bartender,Human,Lumbridge,Phials,Human,Rimmington
1671,3404,0.9807987,Gnome shop keeper,Gnome,,Sam,Gnome,Christmas Factory
831,836,0.98079854,Conrad King,Human,Port Piscarilius,Cook,Human,Blue Moon Inn
1860,1996,0.9807881,Hairdresser,Human,Falador,Hudon,Human,Baxtorian Falls
1860,3407,0.9807881,Hairdresser,Human,Falador,Sammy Servil,Human,Fight Arena prison
1035,1366,0.98078734,Doric,Dwarf,North of Falador,Ferd,Dwarf,Miscellania and Etceteria Dungeon
1996,4194,0.9807842,Hudon,Human,Baxtorian Falls,Victor,Human,Burgh de Rott
1996,2078,0.9807842,Hudon,Human,Baxtorian Falls,Ivan,Human,Burgh de Rott
2078,3407,0.9807842,Ivan,Human,Burgh de Rott,Sammy Servil,Human,Fight Arena prison
3407,4194,0.9807842,Sammy Servil,Human,Fight Arena prison,Victor,Human,Burgh de Rott
2677,4150,0.9807837,Miner,Dwarf,Motherlode Mine,Vaeringk,Dwarf,Keldagrim
2575,2829,0.98078346,Marius,Human,Burgh de Rott,New Recruit Tony,Human,Graveyard of Heroes
2069,3038,0.9807826,Ironman tutor,Human,Tutorial Island,Peter,Human,Fossil Island
999,2577,0.98077977,Disappointed father,Human,Varrock,Marius Giste,Human,Varrock Museum
1961,2219,0.9807793,Hild,Human,Miscellania and Etceteria Dungeon,Kathy Corkat,Human,West of Tree Gnome Stronghold
103,1222,0.9807785,Almera,Human,Baxtorian Falls,Emilia,Human,Burgh de Rott
1978,2448,0.980777,Hooknosed Jack,Human,Varrock Rat Pits,Lord Crombwick,Human,Crombwick Manor
91,3571,0.9807714,Ali the Leaflet Dropper,Human,North of the Al Kharid mine,Shop keeper,Human,Falador
2068,4064,0.98076534,Ironman tutor,Human,Lumbridge,Trobert,Human,Brimhaven
2717,3510,0.9807645,Monk,Human,Harmony Island windmill,Shady stranger,,Draynor Village
142,3856,0.98075473,Angel,Human,Rimmington,Suspect,Human,Evil twin
860,3639,0.98075217,Councillor Halgrive,Human,East Ardougne,Sir Rebral,Human,Falador
928,3604,0.98074746,Dantaera,Human,Catherby,Signy,Human,Miscellania and Etceteria Dungeon
3266,4025,0.98074687,Regent,Human,Central island of The Node,Tourist,,"Civitas illa Fortis , Aldarin"
2148,3429,0.9807449,Jofridr Mordstatter,Human,Neitiznot,Sarah,Human,South Falador Farm
1223,3429,0.9807449,Emily,Human,Falador,Sarah,Human,South Falador Farm
4349,4410,0.98074424,Worried Baker,Human,Varrock,Zealot,Human,Abandoned Mine
3428,3785,0.980743,Sarah,Human,South Falador Farm,Squire (Veteran),Human,Void Knight Outpost boat
528,1323,0.98074293,Brother Brace,Human,Tutorial Island,Farmer,Human,Miscellania
1117,3851,0.9807408,Dylan,Dwarf,Christmas Factory,Supreme Commander,Dwarf,Keldagrim
1860,3785,0.98073936,Hairdresser,Human,Falador,Squire (Veteran),Human,Void Knight Outpost boat
3630,3691,0.9807385,Sir Kuam Ferentse,Human,Temple Knight Training Grounds,Sloane,Human,Warriors' Guild
365,429,0.98073775,Bartender,Human,Bandit Village in the Kharidian Desert,Billy Rehnison,Human,West Ardougne
429,3235,0.98073775,Billy Rehnison,Human,West Ardougne,Razmire Keelgan,Human,Mort'ton
365,3177,0.98073775,Bartender,Human,Bandit Village in the Kharidian Desert,Quartermaster,Human,Tyras Camp
3177,3235,0.98073775,Quartermaster,Human,Tyras Camp,Razmire Keelgan,Human,Mort'ton
575,1988,0.98073465,Cabin boy,Human,Lunar Isle,Horvik,Human,"Varrock , East Anvils"
743,3051,0.9807346,Child,Human,All over West Ardougne,Philipe Carnillean,Human,East Ardougne
948,1223,0.9807335,David,Human,Sinclair Mansion,Emily,Human,Falador
948,2148,0.9807335,David,Human,Sinclair Mansion,Jofridr Mordstatter,Human,Neitiznot
1141,2380,0.9807321,Edrahil,Elf,Prifddinas,Lenwe,Elf,Prifddinas
1650,2380,0.98073184,Glorfindel,Elf,Prifddinas,Lenwe,Elf,Prifddinas
1502,4361,0.98073065,Frincos,Human,Entrana,Xi_plzPetDogz_xiX,Human,South of Edgeville Monastery
2268,2295,0.98073053,King's Messenger,Human,Anywhere,Kortan,Human,East Ardougne
1324,3594,0.9807304,Farmer,Human,Groats' farm,Sid,Human,Mansion in a faraway island.
1885,3594,0.9807304,Hans,Human,Lumbridge,Sid,Human,Mansion in a faraway island.
70,2295,0.98073,Alan,Human,Tal Teok,Kortan,Human,East Ardougne
2214,2846,0.9807296,Karim,Human,Al Kharid,Niles,Human,Anywhere random events can occur
2214,3066,0.9807296,Karim,Human,Al Kharid,Piles,Human,Resource Area
410,3321,0.9807291,Bert,Human,Yanille,Robyn,Human,Shayzien
1316,2124,0.9807281,Falo the Bard,Human,North of Seers' Village,Jeremy Clerksin,Human,Varrock church
1551,4356,0.9807241,Gardener Jay Jr.,Human,Clan Hall garden,Wyson the gardener,Human,Falador Park
1715,1935,0.98072374,Grand Exchange Clerk,Human,Grand Exchange,Henja,Human,Rimmington
1935,2578,0.98072374,Henja,Human,Rimmington,Mark,Human,Port Piscarilius
1935,3700,0.98072374,Henja,Human,Rimmington,Smithing apprentice,Human,Lumbridge
1935,3997,0.98072374,Henja,Human,Rimmington,Toby,Human,Varrock
1935,3928,0.98072374,Henja,Human,Rimmington,The 'Wedge',Human,Camelot
1078,1935,0.98072374,Drunken soldier,Human,The Cloak and Stagger,Henja,Human,Rimmington
1935,2980,0.98072374,Henja,Human,Rimmington,Panning guide,Human,Digsite
3683,4262,0.9807222,Slave,Human,Underground Pass,Well-dressed man,Human,Aldarin
294,2272,0.9807189,Banker,Human,Civitas illa Fortis,Kiyahtla,Human,Tlati Rainforest
836,1255,0.980716,Cook,Human,Blue Moon Inn,epic mager34,Human,Lumbridge watermill
973,4263,0.9807146,Derni,Dwarf,Keldagrim south-west mine,Wemund,Dwarf,Keldagrim
3431,3960,0.98071414,Sarah,Human,Port Piscarilius,Thora the Barkeep,Human,Rellekka Longhall Bar
1923,4271,0.98071164,Helga,Human,Etceteria Castle,Wheeler,Human,Rabbit Hole
2135,2383,0.9807049,Jill,Human,Musa Point,Leo,Human,"Bazaar , Civitas illa Fortis"
3168,3704,0.9807035,Purple Pewter Director,Dwarf,Keldagrim,Smokin' Joe,Dwarf,Keldagrim
423,775,0.9807024,BigRedJapan,Human,Rooftop Agility Courses,Chuck,Human,Realm of Memories
537,1023,0.9806974,Brown Engine Secretary,Dwarf,Keldagrim,Donal,Dwarf,Miscellania and Etceteria Dungeon
1695,4025,0.98069584,Godric,Human,Troll Stronghold prison,Tourist,,"Civitas illa Fortis , Aldarin"
1930,3636,0.98069453,Helvia,Human,Sunrise Palace,Sir Percival,Human,Fisher Realm
989,3359,0.98068786,Diana,Human,Myths' Guild,Rufus,Human,Civitas illa Fortis
504,1988,0.98068696,Boy,Human,Taverley,Horvik,Human,"Varrock , East Anvils"
2269,4206,0.9806863,Kit Breaker,Human,North of Falador,Vincens,Human,Outer Fortis
1004,3778,0.9806863,Dock worker,Human,Port Piscarilius,'Squawking' Steve Beanie,Human,The Pandemonium
3560,3563,0.98068583,Shop assistant,Human,Edgeville,Shop assistant,Human,Musa Point
2146,3691,0.9806818,Joe,Human,Draynor Village jail,Sloane,Human,Warriors' Guild
3564,3691,0.9806818,Shop assistant,Human,Rimmington,Sloane,Human,Warriors' Guild
470,1263,0.98067707,Bob,Human,Lumbridge,Eric,Human,Jatizso
471,1263,0.98067707,Bob,Human,Lumbridge,Eric,Human,Jatizso
2491,2629,0.98067653,Lucy,Human,North-east Falador,Megan,Human,North-east Falador
1852,1871,0.9806746,H.A.M. Member,Human,"Lumbridge , Seth Groats 's Farm",HAM member,Human,H.A.M. Store room
1526,3205,0.9806734,Fur trader,Human,Rellekka marketplace,Ragnar,Human,Mountain Camp
1738,3205,0.9806734,Greengrocer,Human,Miscellania Market,Ragnar,Human,Mountain Camp
1659,4249,0.98067105,Gnome,Gnome,Mourner HQ Prison in West Ardougne,Waymottin,Gnome,Ape Atoll Dungeon
554,1659,0.98067105,Bunkwicket,Gnome,Ape Atoll Dungeon,Gnome,Gnome,Mourner HQ Prison in West Ardougne
159,2833,0.9806709,Anwen,Elf,Prifddinas,Nia,Elf,Prifddinas
1649,2833,0.9806709,Glenda,Elf,Prifddinas,Nia,Elf,Prifddinas
1935,3536,0.9806695,Henja,Human,Rimmington,Shilop,Human,Varrock square
1935,3139,0.9806695,Henja,Human,Rimmington,Prisoner,Human,Haunted Woods
1324,3946,0.98066825,Farmer,Human,Groats' farm,Theodore Paxton,Human,Red Rock
1885,3946,0.9806681,Hans,Human,Lumbridge,Theodore Paxton,Human,Red Rock
713,3980,0.9806663,Chancellor Hassan,Human,Al Kharid Palace,Tiles,Human,Bandit Camp
318,3987,0.9806633,Banker,Human,Varrock,Tina,Human,Falador
318,904,0.9806633,Banker,Human,Varrock,Customer,Human,Keldagrim Library
318,2316,0.9806633,Banker,Human,Varrock,Lady Servil,Human,Fight Arena
318,2222,0.9806633,Banker,Human,Varrock,Kaylee,Human,Falador
318,2591,0.9806633,Banker,Human,Varrock,Martha Rehnison,Human,West Ardougne
318,3522,0.9806633,Banker,Human,Varrock,Shayda,Human,Shayzien
318,3786,0.9806633,Banker,Human,Varrock,Squire,Human,Void Knight Outpost
3121,3126,0.9806627,Preacher,Goblin,Goblin Temple,Priest,Goblin,Goblin Cave
537,3425,0.98066235,Brown Engine Secretary,Dwarf,Keldagrim,Santiri,Dwarf,Keldagrim
858,3235,0.98066175,Councillor Andrews,Human,Kourend Castle,Razmire Keelgan,Human,Mort'ton
365,858,0.98066175,Bartender,Human,Bandit Village in the Kharidian Desert,Councillor Andrews,Human,Kourend Castle
1227,1228,0.9806518,Emissary Chosen,Human,Twilight Temple,Emissary Fisher,Human,West of the Tower of Ascension
2069,3585,0.98064744,Ironman tutor,Human,Tutorial Island,Shopkeeper,,Civitas illa Fortis
1641,3931,0.980646,Giles,Human,Anywhere random events can occur,The Face,Human,Port Sarim
1145,2614,0.9806434,Efa,Elf,Prifddinas,Mawrth,Elf,Lletya
1559,3785,0.98064315,Gary,Human,Varrock,Squire (Veteran),Human,Void Knight Outpost boat
837,838,0.98064256,Cook,Human,Blue Moon Inn,Cook,Human,Jolly Boar Inn
2652,3211,0.98064196,Messenger,Human,Anywhere,Ranael,Human,Al Kharid
2635,4416,0.9806384,Melee combat tutor,Human,Lumbridge,Zembo,Human,"Musa Point, Karamja"
716,2635,0.9806384,Charles,Human,Port Piscarilius,Melee combat tutor,Human,Lumbridge
2215,3066,0.9806378,Karim,Human,Blue Moon Inn,Piles,Human,Resource Area
2215,2846,0.9806378,Karim,Human,Blue Moon Inn,Niles,Human,Anywhere random events can occur
1545,2223,0.98063326,Garai,Human,Nardah,Kazemde,Human,Nardah
420,3343,0.980633,Big Fish,Mahjarrat,Weiss,Root,Troll,Weiss
462,862,0.98063046,Blue Opal Director,Dwarf,Keldagrim,Councillor Unkar,Dwarf ( Imcando-descendant ),Lovakengj Assembly
3321,3557,0.9806296,Robyn,Human,Shayzien,Shipyard Worker,Human,Shipyard
3321,3543,0.98062956,Robyn,Human,Shayzien,Shipwright Seb,Human,Shipyard
3523,4025,0.98062915,Shayzien Infiltrator,Human,Lizardman Temple,Tourist,,"Civitas illa Fortis , Aldarin"
370,3514,0.98062825,Bartender,Human,The Warrens,Shantay,Human,Shantay Pass
1376,3265,0.9806282,Filamina,Citizen of Arceuus,Arceuus,Regath,Citizen of Arceuus,Arceuus
1160,1376,0.9806282,Ektheme,Citizen of Arceuus,Library Historical Archive,Filamina,Citizen of Arceuus,Arceuus
1376,2912,0.9806282,Filamina,Citizen of Arceuus,Arceuus,Okina,Citizen of Arceuus,Kourend's Blood Altar
1843,4386,0.9806275,Gwallter,Elf,Prifddinas,Ymladd,Elf,Prifddinas
2620,3523,0.9806273,Mazion,Human,Entrana sandpit,Shayzien Infiltrator,Human,Lizardman Temple
1915,3557,0.9806254,Head Servant,Human,? (edit),Shipyard Worker,Human,Shipyard
1915,3543,0.9806253,Head Servant,Human,? (edit),Shipwright Seb,Human,Shipyard
3179,3391,0.9806249,Queen Sigrid,Human,Castle of Etceteria,Sailor,Human,Red Rock
3636,4025,0.98062277,Sir Percival,Human,Fisher Realm,Tourist,,"Civitas illa Fortis , Aldarin"
837,4235,0.98062253,Cook,Human,Blue Moon Inn,Wally,Human,Varrock
193,294,0.9806193,Arhein,Human,Catherby,Banker,Human,Civitas illa Fortis
743,798,0.98061866,Child,Human,All over West Ardougne,Clerk,Human,Clan Hub
813,2058,0.9806186,Colonel Grimsson,Dwarf,"Red Axe base, Keldagrim",Inn Keeper,Dwarf,Keldagrim - The King's Axe Inn
4084,4138,0.98061776,Turgok,Dorgeshuun,Dorgesh-Kaan market,Ur-pel,Dorgeshuun,Dorgesh-Kaan
2116,3197,0.98061407,Jeed,Human,Emir's Arena,Rachael,Human,Burthorpe Games Room
2378,3299,0.98061335,Lenny,Human,North of Prifddinas,Richard,Human,Hosidius
53,1784,0.98061204,Agnar,Human,Rellekka,Guard,Human,Miscellania market
53,1783,0.98061204,Agnar,Human,Rellekka,Guard,Human,Miscellania Castle
53,1776,0.98061204,Agnar,Human,Rellekka,Guard,Human,Southern Etceteria
3545,4001,0.9806119,Shipwright Seth,Human,Port Phasmatys,Tom,Human,Christmas Factory
1988,3051,0.98061,Horvik,Human,"Varrock , East Anvils",Philipe Carnillean,Human,East Ardougne
656,2310,0.98060894,Carla,Human,West Ardougne,Lacey,Human,Mansion in a faraway island.
656,3040,0.9806086,Carla,Human,West Ardougne,Petra Fiyed,Human,Goblin Cave
354,3125,0.9806086,Bartender,Human,Varrock,Priest,Human,East Ardougne
656,737,0.9806086,Carla,Human,West Ardougne,Cheryl,Human,Port Piscarilius
80,3125,0.9806086,Alfonse the waiter,Human,Brimhaven,Priest,Human,East Ardougne
624,2553,0.9806039,Captain Ginea,Human,Shayzien Encampment,Man,Human,Hosidius vinery
624,2552,0.9806039,Captain Ginea,Human,Shayzien Encampment,Man,Human,Catacombs of Kourend
158,3571,0.98060334,Antos,Human,Auburnvale,Shop keeper,Human,Falador
3072,3157,0.9806024,Pious Pete,Human,Candelight random event,Protester,Human,Varrock
782,1915,0.9806015,Citizen,Human,Necropolis,Head Servant,Human,? (edit)
1183,4339,0.98060125,Elena Hosidius,Human,Hosidius,Worker,Human,Red Rock
520,3949,0.98059916,Briget,Human,Shayzien,Thidrolda,Dwarf,World Wildlife Fund conservation area
2693,3858,0.9805974,Mishkal'un Dorn,Human,Tunnel of Chaos,Suspicious outsider,,Draynor Village
947,4235,0.98059374,David,Human,Fossil Island,Wally,Human,Varrock
1138,1348,0.9805929,Ed Wood,Human,Digsite,Fayeth,Human,Lumbridge
3318,4388,0.9805877,Robert O'Reilly,Human,Port Piscarilius,Yohnus,Human,Shilo Village
836,1997,0.9805868,Cook,Human,Blue Moon Inn,Hugh,Human,Salvager Overlook
1559,4019,0.98058546,Gary,Human,Varrock,Torrell,Human,South of East Ardougne
103,3197,0.98057836,Almera,Human,Baxtorian Falls,Rachael,Human,Burthorpe Games Room
2205,2272,0.9805753,Kangai Mau,Human,Brimhaven,Kiyahtla,Human,Tlati Rainforest
520,1874,0.9805728,Briget,Human,Shayzien,Hambling,Human,Rellekka Longhall Bar
775,3963,0.9805702,Chuck,Human,Realm of Memories,Thorkel Silkbeard,Human,Jatizso
1347,4200,0.98056716,Faustus,Human,Aldarin,Vigroy,Human,Shilo Village
1755,2105,0.9805639,Grubor,Human,Brimhaven,Jaraah,Human,Emir's Arena
517,1163,0.98056126,Brian,Human,Port Sarim,Elder Chaos druid,Human,Chaos Temple
517,4094,0.98056126,Brian,Human,Port Sarim,Tyras guard,Human,Tyras Camp
517,527,0.98056126,Brian,Human,Port Sarim,Brother Althric,Human,Edgeville Monastery
517,707,0.98056126,Brian,Human,Port Sarim,Chadwell,Human,West Ardougne
517,4128,0.98056126,Brian,Human,Port Sarim,Unferth,Human,Burthorpe
517,1140,0.98056126,Brian,Human,Port Sarim,Edmond,Human,Bandit camp mine
517,3532,0.98056126,Brian,Human,Port Sarim,Sherpa,Human,? (edit)
517,2714,0.98056126,Brian,Human,Port Sarim,Monk,Human,Varrock
517,1934,0.98056126,Brian,Human,Port Sarim,Hengrad,Human,Fight Arena
517,2340,0.98056126,Brian,Human,Port Sarim,Larry,Human,Wilderness
517,3515,0.98056126,Brian,Human,Port Sarim,Shantay Guard,Human,Ruins of Unkah
517,1060,0.98056126,Brian,Human,Port Sarim,Drezel,Human,Paterdomus
517,3860,0.98056126,Brian,Human,Port Sarim,Svidi,Human,East of Rellekka
1950,4334,0.98055947,Hewey,Human,Lumbridge Swamp,Woodsman tutor,Human,Lumbridge
317,1996,0.9805566,Banker,Human,Tutorial Island,Hudon,Human,Baxtorian Falls
298,1996,0.9805566,Banker,Human,Draynor Village,Hudon,Human,Baxtorian Falls
1520,1996,0.9805566,Fry,Human,Rabbit Hole,Hudon,Human,Baxtorian Falls
1520,3407,0.9805566,Fry,Human,Rabbit Hole,Sammy Servil,Human,Fight Arena prison
287,3407,0.9805566,Banker,Human,Bank,Sammy Servil,Human,Fight Arena prison
317,3407,0.9805566,Banker,Human,Tutorial Island,Sammy Servil,Human,Fight Arena prison
298,3407,0.9805566,Banker,Human,Draynor Village,Sammy Servil,Human,Fight Arena prison
287,1996,0.9805566,Banker,Human,Bank,Hudon,Human,Baxtorian Falls
293,1996,0.9805566,Banker,Werewolf,Canifis,Hudon,Human,Baxtorian Falls
293,3407,0.9805566,Banker,Werewolf,Canifis,Sammy Servil,Human,Fight Arena prison
1580,3969,0.98055637,General Kilian,Human,Shayzien,Thrander,Human,Realm of Memories
857,3931,0.980551,Council workman,Human,Bridge leading to Rellekka,The Face,Human,Port Sarim
410,1348,0.98054844,Bert,Human,Yanille,Fayeth,Human,Lumbridge
2553,3523,0.98054814,Man,Human,Hosidius vinery,Shayzien Infiltrator,Human,Lizardman Temple
2552,3523,0.98054814,Man,Human,Catacombs of Kourend,Shayzien Infiltrator,Human,Lizardman Temple
475,3402,0.98054683,Bob,Human,Sinclair Mansion,Sam,Human,Arceuus Library
2073,2592,0.9805457,Ishmael,Human,Ruins of Unkah,Martin Holt,Human,Kingstown
203,1416,0.9805418,Armourer (tier 4),Dwarf,Lovakengj,Fisherman Frodi,Human,Miscellania
1671,3335,0.9805405,Gnome shop keeper,Gnome,,Rometti,Gnome,"Grand Tree , Tree Gnome Stronghold"
1671,1702,0.9805405,Gnome shop keeper,Gnome,,Golrie,Gnome,Tree Gnome Village dungeon
1671,1675,0.9805405,Gnome shop keeper,Gnome,,Gnome Waiter,Gnome,Grand Tree
341,1671,0.9805405,Barman,Gnome,• The 1 st floor [ UK ] 2 nd floor [ US ] of the Grand Tree . • East of the Gnomeball Field,Gnome shop keeper,Gnome,
467,1671,0.9805405,Blurberry,Gnome,1 st floor [ UK ] 2 nd floor [ US ] of the Grand Tree,Gnome shop keeper,Gnome,
103,3563,0.980537,Almera,Human,Baxtorian Falls,Shop assistant,Human,Musa Point
1988,2552,0.98053503,Horvik,Human,"Varrock , East Anvils",Man,Human,Catacombs of Kourend
1988,2553,0.98053503,Horvik,Human,"Varrock , East Anvils",Man,Human,Hosidius vinery
463,1110,0.9805336,Blue Opal Secretary,Dwarf,Keldagrim,Dwarf,Dwarf,Motherlode Mine
1110,4274,0.9805334,Dwarf,Dwarf,Motherlode Mine,White Chisel Secretary,Dwarf,Keldagrim
207,370,0.98053116,Arno,Human,Farming Guild,Bartender,Human,The Warrens
370,410,0.9805292,Bartender,Human,The Warrens,Bert,Human,Yanille
3563,3594,0.9805272,Shop assistant,Human,Musa Point,Sid,Human,Mansion in a faraway island.
1534,1755,0.98052716,Gabooty,Human,Tai Bwo Wannai,Grubor,Human,Brimhaven
2565,2821,0.9805224,Marcus,Human,Auburnvale,Nelta of Ralos,,? (edit)
2565,2822,0.9805224,Marcus,Human,Auburnvale,Nelta of Ranul,,? (edit)
3947,4091,0.98052204,Thessalia,Human,Varrock,Two-pints,Human,"Flying Horse Inn , East Ardougne"
1613,1969,0.9805205,Ghost,Ghost,Goblin Cave (through crevice),Hogst,Ghost,Western end of Lumbridge Swamp
1876,3568,0.9805163,Hamid,Human,Emir's Arena,Shop keeper,Human,Al Kharid
302,318,0.98051506,Banker,Human,Hosidius,Banker,Human,Varrock
231,1657,0.98051393,Assistant Lori,Gnome,Grand Tree,Gnome,Gnome,
494,2923,0.98051214,Bork Sigmundson,Human,Ice Troll Caves,Old Man Yarlo,Human,Varrock
91,2117,0.9805088,Ali the Leaflet Dropper,Human,North of the Al Kharid mine,Jeff,Human,Musa Point
3391,3946,0.98050535,Sailor,Human,Red Rock,Theodore Paxton,Human,Red Rock
3298,4354,0.98050416,Richard,Human,Ardougne,Wydin,Human,Port Sarim
3298,4355,0.98050416,Richard,Human,Ardougne,Wydin,Human,
782,2449,0.98050123,Citizen,Human,Necropolis,Lord Daquarius,Human,Taverley Dungeon
1388,1567,0.9805002,Fionella,Human,Legends' Guild,Gelin,Human,Lumbridge graveyard
2069,4194,0.9805,Ironman tutor,Human,Tutorial Island,Victor,Human,Burgh de Rott
2069,2078,0.9805,Ironman tutor,Human,Tutorial Island,Ivan,Human,Burgh de Rott
3266,3969,0.9804996,Regent,Human,Central island of The Node,Thrander,Human,Realm of Memories
3402,4439,0.9804994,Sam,Human,Arceuus Library,Zul-Onan,Human,Zul-Andra
410,3346,0.98049045,Bert,Human,Yanille,Rosie,Human,Farming Guild
1914,3339,0.9804902,Head mourner,Elf,West Ardougne,Rommik,Human,Blue Moon Inn
2594,3561,0.98048824,Martin Thwait,Human,Rogues' Den,Shop assistant,Human,Falador
1950,3594,0.9804871,Hewey,Human,Lumbridge Swamp,Sid,Human,Mansion in a faraway island.
445,1339,0.9804863,Blaec,Human,Zanaris,Father Badden,Human,Ruins of Uzer
830,3572,0.98048496,Concerned man,Human,Varrock,Shop keeper,Human,Museum Camp
2742,3049,0.9804774,Morris,Human,Hemenster,Phials,Human,Rimmington
1580,3428,0.9804754,General Kilian,Human,Shayzien,Sarah,Human,South Falador Farm
429,3051,0.9804751,Billy Rehnison,Human,West Ardougne,Philipe Carnillean,Human,East Ardougne
3051,3177,0.9804751,Philipe Carnillean,Human,East Ardougne,Quartermaster,Human,Tyras Camp
3263,3948,0.98047453,Ref,Human,Warriors' Guild,Thias Leacke,Human,Varrock Museum
3072,4262,0.9804706,Pious Pete,Human,Candelight random event,Well-dressed man,Human,Aldarin
2068,3299,0.9804677,Ironman tutor,Human,Lumbridge,Richard,Human,Hosidius
365,2069,0.98046744,Bartender,Human,Bandit Village in the Kharidian Desert,Ironman tutor,Human,Tutorial Island
2069,3235,0.98046744,Ironman tutor,Human,Tutorial Island,Razmire Keelgan,Human,Mort'ton
102,575,0.9804649,Allanna,Human,Farming Guild,Cabin boy,Human,Lunar Isle
830,1538,0.9804635,Concerned man,Human,Varrock,Galahad,Human,Near McGrubor's Wood
1962,2249,0.98046225,Hirko,Dwarf,Keldagrim,"Khorvak, a dwarven engineer",Dwarf,Under White Wolf Mountain
1962,3955,0.98046225,Hirko,Dwarf,Keldagrim,Thirus,Dwarf ( Imcando-descendant ),Lovakengj
1962,2163,0.98046225,Hirko,Dwarf,Keldagrim,Jorzik,Dwarf,Keldagrim
749,858,0.98046136,Child,,Varlamore,Councillor Andrews,Human,Kourend Castle
1323,2068,0.9804559,Farmer,Human,Miscellania,Ironman tutor,Human,Lumbridge
921,3831,0.9804537,Dallas Jones,Human,"Karamja Wines, Spirits, and Beers",Strong Ronny,Werewolf,Sisterhood Sanctuary
477,1790,0.9804512,"Bob, another guard of Falador",Human,North Falador gate (cutscene),Guard,Human,Port Sarim jail
2378,3359,0.9804481,Lenny,Human,North of Prifddinas,Rufus,Human,Civitas illa Fortis
1988,4025,0.98044705,Horvik,Human,"Varrock , East Anvils",Tourist,,"Civitas illa Fortis , Aldarin"
1255,3004,0.98044586,epic mager34,Human,Lumbridge watermill,Peasant,Human,Fisher Realm
744,3571,0.9804452,Child,Human,,Shop keeper,Human,Falador
300,4339,0.9804425,Banker,Human,Farming Guild,Worker,Human,Red Rock
477,1789,0.98043966,"Bob, another guard of Falador",Human,North Falador gate (cutscene),Guard,Human,Port Sarim jail
1076,2677,0.98043835,Drunken Dwarf,,Player-owned boat,Miner,Dwarf,Motherlode Mine
2295,4003,0.9804373,Kortan,Human,East Ardougne,Tombar,Dwarf,Keldagrim West
2146,3321,0.9804367,Joe,Human,Draynor Village jail,Robyn,Human,Shayzien
3321,3564,0.9804367,Robyn,Human,Shayzien,Shop assistant,Human,Rimmington
537,1107,0.9804363,Brown Engine Secretary,Dwarf,Keldagrim,Dwarf,Dwarf,Dwarven Mine
429,749,0.9804362,Billy Rehnison,Human,West Ardougne,Child,,Varlamore
749,3177,0.9804362,Child,,Varlamore,Quartermaster,Human,Tyras Camp
2485,2526,0.9804354,Lubufu,Human,Brimhaven,Mage of Zamorak,Human,Ourania Cave
1825,4402,0.98043466,Gujuo,Human,Kharazi Jungle,Zamorakian Acolyte,Human,Ferox Enclave
690,3523,0.98043203,Cave monk,Human,Entrana,Shayzien Infiltrator,Human,Lizardman Temple
1344,3523,0.98043203,Father Lawrence,Human,Varrock church,Shayzien Infiltrator,Human,Lizardman Temple
529,3523,0.98043203,Brother Cedric,Human,East Ardougne,Shayzien Infiltrator,Human,Lizardman Temple
532,3523,0.98043203,Brother Kojo,Human,"The Clock Tower , south of Ardougne",Shayzien Infiltrator,Human,Lizardman Temple
2718,3523,0.98043203,Monk,Human,Lumbridge Swamp,Shayzien Infiltrator,Human,Lizardman Temple
534,3523,0.98043203,Brother Omad,Human,Monastery south of Ardougne,Shayzien Infiltrator,Human,Lizardman Temple
2068,3949,0.98043203,Ironman tutor,Human,Lumbridge,Thidrolda,Dwarf,World Wildlife Fund conservation area
3562,3785,0.98042977,Shop assistant,Human,Lumbridge,Squire (Veteran),Human,Void Knight Outpost boat
1075,3270,0.98042846,Drunken Dwarf,Dwarf,Keldagrim,Reinald,Dwarf,Keldagrim
2008,3955,0.98042816,Hura,Dwarf,Dwarven Mine,Thirus,Dwarf ( Imcando-descendant ),Lovakengj
2008,2163,0.98042816,Hura,Dwarf,Dwarven Mine,Jorzik,Dwarf,Keldagrim
2008,2249,0.98042816,Hura,Dwarf,Dwarven Mine,"Khorvak, a dwarven engineer",Dwarf,Under White Wolf Mountain
318,3785,0.9804278,Banker,Human,Varrock,Squire (Veteran),Human,Void Knight Outpost boat
1345,2789,0.9804269,Father Reen,Human,Al Kharid,Myndill,Dwarf,Keldagrim
2207,3568,0.98042613,Karaday,Human,Tai Bwo Wannai,Shop keeper,Human,Al Kharid
1951,3181,0.98042226,Hickton,Human,Catherby,Quest Guide,Human,Tutorial Island
1580,2385,0.9804181,General Kilian,Human,Shayzien,Lesser Fanatic,Human,Edgeville
147,4152,0.98041785,Anna,Human,Sinclair Mansion,Valaine,Human,Champions' Guild
520,989,0.9804169,Briget,Human,Shayzien,Diana,Human,Myths' Guild
2349,3899,0.9804163,Layleen,Human,Tai Bwo Wannai,Taylor,Human,Farming Guild
358,2349,0.9804163,Bartender,Human,Seers' Village,Layleen,Human,Tai Bwo Wannai
2492,3523,0.9804146,Luke,Human,Shipyard,Shayzien Infiltrator,Human,Lizardman Temple
667,973,0.9804142,Cart conductor,Dwarf,White Wolf Mountain,Derni,Dwarf,Keldagrim south-west mine
2106,2218,0.98041415,Jardric,Dwarf,Fossil Island,Kaston,Dwarf,Shayzien
358,2651,0.98041254,Bartender,Human,Seers' Village,Meskhenet,Human,Nardah
2651,3899,0.98041254,Meskhenet,Human,Nardah,Taylor,Human,Farming Guild
2641,3204,0.98041236,Menaphite Leader,Human,Pollnivneach,Raetul,Human,Sophanem
3497,4200,0.98040974,Sergeant Tobyn,Human,Varrock Square,Vigroy,Human,Shilo Village
2485,4410,0.98040783,Lubufu,Human,Brimhaven,Zealot,Human,Abandoned Mine
2822,3400,0.9804078,Nelta of Ranul,,? (edit),Salius,Human,Salvager Overlook
2821,3400,0.98040754,Nelta of Ralos,,? (edit),Salius,Human,Salvager Overlook
666,973,0.9804035,Cart conductor,Dwarf,,Derni,Dwarf,Keldagrim south-west mine
528,2069,0.9804026,Brother Brace,Human,Tutorial Island,Ironman tutor,Human,Tutorial Island
139,2312,0.9804014,Andrea,Human,Port Piscarilius,Lady Crombwick,Human,Slepe
214,4268,0.98039937,Arthur the Clue Hunter,Human,Lumbridge,Wesley,Human,Nardah
722,4439,0.9803989,Charlie,Human,The Grand Tree top floor,Zul-Onan,Human,Zul-Andra
356,2485,0.9803969,Bartender,Human,Yanille,Lubufu,Human,Brimhaven
831,3004,0.9803958,Conrad King,Human,Port Piscarilius,Peasant,Human,Fisher Realm
209,3927,0.98038876,Arnor,Human,Northern Etceteria,Thakkrad Sigmundson,Human,Neitiznot
904,2069,0.98038876,Customer,Human,Keldagrim Library,Ironman tutor,Human,Tutorial Island
2069,2591,0.98038876,Ironman tutor,Human,Tutorial Island,Martha Rehnison,Human,West Ardougne
2069,2316,0.98038876,Ironman tutor,Human,Tutorial Island,Lady Servil,Human,Fight Arena
2069,2222,0.98038876,Ironman tutor,Human,Tutorial Island,Kaylee,Human,Falador
2069,3522,0.98038876,Ironman tutor,Human,Tutorial Island,Shayda,Human,Shayzien
2069,3786,0.98038876,Ironman tutor,Human,Tutorial Island,Squire,Human,Void Knight Outpost
2069,3987,0.98038876,Ironman tutor,Human,Tutorial Island,Tina,Human,Falador
2853,3331,0.98038775,Nkuku,Human,Nardah,Rokuh,Human,Nardah
4351,4410,0.98038626,Wounded soldier,Human,Battlefront,Zealot,Human,Abandoned Mine
3038,3572,0.9803858,Peter,Human,Fossil Island,Shop keeper,Human,Museum Camp
3989,4262,0.9803841,Tindel Marchant,Human,Port Khazard,Well-dressed man,Human,Aldarin
530,3429,0.9803834,Brother Jered,Human,Edgeville Monastery,Sarah,Human,South Falador Farm
1591,3051,0.9803823,Georgie,Human,Varrock,Philipe Carnillean,Human,East Ardougne
207,2575,0.9803804,Arno,Human,Farming Guild,Marius,Human,Burgh de Rott
2553,3585,0.9803787,Man,Human,Hosidius vinery,Shopkeeper,,Civitas illa Fortis
2552,3585,0.9803787,Man,Human,Catacombs of Kourend,Shopkeeper,,Civitas illa Fortis
1074,2677,0.9803785,Drunken Dwarf,Dwarf,Random,Miner,Dwarf,Motherlode Mine
2890,3102,0.9803785,Obli,Human,Shilo Village,Port Official,Human,Port Piscarilius
1907,2693,0.98037803,Hazeel Cultist,Human,Ardougne Sewers,Mishkal'un Dorn,Human,Tunnel of Chaos
2244,3545,0.98037577,Khazard Barman,Human,South-western corner of the Fight Arena,Shipwright Seth,Human,Port Phasmatys
3545,3575,0.98037577,Shipwright Seth,Human,Port Phasmatys,Shop keeper,Human,Port Khazard
1863,3545,0.98037577,Hajedy,Human,Brimhaven,Shipwright Seth,Human,Port Phasmatys
520,2378,0.9803729,Briget,Human,Shayzien,Lenny,Human,North of Prifddinas
836,4200,0.9803721,Cook,Human,Blue Moon Inn,Vigroy,Human,Shilo Village
2632,3263,0.9803693,Meiyerditch miner,Human,Meiyerditch mine,Ref,Human,Warriors' Guild
670,3295,0.9803692,Cassius,Human,South of Mill Lane Mill,Rhonen,Human,Hops patch north of McGrubor's Wood
423,2856,0.9803659,BigRedJapan,Human,Rooftop Agility Courses,Noah,Human,Varrock Square
722,3562,0.98036534,Charlie,Human,The Grand Tree top floor,Shop assistant,Human,Lumbridge
91,1581,0.9803649,Ali the Leaflet Dropper,Human,North of the Al Kharid mine,General Salara,Human,Shayzien
359,1339,0.98035955,Bartender,Human,"North-east of Varrock , nearly in Wilderness",Father Badden,Human,Ruins of Uzer
1543,4046,0.98035836,Gamer,Human,The Rat Pits,Trader Stan,Human,The dock of Port Sarim
1190,2339,0.9803565,Elias White,Human,Jolly Boar Inn,Larry,Human,Falador
3691,4334,0.98035514,Sloane,Human,Warriors' Guild,Woodsman tutor,Human,Lumbridge
1996,3562,0.9803545,Hudon,Human,Baxtorian Falls,Shop assistant,Human,Lumbridge
3407,3562,0.9803545,Sammy Servil,Human,Fight Arena prison,Shop assistant,Human,Lumbridge
2116,3040,0.98035157,Jeed,Human,Emir's Arena,Petra Fiyed,Human,Goblin Cave
2116,2310,0.9803515,Jeed,Human,Emir's Arena,Lacey,Human,Mansion in a faraway island.
737,2116,0.9803515,Cheryl,Human,Port Piscarilius,Jeed,Human,Emir's Arena
1534,2607,0.9803486,Gabooty,Human,Tai Bwo Wannai,Master Navigator,Human,Tutorial Island
999,2666,0.9803436,Disappointed father,Human,Varrock,Miles,Human,Anywhere random events can occur
928,3740,0.98034,Dantaera,Human,Catherby,Sophia Hughes,Human,Kourend Castle
796,977,0.98033774,Cleddyf,Elf,Prifddinas,Derwen,Elf,Prifddinas
2789,4019,0.98033726,Myndill,Dwarf,Keldagrim,Torrell,Human,South of East Ardougne
91,3359,0.98033696,Ali the Leaflet Dropper,Human,North of the Al Kharid mine,Rufus,Human,Civitas illa Fortis
640,4262,0.9803362,Captain Rovin,Human,Varrock Palace,Well-dressed man,Human,Aldarin
639,1914,0.9803342,Captain Rimor,Human,Mount Quidamortem,Head mourner,Elf,West Ardougne
1914,3338,0.98033416,Head mourner,Elf,West Ardougne,Rommik,Human,Rimmington
2116,2233,0.9803326,Jeed,Human,Emir's Arena,Kent,Human,"Unknown island, Witchaven"
2651,3197,0.98033214,Meskhenet,Human,Nardah,Rachael,Human,Burthorpe Games Room
3585,4025,0.98033,Shopkeeper,,Civitas illa Fortis,Tourist,,"Civitas illa Fortis , Aldarin"
3428,4392,0.98032975,Sarah,Human,South Falador Farm,Yrsa,Human,Rellekka
193,749,0.9803289,Arhein,Human,Catherby,Child,,Varlamore
121,1203,0.98032844,Amelia,Human,Farming Guild,Ellen,Human,Myths' Guild
1915,3346,0.98032796,Head Servant,Human,? (edit),Rosie,Human,Farming Guild
858,3051,0.9803238,Councillor Andrews,Human,Kourend Castle,Philipe Carnillean,Human,East Ardougne
1000,3740,0.9803238,Disappointed mother,Human,Varrock,Sophia Hughes,Human,Kourend Castle
2221,2868,0.98032343,Kauayotl,Human,Tal Teklan,Nova,Human,Outside the Tower of Ascension
30,4328,0.9803226,Adala,Human,Villa Lucens,Woman,Human,The Warrens
30,3099,0.9803226,Adala,Human,Villa Lucens,Poor looking woman,Human,Port Piscarilius
148,1488,0.9803214,Anna Jones,Human,North-east of Varrock,Fred the Farmer,Human,Fred's farm
1701,2669,0.9803188,Golova,Human,Hosidius,Millie Miller,Human,Mill Lane Mill
369,3107,0.98031664,Bartender,Human,Lumbridge,Port worker,Human,Port Piscarilius
52,401,0.98031634,Agmundi,Dwarf,Keldagrim,Belona,Dwarf,Mining Guild
332,1784,0.9803159,Bardur,Human,Waterbirth Island Dungeon,Guard,Human,Miscellania market
332,1783,0.9803159,Bardur,Human,Waterbirth Island Dungeon,Guard,Human,Miscellania Castle
1776,1793,0.9803159,Guard,Human,Southern Etceteria,Guard,Human,Rellekka Longhall Bar
332,1776,0.9803159,Bardur,Human,Waterbirth Island Dungeon,Guard,Human,Southern Etceteria
1783,1788,0.9803159,Guard,Human,Miscellania Castle,Guard,Human,Neitiznot
1776,1788,0.9803159,Guard,Human,Southern Etceteria,Guard,Human,Neitiznot
1784,1793,0.9803159,Guard,Human,Miscellania market,Guard,Human,Rellekka Longhall Bar
1783,1793,0.9803159,Guard,Human,Miscellania Castle,Guard,Human,Rellekka Longhall Bar
1784,1788,0.9803159,Guard,Human,Miscellania market,Guard,Human,Neitiznot
1477,3870,0.980312,Francis,Human,Entrana,Swensen the Navigator,Human,Rellekka
207,1914,0.98030984,Arno,Human,Farming Guild,Head mourner,Elf,West Ardougne
2272,3359,0.9803053,Kiyahtla,Human,Tlati Rainforest,Rufus,Human,Civitas illa Fortis
838,4410,0.9803041,Cook,Human,Jolly Boar Inn,Zealot,Human,Abandoned Mine
246,2383,0.9803031,Aurelia,Human,Civitas illa Fortis,Leo,Human,"Bazaar , Civitas illa Fortis"
250,2383,0.9803031,Ava,Human,Civitas illa Fortis,Leo,Human,"Bazaar , Civitas illa Fortis"
516,3390,0.9803011,Brewer,Human,Braindeath Island,Sailor,Human,Port Roberts
516,3393,0.9803011,Brewer,Human,Braindeath Island,Sailor,Human,Cutscene
2652,3882,0.98029786,Messenger,Human,Anywhere,Tanner,Human,Crafting Guild
88,669,0.9802934,Ali the Guard,Human,Al Kharid,Cassim,Human,Uzer Oasis
1018,1257,0.98029184,Dominic Onion,Human,"Nightmare Zone , north of Yanille",Erasmus,Human,Lumbridge
2718,3568,0.9802878,Monk,Human,Lumbridge Swamp,Shop keeper,Human,Al Kharid
534,3568,0.9802878,Brother Omad,Human,Monastery south of Ardougne,Shop keeper,Human,Al Kharid
529,3568,0.9802878,Brother Cedric,Human,East Ardougne,Shop keeper,Human,Al Kharid
532,3568,0.9802878,Brother Kojo,Human,"The Clock Tower , south of Ardougne",Shop keeper,Human,Al Kharid
690,3568,0.9802878,Cave monk,Human,Entrana,Shop keeper,Human,Al Kharid
1344,3568,0.9802878,Father Lawrence,Human,Varrock church,Shop keeper,Human,Al Kharid
56,1206,0.9802876,Aisles,Human,Tai Bwo Wannai,Ellis,Human,Al Kharid
365,3523,0.98028517,Bartender,Human,Bandit Village in the Kharidian Desert,Shayzien Infiltrator,Human,Lizardman Temple
3235,3523,0.98028517,Razmire Keelgan,Human,Mort'ton,Shayzien Infiltrator,Human,Lizardman Temple
837,4200,0.98028386,Cook,Human,Blue Moon Inn,Vigroy,Human,Shilo Village
423,2118,0.9802827,BigRedJapan,Human,Rooftop Agility Courses,Jeff,Human,Varrock
722,2051,0.9802817,Charlie,Human,The Grand Tree top floor,Information clerk,Human,Varrock Museum
3801,3975,0.98028135,Stankers,Dwarf,Coal Trucks,Ticket dwarf,Dwarf,In the train station in Keldagrim
831,4349,0.980281,Conrad King,Human,Port Piscarilius,Worried Baker,Human,Varrock
1345,4351,0.9802785,Father Reen,Human,Al Kharid,Wounded soldier,Human,Battlefront
3321,3691,0.98027825,Robyn,Human,Shayzien,Sloane,Human,Warriors' Guild
214,4119,0.98027796,Arthur the Clue Hunter,Human,Lumbridge,Ulina,Human,Christmas Factory
1962,3851,0.98027706,Hirko,Dwarf,Keldagrim,Supreme Commander,Dwarf,Keldagrim
1221,4262,0.9802768,Emerald Benedict,Human,Rogues' Den,Well-dressed man,Human,Aldarin
3391,3594,0.98027647,Sailor,Human,Red Rock,Sid,Human,Mansion in a faraway island.
2214,3125,0.98027587,Karim,Human,Al Kharid,Priest,Human,East Ardougne
1138,3788,0.9802748,Ed Wood,Human,Digsite,Squire,Human,Void Knights' Outpost
2295,2890,0.98027337,Kortan,Human,East Ardougne,Obli,Human,Shilo Village
1701,3856,0.980272,Golova,Human,Hosidius,Suspect,Human,Evil twin
491,3851,0.98026764,Boot,Dwarf,Dwarven Mines,Supreme Commander,Dwarf,Keldagrim
903,1843,0.98026764,Curufin,Elf,Prifddinas,Gwallter,Elf,Prifddinas
520,3428,0.9802662,Briget,Human,Shayzien,Sarah,Human,South Falador Farm
158,368,0.9802642,Antos,Human,Auburnvale,Bartender,Human,Port Roberts
782,1885,0.98026335,Citizen,Human,Necropolis,Hans,Human,Lumbridge
782,1324,0.9802633,Citizen,Human,Necropolis,Farmer,Human,Groats' farm
2592,3485,0.98026234,Martin Holt,Human,Kingstown,Selim,Human,Al Kharid
349,1767,0.98026115,Bartender,Rabbit,Western Bunbridge,Guard,Rabbit,Eastern Bunbridge
214,3565,0.9802518,Arthur the Clue Hunter,Human,Lumbridge,Shop assistant,Human,Varrock
293,359,0.98025167,Banker,Werewolf,Canifis,Bartender,Human,"North-east of Varrock , nearly in Wilderness"
317,359,0.98025167,Banker,Human,Tutorial Island,Bartender,Human,"North-east of Varrock , nearly in Wilderness"
287,359,0.98025167,Banker,Human,Bank,Bartender,Human,"North-east of Varrock , nearly in Wilderness"
298,359,0.98025167,Banker,Human,Draynor Village,Bartender,Human,"North-east of Varrock , nearly in Wilderness"
359,1520,0.98025167,Bartender,Human,"North-east of Varrock , nearly in Wilderness",Fry,Human,Rabbit Hole
148,919,0.9802488,Anna Jones,Human,North-east of Varrock,Dale,Human,Hosidius
148,1487,0.9802488,Anna Jones,Human,North-east of Varrock,Fred the Farmer,Human,Lumbridge
2385,4269,0.98024166,Lesser Fanatic,Human,Edgeville,Weve,Human,Wyvern Cave
624,3562,0.98024166,Captain Ginea,Human,Shayzien Encampment,Shop assistant,Human,Lumbridge
934,4405,0.98023784,Dark wizard,Human,Port Piscarilius,Zandar Horfyre,Human,Dark Wizards' Tower
2636,4405,0.98023784,Meleti,Human,Library Historical Archive,Zandar Horfyre,Human,Dark Wizards' Tower
643,4248,0.9802373,Captain Shoracks,Gnome,Ape Atoll,Waydar,Gnome,"Secret Hangar , Crash Island"
618,4248,0.9802373,Captain Dalbur,Gnome,Al Kharid,Waydar,Gnome,"Secret Hangar , Crash Island"
629,4248,0.9802373,Captain Klemfoodle,Gnome,Karamja,Waydar,Gnome,"Secret Hangar , Crash Island"
630,4248,0.9802373,Captain Lamdoo,Gnome,Depends on your location,Waydar,Gnome,"Secret Hangar , Crash Island"
635,4248,0.9802373,Captain Ninto,Gnome,White Wolf Tunnel,Waydar,Gnome,"Secret Hangar , Crash Island"
617,4248,0.9802373,Captain Daerkin,Gnome,Emir's Arena,Waydar,Gnome,"Secret Hangar , Crash Island"
623,4248,0.9802373,Captain Errdo,Gnome,Grand Tree,Waydar,Gnome,"Secret Hangar , Crash Island"
1194,2926,0.9802371,Elise,Human,Kourend Castle courtyard,Olivia,Human,Draynor Village
530,4392,0.9802364,Brother Jered,Human,Edgeville Monastery,Yrsa,Human,Rellekka
243,536,0.98023236,Audmann,Dwarf,Keldagrim,Brown Engine Director,Dwarf,Keldagrim
536,1116,0.98023236,Brown Engine Director,Dwarf,Keldagrim,Dwarven Miner,Dwarf,Keldagrim
1255,4349,0.980227,epic mager34,Human,Lumbridge watermill,Worried Baker,Human,Varrock
2215,3125,0.9802242,Karim,Human,Blue Moon Inn,Priest,Human,East Ardougne
311,3562,0.98021877,Banker,Human,Quetzacalli Gorge,Shop assistant,Human,Lumbridge
831,4001,0.9802185,Conrad King,Human,Port Piscarilius,Tom,Human,Christmas Factory
3400,3544,0.9802114,Salius,Human,Salvager Overlook,Shipwright Sennia,Human,Civitas illa Fortis
722,1581,0.9802096,Charlie,Human,The Grand Tree top floor,General Salara,Human,Shayzien
207,577,0.98020536,Arno,Human,Farming Guild,Cabin Boy Herbert,Human,Port Sarim Port Piscarilius
531,2051,0.9802041,Brother Jered,Human,Edgeville Monastery,Information clerk,Human,Varrock Museum
2051,2716,0.9802041,Information clerk,Human,Varrock Museum,Monk,Human,Entrana
3401,4441,0.980204,Salvager,Human,Salvager Overlook,Zuma,Human,Outside Cam Torum . Upstairs in The Teomat (post quest)
1502,2485,0.9802036,Frincos,Human,Entrana,Lubufu,Human,Brimhaven
369,775,0.98020107,Bartender,Human,Lumbridge,Chuck,Human,Realm of Memories
3352,3734,0.980201,Roy jr.,Human,Kourend Woodland,Soldier,Human,The Cloak and Stagger
529,830,0.9802006,Brother Cedric,Human,East Ardougne,Concerned man,Human,Varrock
534,830,0.9802006,Brother Omad,Human,Monastery south of Ardougne,Concerned man,Human,Varrock
690,830,0.9802006,Cave monk,Human,Entrana,Concerned man,Human,Varrock
532,830,0.9802006,Brother Kojo,Human,"The Clock Tower , south of Ardougne",Concerned man,Human,Varrock
830,1344,0.9802006,Concerned man,Human,Varrock,Father Lawrence,Human,Varrock church
830,2718,0.9802006,Concerned man,Human,Varrock,Monk,Human,Lumbridge Swamp
167,704,0.98019934,Apprentice workman,Human,Falador,Ceril Carnillean,Human,East Ardougne
624,2272,0.9801976,Captain Ginea,Human,Shayzien Encampment,Kiyahtla,Human,Tlati Rainforest
2923,3244,0.9801972,Old Man Yarlo,Human,Varrock,Recruiter,Human,West Ardougne
1263,1334,0.9801956,Eric,Human,Jatizso,Farolt,Human,Giants' Den
405,536,0.9801953,Bentamir,Dwarf,Keldagrim,Brown Engine Director,Dwarf,Keldagrim
491,4118,0.9801947,Boot,Dwarf,Dwarven Mines,Ulifed,Dwarf,Keldagrim
918,1746,0.98019373,Dalcian Fang (easy),Human,Burgh de Rott,Grigore,Human,Burgh de Rott
3630,3753,0.98019236,Sir Kuam Ferentse,Human,Temple Knight Training Grounds,Spencer Brentwood,Human,The Zenith
999,2846,0.9801886,Disappointed father,Human,Varrock,Niles,Human,Anywhere random events can occur
999,3066,0.9801886,Disappointed father,Human,Varrock,Piles,Human,Resource Area
2349,2660,0.98018837,Layleen,Human,Tai Bwo Wannai,Mia,Human,Shayzien
1255,1951,0.9801819,epic mager34,Human,Lumbridge watermill,Hickton,Human,Catherby
1763,1784,0.98018146,Gruva Patrull,Human,Jatizso Mine Entrance,Guard,Human,Miscellania market
1763,1783,0.98018146,Gruva Patrull,Human,Jatizso Mine Entrance,Guard,Human,Miscellania Castle
1780,1784,0.98018146,Guard,Human,Jatizso,Guard,Human,Miscellania market
1781,1784,0.98018146,Guard,Human,Jatizso,Guard,Human,Miscellania market
1776,1780,0.98018146,Guard,Human,Southern Etceteria,Guard,Human,Jatizso
1780,1783,0.98018146,Guard,Human,Jatizso,Guard,Human,Miscellania Castle
1776,1781,0.98018146,Guard,Human,Southern Etceteria,Guard,Human,Jatizso
1763,1776,0.98018146,Gruva Patrull,Human,Jatizso Mine Entrance,Guard,Human,Southern Etceteria
1781,1783,0.98018146,Guard,Human,Jatizso,Guard,Human,Miscellania Castle
2493,4012,0.98018134,Lumberjack Leif,Human,Miscellania,Torbrund,Human,Rellekka Longhall Bar
2378,3969,0.9801798,Lenny,Human,North of Prifddinas,Thrander,Human,Realm of Memories
1348,3725,0.98017895,Fayeth,Human,Lumbridge,Soldier,Human,Death Plateau (south)
876,1348,0.98017895,Crafting tutor,Human,Lumbridge Castle,Fayeth,Human,Lumbridge
362,1348,0.98017895,Bartender,Human,Port Sarim,Fayeth,Human,Lumbridge
798,3826,0.9801779,Clerk,Human,Clan Hub,Street urchin,Human,Pollnivneach
1642,2652,0.9801773,Gileth,Human,Tree Gnome Village,Messenger,Human,Anywhere
2460,2652,0.98017704,Lorelai,Human,"Warriors' Guild , basement",Messenger,Human,Anywhere
1026,2652,0.98017704,Donie,Human,North-east of Lumbridge General Store,Messenger,Human,Anywhere
1025,2652,0.98017704,Donie,Human,In and around Lumbridge,Messenger,Human,Anywhere
106,2652,0.98017704,Alrena,Human,East Ardougne,Messenger,Human,Anywhere
3200,3592,0.98017275,Radigad Ponfit,Human,"Myreque Hideout at Canifis , later at Burgh de Rott",Siamun,Human,Sophanem
2069,2230,0.98016804,Ironman tutor,Human,Tutorial Island,Kendall,Human,Great Kourend
2069,2126,0.98016804,Ironman tutor,Human,Tutorial Island,Jess,Human,East Ardougne
340,2069,0.98016804,Barmaid,Human,Falador,Ironman tutor,Human,Tutorial Island
3565,4344,0.98016715,Shop assistant,Human,Varrock,Worker,,Varlamore
3562,3902,0.9801669,Shop assistant,Human,Lumbridge,Tea Seller,Human,Varrock
193,4269,0.9801632,Arhein,Human,Catherby,Weve,Human,Wyvern Cave
113,1260,0.9801631,Alwyn,Elf,Prifddinas,Erestor,Elf,Prifddinas
471,1825,0.9801627,Bob,Human,Lumbridge,Gujuo,Human,Kharazi Jungle
470,1825,0.9801627,Bob,Human,Lumbridge,Gujuo,Human,Kharazi Jungle
3565,3734,0.9801615,Shop assistant,Human,Varrock,Soldier,Human,The Cloak and Stagger
1004,3125,0.9801595,Dock worker,Human,Port Piscarilius,Priest,Human,East Ardougne
1018,2865,0.9801585,Dominic Onion,Human,"Nightmare Zone , north of Yanille",Norman,Human,Falador
1018,1578,0.9801585,Dominic Onion,Human,"Nightmare Zone , north of Yanille",General Hining,Human,Tyras Camp
941,1018,0.9801585,Daryl,Human,Shayzien,Dominic Onion,Human,"Nightmare Zone , north of Yanille"
370,616,0.9801581,Bartender,Human,The Warrens,Captain Cleive,Human,Lizardman Caves
2485,3157,0.98015714,Lubufu,Human,Brimhaven,Protester,Human,Varrock
1860,3636,0.9801562,Hairdresser,Human,Falador,Sir Percival,Human,Fisher Realm
1950,3946,0.98015547,Hewey,Human,Lumbridge Swamp,Theodore Paxton,Human,Red Rock
404,616,0.9801551,Benny,Human,Varrock Square,Captain Cleive,Human,Lizardman Caves
299,1641,0.98015094,Banker,Human,Etceteria,Giles,Human,Anywhere random events can occur
318,3359,0.9801507,Banker,Human,Varrock,Rufus,Human,Civitas illa Fortis
3279,4206,0.98014987,Renata,Human,Outer Fortis,Vincens,Human,Outer Fortis
831,2339,0.98014903,Conrad King,Human,Port Piscarilius,Larry,Human,Falador
2052,4187,0.9801469,Inga,Human,Rellekka,Vermundi,Dwarf,Keldagrim
3040,3561,0.9801467,Petra Fiyed,Human,Goblin Cave,Shop assistant,Human,Falador
2310,3561,0.9801467,Lacey,Human,Mansion in a faraway island.,Shop assistant,Human,Falador
737,3561,0.9801467,Cheryl,Human,Port Piscarilius,Shop assistant,Human,Falador
1641,2923,0.98014593,Giles,Human,Anywhere random events can occur,Old Man Yarlo,Human,Varrock
215,1860,0.9801439,Artima,Human,Civitas illa Fortis,Hairdresser,Human,Falador
1353,2565,0.98014313,Felix,Human,South-west of Tlati Rainforest,Marcus,Human,Auburnvale
2069,3734,0.9801429,Ironman tutor,Human,Tutorial Island,Soldier,Human,The Cloak and Stagger
406,2919,0.9801415,Bernald,Human,Burthorpe,Old Grog,Human,The Pandemonium
91,2069,0.98013914,Ali the Leaflet Dropper,Human,North of the Al Kharid mine,Ironman tutor,Human,Tutorial Island
1502,1894,0.98013794,Frincos,Human,Entrana,Harold Evans,Human,Under Canifis in the original Myreque Hideout
3197,3560,0.98013735,Rachael,Human,Burthorpe Games Room,Shop assistant,Human,Edgeville
2069,3785,0.98013717,Ironman tutor,Human,Tutorial Island,Squire (Veteran),Human,Void Knight Outpost boat
362,782,0.9801343,Bartender,Human,Port Sarim,Citizen,Human,Necropolis
782,3725,0.9801343,Citizen,Human,Necropolis,Soldier,Human,Death Plateau (south)
782,876,0.9801343,Citizen,Human,Necropolis,Crafting tutor,Human,Lumbridge Castle
2586,2781,0.9801331,Marlo,Human,Varrock,Murky Pat,Human,Lady Zay
1998,4003,0.9801297,Hugor,Dwarf,Land's End,Tombar,Dwarf,Keldagrim West
80,445,0.98012954,Alfonse the waiter,Human,Brimhaven,Blaec,Human,Zanaris
354,445,0.98012954,Bartender,Human,Varrock,Blaec,Human,Zanaris
3523,3573,0.9801274,Shayzien Infiltrator,Human,Lizardman Temple,Shop keeper,Human,Lumbridge
2087,3568,0.98012525,Jack,Human,Musa Point or Karamja,Shop keeper,Human,Al Kharid
3431,3947,0.9801252,Sarah,Human,Port Piscarilius,Thessalia,Human,Varrock
1695,4119,0.98011947,Godric,Human,Troll Stronghold prison,Ulina,Human,Christmas Factory
370,2586,0.9801186,Bartender,Human,The Warrens,Marlo,Human,Varrock
1971,3636,0.9801179,Holly,Human,North of Port Sarim,Sir Percival,Human,Fisher Realm
112,3231,0.98011684,Alviss,Dwarf,Miscellania and Etceteria Dungeon,Rauborn,Dwarf,Keldagrim Rat Pits
2111,2207,0.9801167,Jasper,Human,Salvager Overlook,Karaday,Human,Tai Bwo Wannai
3611,3923,0.9801166,Silk trader,Human,Al Kharid,Terry Balando,Human,Exam Centre
288,3573,0.9801161,Banker,Human,Al Kharid,Shop keeper,Human,Lumbridge
423,4001,0.98011243,BigRedJapan,Human,Rooftop Agility Courses,Tom,Human,Christmas Factory
2230,3700,0.9801101,Kendall,Human,Great Kourend,Smithing apprentice,Human,Lumbridge
2126,2980,0.9801101,Jess,Human,East Ardougne,Panning guide,Human,Digsite
2126,2578,0.9801101,Jess,Human,East Ardougne,Mark,Human,Port Piscarilius
1715,2126,0.9801101,Grand Exchange Clerk,Human,Grand Exchange,Jess,Human,East Ardougne
1715,2230,0.9801101,Grand Exchange Clerk,Human,Grand Exchange,Kendall,Human,Great Kourend
2126,3997,0.9801101,Jess,Human,East Ardougne,Toby,Human,Varrock
2230,2980,0.9801101,Kendall,Human,Great Kourend,Panning guide,Human,Digsite
1078,2230,0.9801101,Drunken soldier,Human,The Cloak and Stagger,Kendall,Human,Great Kourend
340,3928,0.9801101,Barmaid,Human,Falador,The 'Wedge',Human,Camelot
340,1078,0.9801101,Barmaid,Human,Falador,Drunken soldier,Human,The Cloak and Stagger
340,2980,0.9801101,Barmaid,Human,Falador,Panning guide,Human,Digsite
1078,2126,0.9801101,Drunken soldier,Human,The Cloak and Stagger,Jess,Human,East Ardougne
340,3997,0.9801101,Barmaid,Human,Falador,Toby,Human,Varrock
2230,2578,0.9801101,Kendall,Human,Great Kourend,Mark,Human,Port Piscarilius
2126,3928,0.9801101,Jess,Human,East Ardougne,The 'Wedge',Human,Camelot
2230,3997,0.9801101,Kendall,Human,Great Kourend,Toby,Human,Varrock
2126,3700,0.9801101,Jess,Human,East Ardougne,Smithing apprentice,Human,Lumbridge
2230,3928,0.9801101,Kendall,Human,Great Kourend,The 'Wedge',Human,Camelot
340,3700,0.9801101,Barmaid,Human,Falador,Smithing apprentice,Human,Lumbridge
340,1715,0.9801101,Barmaid,Human,Falador,Grand Exchange Clerk,Human,Grand Exchange
340,2578,0.9801101,Barmaid,Human,Falador,Mark,Human,Port Piscarilius
900,2448,0.9801084,Curpile Fyod,Human,Mort Myre Swamp,Lord Crombwick,Human,Crombwick Manor
947,1255,0.9801061,David,Human,Fossil Island,epic mager34,Human,Lumbridge watermill
288,3132,0.98010486,Banker,Human,Al Kharid,Prince Ali,Human,Draynor Village jail
445,2973,0.9801024,Blaec,Human,Zanaris,Oziach,Human,Blue Moon Inn
445,2971,0.9801024,Blaec,Human,Zanaris,Oziach,Human,North-west Edgeville
1353,3401,0.98010206,Felix,Human,South-west of Tlati Rainforest,Salvager,Human,Salvager Overlook
1105,1115,0.9801005,Dwarf,Dwarf,"Lumbridge , Groats' Farm",Dwarven Ferryman,Dwarf,Keldagrim
1105,2940,0.9801005,Dwarf,Dwarf,"Lumbridge , Groats' Farm",Ordan,Dwarf,Keldagrim
1105,3301,0.9801005,Dwarf,Dwarf,"Lumbridge , Groats' Farm",Richard Flintmaul,Dwarf,
2750,4425,0.9800967,Most of a Zombie,Zombie,,Zombie Head,Zombie,Lumbridge Swamp
1581,2551,0.9800955,General Salara,Human,Shayzien,Man,Werewolf,Canifis
288,359,0.98009384,Banker,Human,Al Kharid,Bartender,Human,"North-east of Varrock , nearly in Wilderness"
1255,2339,0.98009175,epic mager34,Human,Lumbridge watermill,Larry,Human,Falador
1142,2085,0.9800909,Edward,Human,Around the Rogues' Castle,Jabari,Human,Menaphos
1138,3946,0.9800906,Ed Wood,Human,Digsite,Theodore Paxton,Human,Red Rock
406,3289,0.9800878,Bernald,Human,Burthorpe,Retired sailor,Human,Ruins of Unkah
3139,3969,0.98008573,Prisoner,Human,Haunted Woods,Thrander,Human,Realm of Memories
3536,3969,0.98008573,Shilop,Human,Varrock square,Thrander,Human,Realm of Memories
2156,3983,0.98008466,Jon,Human,Hosidius,Timallus,Human,Ruins of Unkah
364,3778,0.98008454,Bartender,Human,Aldarin,'Squawking' Steve Beanie,Human,The Pandemonium
3298,3403,0.9800837,Richard,Human,Ardougne,Sam,Human,Burthorpe Games Room
2227,3403,0.98008347,Keith,Human,"South-east of the Farming Guild , inside his house .",Sam,Human,Burthorpe Games Room
481,1671,0.98007935,Bolkoy,Gnome,Tree Gnome Village,Gnome shop keeper,Gnome,
193,2492,0.980079,Arhein,Human,Catherby,Luke,Human,Shipyard
1347,1502,0.9800784,Faustus,Human,Aldarin,Frincos,Human,Entrana
2106,4191,0.9800775,Jardric,Dwarf,Fossil Island,Vestri,Dwarf,Near White Wolf Mountain
537,1972,0.9800763,Brown Engine Secretary,Dwarf,Keldagrim,Holoy,Dwarf,Under White Wolf Mountain
1111,1968,0.9800739,Dwarf,Dwarf,Dorgesh-Kaan–Keldagrim train system,Hofuthand (weapons and armour),Dwarf,Grand Exchange
1968,3843,0.9800739,Hofuthand (weapons and armour),Dwarf,Grand Exchange,Sune,Dwarf,Keldagrim
2449,3630,0.9800731,Lord Daquarius,Human,Taverley Dungeon,Sir Kuam Ferentse,Human,Temple Knight Training Grounds
2674,3543,0.9800727,Mine cart driver,Human,Desert Mining Camp,Shipwright Seb,Human,Shipyard
1038,3543,0.9800727,Doug Deeping,Human,Down the north-eastern borehole of the Digsite,Shipwright Seb,Human,Shipyard
935,3557,0.9800727,Darkmeyer Slave,Human,Hallowed Sepulchre,Shipyard Worker,Human,Shipyard
1886,3543,0.9800727,Hans,Human,Al Kharid,Shipwright Seb,Human,Shipyard
1444,3543,0.9800727,Flax keeper,Human,Seers' Village Flax Fields,Shipwright Seb,Human,Shipyard
1444,3557,0.9800727,Flax keeper,Human,Seers' Village Flax Fields,Shipyard Worker,Human,Shipyard
2674,3557,0.9800727,Mine cart driver,Human,Desert Mining Camp,Shipyard Worker,Human,Shipyard
935,3543,0.9800727,Darkmeyer Slave,Human,Hallowed Sepulchre,Shipwright Seb,Human,Shipyard
468,3543,0.9800727,Boar31337Killer,Human,Southern Island of The Node,Shipwright Seb,Human,Shipyard
3141,3543,0.9800727,Prisoner,Human,North Darkmeyer,Shipwright Seb,Human,Shipyard
1038,3557,0.9800726,Doug Deeping,Human,Down the north-eastern borehole of the Digsite,Shipyard Worker,Human,Shipyard
1886,3557,0.9800726,Hans,Human,Al Kharid,Shipyard Worker,Human,Shipyard
3141,3557,0.9800726,Prisoner,Human,North Darkmeyer,Shipyard Worker,Human,Shipyard
468,3557,0.9800726,Boar31337Killer,Human,Southern Island of The Node,Shipyard Worker,Human,Shipyard
722,3429,0.98007166,Charlie,Human,The Grand Tree top floor,Sarah,Human,South Falador Farm
1580,2620,0.9800709,General Kilian,Human,Shayzien,Mazion,Human,Entrana sandpit
831,1951,0.9800691,Conrad King,Human,Port Piscarilius,Hickton,Human,Catherby
4422,4425,0.98006886,Zombie,Zombie,,Zombie Head,Zombie,Lumbridge Swamp
4037,4041,0.98006237,Trader,Dwarf,Trade Octagon,Trader,Dwarf,Trade Octagon
536,1105,0.98006094,Brown Engine Director,Dwarf,Keldagrim,Dwarf,Dwarf,"Lumbridge , Groats' Farm"
209,1490,0.9800589,Arnor,Human,Northern Etceteria,Fremennik Warrior,Human,Rellekka
69,2145,0.98005843,Alan,Human,Farming Guild,Joe,Human,Fight Arena
1058,2145,0.98005843,Dreven,Human,Champions' Guild,Joe,Human,Fight Arena
318,4194,0.980057,Banker,Human,Varrock,Victor,Human,Burgh de Rott
318,2078,0.980057,Banker,Human,Varrock,Ivan,Human,Burgh de Rott
624,2408,0.9800546,Captain Ginea,Human,Shayzien Encampment,Ling,Human,
288,2272,0.980047,Banker,Human,Al Kharid,Kiyahtla,Human,Tlati Rainforest
2057,2522,0.9800445,Ingwion,Elf,Prifddinas,Maeglin,Elf,Prifddinas
1068,2442,0.9800428,Dron,Human,Rellekka,Longhall Bouncer,Human,Rellekka
2314,3560,0.9800397,Lady Keli,Human,Draynor jail,Shop assistant,Human,Edgeville
1894,2526,0.9800384,Harold Evans,Human,Under Canifis in the original Myreque Hideout,Mage of Zamorak,Human,Ourania Cave
1301,4436,0.9800362,Fadli,Human,Emir's Arena,Zul-Areth,Human,Zul-Andra
3146,4037,0.98003554,Private Pierreb,Human,Barbarian Assault outside and near rooms 9 and 10,Trader,Dwarf,Trade Octagon
2535,4037,0.98003554,Major Collect,Human,Barbarian Assault tutorial,Trader,Dwarf,Trade Octagon
831,947,0.9800325,Conrad King,Human,Port Piscarilius,David,Human,Fossil Island
2204,3053,0.9800325,Kanel,Human,Varrock,Philop,Human,Varrock
1971,4344,0.9800317,Holly,Human,North of Port Sarim,Worker,,Varlamore
148,2354,0.9800304,Anna Jones,Human,North-east of Varrock,Lead Navigator,Human,Digsite
148,2943,0.9800304,Anna Jones,Human,North-east of Varrock,Orlando Smith,Human,Varrock Museum
286,1996,0.98003036,Bank guard,Human,Draynor Village,Hudon,Human,Baxtorian Falls
286,3407,0.98003036,Bank guard,Human,Draynor Village,Sammy Servil,Human,Fight Arena prison
1034,3687,0.98002905,Doria,Human,Port Roberts,Slieve,Human,Taverley Dungeon
813,2874,0.98002815,Colonel Grimsson,Dwarf,"Red Axe base, Keldagrim",Nurmof,Dwarf,Dwarven Mines
519,3310,0.9800274,Brian O'Richard,Human,Rogues' Den,Rimae Sirsalis,Human,Lunar Isle
1581,2620,0.9800247,General Salara,Human,Shayzien,Mazion,Human,Entrana sandpit
302,3826,0.9800237,Banker,Human,Hosidius,Street urchin,Human,Pollnivneach
1284,2567,0.9800204,Eve,Human,Taverley Dungeon,Maria Gadderanks,Human,North Darkmeyer
1005,1711,0.98001975,Dockmaster,Human,Port Piscarilius,GPDT employee,Human,East Ardougne
645,1711,0.98001975,Captain Tobias,Human,Port Sarim docks,GPDT employee,Human,East Ardougne
813,3966,0.9800197,Colonel Grimsson,Dwarf,"Red Axe base, Keldagrim",Thorodin,Dwarf,Miscellania and Etceteria Dungeon
1178,2296,0.9800186,Eldgrim,Human,Rellekka Longhall Bar,Koschei the Deathless,Human,? (edit)
2296,2956,0.9800186,Koschei the Deathless,Human,? (edit),Ospak,Human,Rellekka Longhall Bar
2666,2972,0.98001826,Miles,Human,Anywhere random events can occur,Oziach,Human,South of the Edgeville Monastery
1117,2249,0.98001695,Dylan,Dwarf,Christmas Factory,"Khorvak, a dwarven engineer",Dwarf,Under White Wolf Mountain
1117,2163,0.98001695,Dylan,Dwarf,Christmas Factory,Jorzik,Dwarf,Keldagrim
1117,3955,0.9800168,Dylan,Dwarf,Christmas Factory,Thirus,Dwarf ( Imcando-descendant ),Lovakengj
1255,4001,0.98001635,epic mager34,Human,Lumbridge watermill,Tom,Human,Christmas Factory
2008,3851,0.9800142,Hura,Dwarf,Dwarven Mine,Supreme Commander,Dwarf,Keldagrim
240,4112,0.98001385,Aub,Human,Nemus Retreat,Tziuhtla,Human,Kastori
2108,4001,0.9800122,Jarr,Human,Al Kharid,Tom,Human,Christmas Factory
1884,4306,0.98001,Hannibal,,Clan Hall kitchen,Witch's cat,Cat,Underground Pass
1284,2081,0.9800085,Eve,Human,Taverley Dungeon,Ivy Sophista,Human,Taverley
3244,4361,0.98000586,Recruiter,Human,West Ardougne,Xi_plzPetDogz_xiX,Human,South of Edgeville Monastery
113,4386,0.98000205,Alwyn,Elf,Prifddinas,Ymladd,Elf,Prifddinas
