image_path,final_caption
../data/chatheads/1.png,"1337mage43: Human, male, a beard, unnatural hair, a helmet, glasses, found in Unknown"
../data/chatheads/3.png,"1v1 Tournament Guide: Human, female, unnatural hair, glasses, found in Emir's Arena"
../data/chatheads/4.png,"50% Luke: Zombie, male, a mask, glasses, found in Braindeath Island"
../data/chatheads/8.png,"A'abla: Human, female, red hair, a hat, glasses, found in Emir's Arena"
../data/chatheads/9.png,"Abbot Langley: Human, male, a beard, glasses, found in Edgeville Monastery"
../data/chatheads/10.png,"Aberab: Monkey, male, a helmet, glasses, found in Ape Atoll"
../data/chatheads/11.png,"Abidor Crank: Human, male, a beard, found in Temple Trekking"
../data/chatheads/12.png,"Abigaila: Human, female, found in Lumbridge General Store"
../data/chatheads/13.png,"Abigale: Human, female, glasses, found in Lumbridge Swamp"
../data/chatheads/17.png,"Abyssal orphan: Abyssal demon, a goatee, red hair, a helmet, glasses, found in Font of Consumption"
../data/chatheads/19.png,"Abyssal protector: Abyssal creature, a goatee, unnatural hair, a hood, found in Rewards Guardian"
../data/chatheads/21.png,"Academic: Human, female, glasses, found in Grand Museum"
../data/chatheads/22.png,"Acatzin: Human, male, a goatee, a helmet, glasses, found in Tal Teklan , Ground floor of the King's Inn."
../data/chatheads/23.png,"Account Guide: Human, male, a mustache, found in Tutorial Island"
../data/chatheads/24.png,"Account security tutor: Human, male, a goatee, a helmet, glasses, found in Lumbridge"
../data/chatheads/25.png,"Achietties: Human, female, blonde hair, glasses, found in Just outside the Heroes' Guild"
../data/chatheads/26.png,"Achilka: Human, unnatural hair, glasses, found in Tlati Rainforest"
../data/chatheads/27.png,"Achtryn: Demon, male, a goatee, red hair, a hood, glasses, found in Canifis"
../data/chatheads/30.png,"Adala: Human, female, found in Villa Lucens"
../data/chatheads/32.png,"Adrinus: Human, a beard, glasses, found in Auburn Valley"
../data/chatheads/33.png,"Adrius: Human, male, a beard, a mask, glasses, found in Tower of Ascension"
../data/chatheads/34.png,"Adventurer: Human, male, a beard, brown hair, a helmet, glasses, found in Troll kitchen"
../data/chatheads/35.png,"Adventurer (easy): Human, male, a goatee, a helmet, glasses, found in Paterdomus"
../data/chatheads/36.png,"Adventurer Ada: Human, female, red hair, a hat, glasses, found in The Pandemonium"
../data/chatheads/37.png,"Adventurer Jon: Human, male, a beard, brown hair, a helmet, glasses, found in Lumbridge"
../data/chatheads/38.png,"Advisor: Gnome, male, glasses, found in Cutscene"
../data/chatheads/39.png,"Advisor Ghrim: Human, male, a beard, glasses, a cape, found in Miscellania castle"
../data/chatheads/40.png,"Aemad: Human, male, a goatee, found in East Ardougne"
../data/chatheads/41.png,"Aemilia: Human, female, brown hair, glasses, found in Auburnvale"
../data/chatheads/42.png,"Aeonisig Raispher: Human, male, a beard, a helmet, glasses, found in Varrock Palace"
../data/chatheads/43.png,"Afrah: Human, female, a helmet, glasses, found in Emir's Arena"
../data/chatheads/44.png,"Aga: Troll, female, a goatee, red hair, a helmet, glasses, found in Troll Stronghold"
../data/chatheads/45.png,"Agelus: a crown, glasses, found in Ortus Farm"
../data/chatheads/46.png,"Aggie: Human, female, unnatural hair, a hat, glasses, found in Draynor Village"
../data/chatheads/47.png,"Aggie: Human, unnatural hair, a hat, glasses, found in Blue Moon Inn"
../data/chatheads/48.png,"Agility Boss: Werewolf, male, a goatee, a mask, found in Werewolf Agility Course , near Canifis"
../data/chatheads/49.png,"Agility Instructor: Penguin, male, a goatee, a helmet, found in Iceberg"
../data/chatheads/50.png,"Agility Trainer: Werewolf, male, a goatee, a mask, found in Werewolf Agility Course , near Canifis"
../data/chatheads/52.png,"Agmundi: Dwarf, female, found in Keldagrim"
../data/chatheads/53.png,"Agnar: Human, male, a beard, a helmet, glasses, found in Rellekka"
../data/chatheads/54.png,"Ahab: Human, male, glasses, found in Rusty Anchor Inn"
../data/chatheads/56.png,"Aisles: Human, female, glasses, found in Tai Bwo Wannai"
../data/chatheads/57.png,"Aivas: Human, male, a beard, a helmet, glasses"
../data/chatheads/58.png,"Ajjat: Human, male, a beard, glasses, found in Warriors' Guild"
../data/chatheads/59.png,"Ak-Haranu: Human, male, a beard, a helmet, glasses, a cape, found in Port Phasmatys"
../data/chatheads/62.png,"Akrisae: Human, glasses, found in White Knights' Castle"
../data/chatheads/63.png,"Akthanakos: Mahjarrat, male, a goatee, a mask, glasses, found in Enakhra's Temple"
../data/chatheads/64.png,"Al Kharid Camel: Camel, a goatee, red hair, a helmet, glasses"
../data/chatheads/65.png,"Al Shabim: Human, male, a beard, a helmet, glasses, found in Bedabin Camp"
../data/chatheads/66.png,"Al the Camel: Camel, male, a beard, brown hair, a helmet, glasses, found in Al Kharid"
../data/chatheads/67.png,"Alain: Human, male, a beard, found in Taverley"
../data/chatheads/68.png,"Alan: Human, male, found in Blue Moon Inn"
../data/chatheads/69.png,"Alan: Human, male, a goatee, brown hair, found in Farming Guild"
../data/chatheads/70.png,"Alan: Human, male, a beard, found in Tal Teok"
../data/chatheads/71.png,"Alaxxi: Human, glasses, found in Aldarin"
../data/chatheads/72.png,"Alba: Human, female, glasses, found in Ortus Farm"
../data/chatheads/74.png,"Alchemy Guardian: Golem, a hat, glasses, found in Mage Training Arena"
../data/chatheads/75.png,"Alec Kincade: Human, male, a beard, glasses, found in Myths' Guild"
../data/chatheads/76.png,"Aleck: Human, male, a beard, brown hair, glasses, found in Yanille"
../data/chatheads/77.png,"Alek Constantine: Vampyre, male, found in West Darkmeyer"
../data/chatheads/78.png,"Alexander: Human, male, a hat, found in Port Piscarilius"
../data/chatheads/79.png,"Alexandra: Human, female, a hat, glasses, found in Farming Guild"
../data/chatheads/80.png,"Alfonse the waiter: Human, male, a mustache, found in Brimhaven"
../data/chatheads/81.png,"Ali Morrisane: Human, male, a beard, found in Al Kharid"
../data/chatheads/82.png,"Ali the Barman: Human, male, a beard, found in Pollnivneach"
../data/chatheads/83.png,"Ali the Camel: Camel, a goatee, red hair, a crown, glasses, found in Pollnivneach"
../data/chatheads/84.png,"Ali the Camel Man: Human, male, a beard, a hood, glasses, found in Pollnivneach"
../data/chatheads/85.png,"Ali the Carter: Human, male, a beard, found in Nardah"
../data/chatheads/86.png,"Ali the dyer: Human, female, brown hair, a helmet, glasses, found in Pollnivneach"
../data/chatheads/87.png,"Ali the Farmer: Human, male, a beard, a hat, found in Al Kharid"
../data/chatheads/88.png,"Ali the Guard: Human, male, a beard, glasses, found in Al Kharid"
../data/chatheads/89.png,"Ali the Hag: Human, female, a beard, a hood, glasses, a cape, found in Pollnivneach"
../data/chatheads/90.png,"Ali the Kebab seller: Human, male, a beard, a helmet, glasses, found in Pollnivneach"
../data/chatheads/91.png,"Ali the Leaflet Dropper: Human, male, glasses, found in North of the Al Kharid mine"
../data/chatheads/92.png,"Ali the Mayor: Human, male, a beard, glasses, found in Pollnivneach"
../data/chatheads/93.png,"Ali the Operator: Human, male, a helmet, glasses, found in Pollnivneach"
../data/chatheads/94.png,"Ali the Sandsweeper: Human, male, a beard"
../data/chatheads/95.png,"Ali the Smith: Human, male, a beard, found in Al Kharid"
../data/chatheads/96.png,"Ali the Snake Charmer: Human, male, a beard, found in Pollnivneach"
../data/chatheads/97.png,"Ali the Tailor: Human, male, a goatee, a helmet, glasses, found in Al Kharid"
../data/chatheads/98.png,"Ali the Tea Seller: Human, male, a goatee, red hair, found in Uzer Oasis"
../data/chatheads/99.png,"Alice: Human, female, blonde hair, glasses, found in Farm west of Port Phasmatys"
../data/chatheads/100.png,"Alice the Camel: Camel, female, a mustache, a mask, glasses, found in Al Kharid , near Ellis ' tannery"
../data/chatheads/101.png,"Alina: Human, female, found in Varrock Square"
../data/chatheads/102.png,"Allanna: Human, female, found in Farming Guild"
../data/chatheads/103.png,"Almera: Human, female, glasses, found in Baxtorian Falls"
../data/chatheads/106.png,"Alrena: Human, female, brown hair, glasses, found in East Ardougne"
../data/chatheads/107.png,"Alry the Angler: Human, male, a beard, a hat, found in Lake Molch"
../data/chatheads/108.png,"Altarkiz: Human, male, a beard, a hat, glasses, found in Feldip Hills"
../data/chatheads/109.png,"Aluft Gianne: Gnome, male, glasses, found in Grand Tree , 1 st floor [ UK ] 2 nd floor [ US ]"
../data/chatheads/110.png,"Aluft Gianne snr.: Gnome, male, found in Grand Tree , 1 st floor [ UK ] 2 nd floor [ US ]"
../data/chatheads/112.png,"Alviss: Dwarf, male, a beard, glasses, found in Miscellania and Etceteria Dungeon"
../data/chatheads/113.png,"Alwyn: Elf, male, found in Prifddinas"
../data/chatheads/114.png,"Alyssa: Human, female, glasses, found in Kourend Castle"
../data/chatheads/115.png,"Amascut: Feline, female, red hair, glasses, found in Jaltevas Pyramid"
../data/chatheads/116.png,"Ambassador Alvijar: Dwarf, male, a beard, a helmet, glasses, found in North-east Dorgesh-Kaan , 1 st floor [ UK ] 2 nd floor [ US ]"
../data/chatheads/117.png,"Ambassador Ferrnook: Gnome, male, glasses, found in Varrock Palace 1 st floor [ UK ] 2 nd floor [ US ]"
../data/chatheads/118.png,"Ambassador Gimblewap: Gnome, male, glasses, found in Ardougne Castle 1 st floor [ UK ] 2 nd floor [ US ]"
../data/chatheads/119.png,"Ambassador Spanfipple: Gnome, male, glasses, found in White Knights' Castle 1 st floor [ UK ] 2 nd floor [ US ]"
../data/chatheads/120.png,"Amelia: Human, female, found in Shayzien"
../data/chatheads/121.png,"Amelia: Human, female, red hair, glasses, found in Farming Guild"
../data/chatheads/122.png,"Amergin: Human, male, a beard, brown hair, a helmet, glasses, a cape, found in East of the Chaos Druid Tower"
../data/chatheads/123.png,"Ameyalli: Human, female, unnatural hair, a hood, found in Kastori"
../data/chatheads/124.png,"Amma: Tortugan, a hat, glasses, found in The Summer Shore"
../data/chatheads/127.png,"Amos: Human, male, brown hair, found in Port Roberts"
../data/chatheads/128.png,"Amrod: Elf, male, a beard, found in Prifddinas"
../data/chatheads/129.png,"Amy: Human, female, brown hair, a helmet, glasses, found in Falador"
../data/chatheads/130.png,"Ana: Human, female, glasses, found in Desert Mining Camp"
../data/chatheads/131.png,"Ana: Human, female, glasses, found in ? (edit)"
../data/chatheads/132.png,"Anaire: Elf, female, found in Prifddinas"
../data/chatheads/134.png,"Ancient Ghost: Aviansie, a crown, glasses, found in Isle of Souls"
../data/chatheads/135.png,"Ancient monkey: Monkey, a helmet, glasses, found in Ape Atoll"
../data/chatheads/137.png,"Andiess Juip: Human, male, a beard, brown hair, found in Meiyerditch"
../data/chatheads/138.png,"Andras: Human, male, a beard, a mask, glasses, found in North of Port Phasmatys"
../data/chatheads/139.png,"Andrea: Human, female, found in Port Piscarilius"
../data/chatheads/140.png,"Andros Mai: Human, male, a helmet, glasses, found in Ferox Enclave"
../data/chatheads/141.png,"Aneirin: Elf, male, red hair, glasses, found in Prifddinas"
../data/chatheads/142.png,"Angel: Human, female, brown hair, glasses, found in Rimmington"
../data/chatheads/143.png,"Angelo: Human, male, a goatee, found in Hosidius"
../data/chatheads/145.png,"Anita: Gnome, female, a beard, a hood, found in Tree Gnome Stronghold"
../data/chatheads/146.png,"Anleif: Dwarf, female, found in Keldagrim Rat Pits"
../data/chatheads/147.png,"Anna: Human, female, red hair, glasses, found in Sinclair Mansion"
../data/chatheads/148.png,"Anna Jones: Human, female, brown hair, a hat, glasses, found in North-east of Varrock"
../data/chatheads/149.png,"Anne: Human, female, found in Port Sarim"
../data/chatheads/150.png,"Anne Isaakson: Human, female, glasses, found in Neitiznot"
../data/chatheads/151.png,"Annette: Merfolk, female, glasses, found in Underwater"
../data/chatheads/152.png,"Annie: Human, female, red hair, a crown, found in Blue Moon Inn"
../data/chatheads/154.png,"Anti-Santa: Undead, male, a beard, a mask, glasses, found in Outside Falador Party Room"
../data/chatheads/155.png,"Anton: Human, male, a beard, glasses, found in Warriors' Guild"
../data/chatheads/156.png,"Antonia: Human, female, found in Sunset Coast , Aldarin"
../data/chatheads/157.png,"Antonius: Human, male, a beard, brown hair, a helmet, glasses, found in Moonrise Brewery and Winery"
../data/chatheads/158.png,"Antos: Human, male, glasses, found in Auburnvale"
../data/chatheads/159.png,"Anwen: Elf, female, a goatee, a helmet, glasses, found in Prifddinas"
../data/chatheads/160.png,"Apmeken: Baboon, female, a goatee, a mask, glasses, found in Jaltevas Pyramid"
../data/chatheads/161.png,"Apothecary: Human, male, a beard, glasses, found in Varrock"
../data/chatheads/162.png,"Apprentice: Human, female, glasses, found in South-east corner of Al Kharid"
../data/chatheads/163.png,"Apprentice (medium): Human, male, a beard, unnatural hair, a hat, found in Paterdomus"
../data/chatheads/164.png,"Apprentice Cordelia: Human, female, unnatural hair, found in Wizards' Tower"
../data/chatheads/165.png,"Apprentice Felix: Human, male, a goatee, a hat, glasses, found in Wizards' Tower"
../data/chatheads/166.png,"Apprentice Tamara: Human, female, unnatural hair, a hat, glasses, found in Wizards' Tower"
../data/chatheads/167.png,"Apprentice workman: Human, male, brown hair, glasses, found in Falador"
../data/chatheads/168.png,"Arancini: Araxyte, a goatee, a hat, wings, found in Morytania Spider Cave"
../data/chatheads/169.png,"Aranwe: Elf, male, glasses, found in Prifddinas"
../data/chatheads/172.png,"arc_test_01: Human, a mustache, a hat, a cape"
../data/chatheads/173.png,"Archeio: Human, male, a mustache, a hat, found in Arceuus Library"
../data/chatheads/174.png,"Archer: Human, female, brown hair, glasses, found in Lumbridge Swamp"
../data/chatheads/177.png,"Archmage Sedridor: Human, male, a beard, brown hair, a hat, found in Wizards' Tower"
../data/chatheads/178.png,"Archpriest of the Unicorn: Ghost, a helmet, glasses, a cape, found in Hallowed Sepulchre"
../data/chatheads/179.png,"Arcis: Human, female, a goatee, unnatural hair, a hat, found in Arceuus"
../data/chatheads/180.png,"Arcuani: Human, male, glasses, found in Tal Teklan"
../data/chatheads/181.png,"Aredhel: Elf, female, red hair, found in Prifddinas"
../data/chatheads/182.png,"Arena Guard Beni: Human, female, found in Emir's Arena"
../data/chatheads/183.png,"Arena Guard Drakno: Human, female, brown hair, glasses, found in Emir's Arena"
../data/chatheads/184.png,"Arena Guard Fawry: Human, male, a beard, found in Emir's Arena"
../data/chatheads/185.png,"Arena Guard Fronk: Human, male, a beard, glasses, found in Emir's Arena"
../data/chatheads/186.png,"Arena Guard Joby: Human, male, a goatee, unnatural hair, a crown, glasses, found in Emir's Arena"
../data/chatheads/187.png,"Arena Guard Nikkolas: Human, male, red hair, glasses, found in Emir's Arena"
../data/chatheads/188.png,"Arena Guard Rachi: Human, female, glasses, found in Emir's Arena"
../data/chatheads/189.png,"Arena Guard Yon: Human, female, red hair, glasses, found in Emir's Arena"
../data/chatheads/190.png,"Aretha: Human, female, a goatee, unnatural hair, a hat, a cape, found in Soul Altar"
../data/chatheads/191.png,"Argenthorg: Gnome, male, glasses, found in Cutscene"
../data/chatheads/192.png,"Argo: Tortugan, a hat, glasses, found in Anglers' Retreat"
../data/chatheads/193.png,"Arhein: Human, male, found in Catherby"
../data/chatheads/194.png,"Arianwyn: Elf, male, brown hair, a hood, found in Lletya"
../data/chatheads/195.png,"Aris: Human, female, a beard, found in Varrock centre"
../data/chatheads/196.png,"Aristarchus: Human, male, a beard, a helmet, glasses, found in Southern Pollnivneach"
../data/chatheads/197.png,"Armod: Human, male, black hair, found in Miscellania and Etceteria Dungeon"
../data/chatheads/198.png,"Armour salesman: Human, male, unnatural hair, a hood, found in Ranging Guild"
../data/chatheads/200.png,"Armourer (tier 1): Dwarf, female, found in Lovakengj"
../data/chatheads/201.png,"Armourer (tier 2): Dwarf, male, a beard, found in Lovakengj"
../data/chatheads/202.png,"Armourer (tier 3): Dwarf, female, a beard, a helmet, glasses, found in Lovakengj"
../data/chatheads/203.png,"Armourer (tier 4): Dwarf, male, a beard, found in Lovakengj"
../data/chatheads/204.png,"Armourer (tier 5): Dwarf, female, a beard, glasses, found in Lovakengj"
../data/chatheads/205.png,"Army Commander: Penguin, male, a goatee, a hat, found in Penguin agility course"
../data/chatheads/206.png,"Arnkel: Human, male, a goatee, blonde hair, found in Sunset Coast"
../data/chatheads/207.png,"Arno: Human, male, a beard, glasses, found in Farming Guild"
../data/chatheads/208.png,"Arnold Lydspor: Human, male, a mustache, glasses, found in Piscatoris Fishing Colony"
../data/chatheads/209.png,"Arnor: Human, male, a beard, a helmet, glasses, found in Northern Etceteria"
../data/chatheads/210.png,"Arrav: Undead, a beard, a helmet, glasses, found in Zemouregal's Base"
../data/chatheads/211.png,"Arsen the Thief: Human, male, a beard, red hair, found in Corsair Cove"
../data/chatheads/213.png,"Art Critic Jacques: Human, male, a goatee, glasses, found in Varrock Museum"
../data/chatheads/214.png,"Arthur the Clue Hunter: Human, male, a goatee, found in Lumbridge"
../data/chatheads/215.png,"Artima: Human, female, glasses, found in Civitas illa Fortis"
../data/chatheads/216.png,"Artimeus: Human, male, a goatee, brown hair, a hood, glasses, found in Nardah"
../data/chatheads/217.png,"Artur Hosidius: Human, male, found in Crabclaw Caves (during quest), Hosidius"
../data/chatheads/218.png,"Arvel: Elf, female, a goatee, brown hair, glasses, found in Lletya"
../data/chatheads/219.png,"Arzinian Being of Bordanzan: Demon, a goatee, a helmet, glasses, found in Dondakan's mine"
../data/chatheads/220.png,"Asgarnia Smith: Human, male, a goatee, a hat, found in Bedabin Camp"
../data/chatheads/222.png,"Ashild: Human, female, found in Etceteria"
../data/chatheads/223.png,"Ashuelot Reis: Ghost, female, glasses, found in Ancient Prison"
../data/chatheads/224.png,"Askeladden: Human, male, a goatee, a helmet, glasses, found in Rellekka"
../data/chatheads/226.png,"Assassin: male, a beard, a hood, glasses, found in Entrana"
../data/chatheads/227.png,"Assassin: Human, male, a beard, a hood, glasses, found in Kourend Castle"
../data/chatheads/228.png,"Assistant: Dwarf, female, red hair, found in Keldagrim Library"
../data/chatheads/229.png,"Assistant Brock: Human, male, a mustache, glasses, found in Crafting Guild"
../data/chatheads/230.png,"Assistant Le Smith: Gnome, male, a beard, a hood, found in Tree Gnome Stronghold"
../data/chatheads/231.png,"Assistant Lori: Gnome, male, a beard, a hood, found in Grand Tree"
../data/chatheads/232.png,"Assistant Marrow: Human, male, a beard, brown hair, found in Castle Wars"
../data/chatheads/233.png,"Assistant Serf: Human, male, brown hair, found in Varrock"
../data/chatheads/234.png,"Assistant Stan: Human, male, a beard, glasses, found in Taverley"
../data/chatheads/235.png,"Asteros Arceuus: Human, male, a goatee, unnatural hair, a hood, a cape, found in Tower of Magic"
../data/chatheads/236.png,"Asyff: Human, male, a goatee, a helmet, glasses, found in Varrock"
../data/chatheads/237.png,"Atlas: Human, male, a goatee, a helmet, glasses, found in Barbarian Village"
../data/chatheads/238.png,"Attala: Dwarf, female, a beard, glasses, found in Cam Torum"
../data/chatheads/239.png,"Atza: Human, female, found in Outer Fortis"
../data/chatheads/240.png,"Aub: Human, female, unnatural hair, found in Nemus Retreat"
../data/chatheads/241.png,"Aubury: Human, male, a beard, glasses, found in Varrock"
../data/chatheads/242.png,"Auctioneer: Vampyre, male, a goatee, a mask, found in West Darkmeyer"
../data/chatheads/243.png,"Audmann: Dwarf, male, a beard, found in Keldagrim"
../data/chatheads/244.png,"Auguste: Human, male, found in Entrana"
../data/chatheads/245.png,"Aurel: Human, male, a beard, brown hair, found in Burgh de Rott"
../data/chatheads/246.png,"Aurelia: Human, female, brown hair, glasses, found in Civitas illa Fortis"
../data/chatheads/247.png,"Austri: Dwarf, male, a beard, found in Taverley"
../data/chatheads/249.png,"Ava: Human, female, a goatee, glasses, found in Draynor Manor"
../data/chatheads/250.png,"Ava: Human, female, brown hair, glasses, found in Civitas illa Fortis"
../data/chatheads/254.png,"Aven: Human, female, unnatural hair, a cape, found in Body Altar"
../data/chatheads/255.png,"Avinia: Human, female, black hair, found in Stonecutter Outpost"
../data/chatheads/256.png,"Awowogei: Monkey, male, glasses, found in Lumbridge Castle ground floor [ UK ] 1 st floor [ US ]"
../data/chatheads/257.png,"Awowogei: Monkey, male, glasses, found in Lumbridge Castle ground floor [ UK ] 1 st floor [ US ]"
../data/chatheads/258.png,"Awusah the Mayor: Human, male, a beard, glasses, found in Nardah"
../data/chatheads/259.png,"Aya: Human, female, blonde hair, found in Burthorpe"
../data/chatheads/260.png,"Ayesha: Human, female, glasses, found in Al Kharid"
../data/chatheads/261.png,"Azzanadra: Mahjarrat, male, a goatee, a mask, a cape, found in Ancient Pyramid"
../data/chatheads/263.png,"Baba Yaga: Human, female, a hat, glasses, found in Lunar Isle"
../data/chatheads/264.png,"Baby Chinchompa: Chinchompa, a goatee, a helmet, glasses, found in Hunting chinchompas"
../data/chatheads/267.png,"Baby Mole: Mole, a beard, a helmet, glasses, found in Giant Mole"
../data/chatheads/271.png,"Bailey: Human, male, a beard, found in Fishing Platform , 1 st floor [ UK ] 2 nd floor [ US ] in a room"
../data/chatheads/272.png,"Baker: Human, male, a goatee, a helmet, found in Ardougne Market"
../data/chatheads/273.png,"Baker: Human, a helmet, glasses, found in Bazaar"
../data/chatheads/274.png,"Bakuna: Basilisk, a beard, a helmet, glasses, found in Island of Stone"
../data/chatheads/276.png,"Ball boy: Gnome, male, a beard, a hood, found in Al Kharid , Brimhaven , Catherby beach"
../data/chatheads/280.png,"Guard: Human, male, a beard, a helmet, glasses, found in Varrock"
../data/chatheads/281.png,"Bandit: Human, male, a beard, a helmet, glasses, found in The Big Heist Lodge"
../data/chatheads/282.png,"Bandit Leader: Human, male, a beard, found in Pollnivneach"
../data/chatheads/283.png,"Bandit shopkeeper: Human, male, a helmet, glasses, found in Khadarian Bandit Camp"
../data/chatheads/284.png,"Banisoch: Human, female, a mask, found in West of Tai Bwo Wannai"
../data/chatheads/285.png,"Bank buffalo: Buffalo, a goatee, a mask, found in Hunter Guild"
../data/chatheads/286.png,"Bank guard: Human, male, found in Draynor Village"
../data/chatheads/287.png,"Banker: Human, male, found in Bank"
../data/chatheads/288.png,"Banker: Human, male, glasses, found in Al Kharid"
../data/chatheads/289.png,"Banker: Human, male, a goatee, a hat, found in Arceuus"
../data/chatheads/290.png,"Banker: Human, female, glasses, found in Auburnvale"
../data/chatheads/291.png,"Banker: Human, a goatee, glasses, found in Bank boat"
../data/chatheads/292.png,"Banker: Dwarf, male, a beard, found in Cam Torum"
../data/chatheads/293.png,"Banker: Werewolf, male, found in Canifis"
../data/chatheads/294.png,"Banker: Human, male, glasses, found in Civitas illa Fortis"
../data/chatheads/295.png,"Banker: Human, male, a goatee, a helmet, glasses, found in Clan Hall"
../data/chatheads/296.png,"Banker: Vampyre, female, glasses, found in Darkmeyer"
../data/chatheads/297.png,"Banker: Dorgeshuun, male, a mask, glasses, found in Dorgesh-Kaan"
../data/chatheads/298.png,"Banker: Human, male, found in Draynor Village"
../data/chatheads/299.png,"Banker: Human, male, a goatee, found in Etceteria"
../data/chatheads/300.png,"Banker: Human, female, brown hair, found in Farming Guild"
../data/chatheads/301.png,"Banker: Human, male, a beard, a helmet, glasses, found in Ferox Enclave"
../data/chatheads/302.png,"Banker: Human, male, glasses, found in Hosidius"
../data/chatheads/303.png,"Banker: Imcando dwarf, a mustache, found in Hunter Guild"
../data/chatheads/304.png,"Banker: Dwarf, female, found in Keldagrim"
../data/chatheads/305.png,"Banker: Elf, male, a beard, found in Lletya"
../data/chatheads/306.png,"Banker: Dwarf, female, glasses, found in Lovakengj"
../data/chatheads/307.png,"Banker: Dwarf, male, a beard, a helmet, found in Mistrock"
../data/chatheads/308.png,"Banker: Human, male, a helmet, glasses, found in Mos Le'Harmless"
../data/chatheads/309.png,"Banker: Human, female, a helmet, glasses, found in Port Piscarilius"
../data/chatheads/310.png,"Banker: Elf, male, a beard, found in Prifddinas"
../data/chatheads/311.png,"Banker: Human, male, glasses, found in Quetzacalli Gorge"
../data/chatheads/312.png,"Banker: Human, male, a beard, glasses, found in Shayzien"
../data/chatheads/313.png,"Banker: Human, male, glasses, found in Shilo Village"
../data/chatheads/314.png,"Banker: Human, male, a goatee, glasses, found in Sophanem"
../data/chatheads/315.png,"Banker: Human, female, glasses, found in Tal Teklan"
../data/chatheads/316.png,"Banker: Tortugan, a helmet, glasses, found in The Summer Shore"
../data/chatheads/317.png,"Banker: Human, male, found in Tutorial Island"
../data/chatheads/318.png,"Banker: Human, male, glasses, found in Varrock"
../data/chatheads/319.png,"Banker: Vampyre, female, glasses, found in Ver Sinhaza"
../data/chatheads/320.png,"Banker: Fairy, female, found in Zanaris"
../data/chatheads/321.png,"Banker tutor: Human, female, brown hair, glasses, found in Lumbridge Castle ( 2 nd floor [ UK ] 3 rd floor [ US ] bank)"
../data/chatheads/322.png,"Banknote Exchange Merchant: Human, male, a beard, found in Pollnivneach"
../data/chatheads/323.png,"Baraek: Human, male, a beard, found in Varrock Square"
../data/chatheads/324.png,"Barb: Human, female, a goatee, unnatural hair, glasses"
../data/chatheads/326.png,"Barbara: Human, female, found in Hosidius"
../data/chatheads/327.png,"Barbarian: Human, female, brown hair, glasses, found in Varrock"
../data/chatheads/328.png,"Barbarian: Human, brown hair, glasses, found in Blue Moon Inn"
../data/chatheads/329.png,"Barbarian bartender: Human, male, a beard, brown hair, a hat, glasses, found in The Nutcracker"
../data/chatheads/330.png,"Barbarian guard: Human, male, a goatee, a mask, glasses, found in Barbarian Outpost"
../data/chatheads/331.png,"Bard: Human, female, red hair, found in East of Ralos' Rise"
../data/chatheads/332.png,"Bardur: Human, male, a beard, a helmet, glasses, found in Waterbirth Island Dungeon"
../data/chatheads/333.png,"Barfy Bill: Human, male, a beard, brown hair, found in Lumbridge"
../data/chatheads/334.png,"Barge foreman: Human, male, glasses, found in Digsite barge"
../data/chatheads/335.png,"Barge guard: Human, male, brown hair, a hat, glasses, found in Digsite barge"
../data/chatheads/336.png,"Barge workman: Human, male, glasses, found in Digsite barge"
../data/chatheads/337.png,"Barker: Werewolf, male, a goatee, red hair, a helmet, found in Canifis"
../data/chatheads/338.png,"Barlak: Dorgeshuun, male, a hat, glasses, found in Dorgesh-Kaan"
../data/chatheads/339.png,"Barmaid: Dwarf, female, found in Keldagrim east"
../data/chatheads/340.png,"Barmaid: Human, female, found in Falador"
../data/chatheads/341.png,"Barman: Gnome, male, found in • The 1 st floor [ UK ] 2 nd floor [ US ] of the Grand Tree . • East of the Gnomeball Field"
../data/chatheads/342.png,"Barman: Dwarf, male, a beard, glasses, found in West Keldagrim"
../data/chatheads/343.png,"Barman: Human, male, a goatee, a hat, found in Rat Pits in • Port Sarim • Varrock"
../data/chatheads/345.png,"Barnabus Hurma: Human, male, glasses, found in Varrock Museum"
../data/chatheads/346.png,"Baron: Demon, a goatee, a mask, found in Duke Sucellus"
../data/chatheads/348.png,"Bartak: Dorgeshuun, male, a mask, glasses, found in Dorgesh-Kaan"
../data/chatheads/349.png,"Bartender: Rabbit, a crown, glasses, found in Western Bunbridge"
../data/chatheads/350.png,"Bartender: Human, a beard, found in Blue Moon Inn"
../data/chatheads/351.png,"Bartender: Human, female, brown hair, found in Outer Fortis"
../data/chatheads/352.png,"Bartender: Human, male, brown hair, glasses, found in Auburn Pub"
../data/chatheads/353.png,"Bartender: Human, male, a beard, found in Varrock"
../data/chatheads/354.png,"Bartender: Human, male, a mustache, found in Varrock"
../data/chatheads/355.png,"Bartender: Human, male, a goatee, a helmet, glasses, found in Brimhaven"
../data/chatheads/356.png,"Bartender: Human, male, a beard, found in Yanille"
../data/chatheads/357.png,"Bartender: Human, male, a beard, brown hair, glasses, found in East Ardougne"
../data/chatheads/358.png,"Bartender: Human, male, a beard, brown hair, glasses, found in Seers' Village"
../data/chatheads/359.png,"Bartender: Human, male, a beard, glasses, found in North-east of Varrock , nearly in Wilderness"
../data/chatheads/360.png,"Bartender: Human, male, glasses, found in Nemus Retreat"
../data/chatheads/361.png,"Bartender: Human, male, a beard, found in ? (edit)"
../data/chatheads/362.png,"Bartender: Human, male, brown hair, glasses, found in Port Sarim"
../data/chatheads/363.png,"Bartender: Dwarf, female, a goatee, brown hair, found in Mistrock"
../data/chatheads/364.png,"Bartender: Human, male, a beard, a helmet, glasses, found in Aldarin"
../data/chatheads/365.png,"Bartender: Human, male, a beard, found in Bandit Village in the Kharidian Desert"
../data/chatheads/366.png,"Bartender: Human, male, a beard, a helmet, glasses, found in Civitas illa Fortis"
../data/chatheads/367.png,"Bartender: Dwarf, female, a goatee, blonde hair, found in Cam Torum"
../data/chatheads/368.png,"Bartender: Human, male, glasses, found in Port Roberts"
../data/chatheads/369.png,"Bartender: Human, male, a beard, found in Lumbridge"
../data/chatheads/370.png,"Bartender: Human, male, a beard, brown hair, glasses, found in The Warrens"
../data/chatheads/371.png,"Bartender: Human, female, brown hair, a helmet, glasses, found in Quetzacalli Gorge"
../data/chatheads/372.png,"Barus: Dwarf, male, a beard, found in Lovakengj"
../data/chatheads/373.png,"Bast: Human, male, found in Great Kourend"
../data/chatheads/378.png,"Bearded gorilla: Monkey, a helmet, glasses, found in Ape Atoll"
../data/chatheads/379.png,"The Beast: Cat, male, a helmet, found in Keldagrim"
../data/chatheads/380.png,"Beaver: a goatee, a helmet, glasses, found in Woodcutting"
../data/chatheads/381.png,"Beaver: a mustache, glasses, found in ? (edit)"
../data/chatheads/382.png,"Beaver: a mustache, glasses, found in ? (edit)"
../data/chatheads/383.png,"Beaver: a mustache, glasses, found in Woodcutting"
../data/chatheads/384.png,"Bedabin Nomad: Human, male, a helmet, glasses, found in Bedabin Camp"
../data/chatheads/385.png,"Bedabin Nomad Guard: Human, male, a beard, a helmet, glasses, found in Bedabin Camp"
../data/chatheads/386.png,"Bedread the bold: Human, male, a beard, glasses, found in Pirates' Cove"
../data/chatheads/387.png,"Bee keeper: Human, male, a beard, a helmet, found in Beekeeper random event"
../data/chatheads/388.png,"Bee keeper: Human, a beard, a helmet, glasses, found in Forestry events"
../data/chatheads/390.png,"'Beedy-eye' Jones: Human, male, a beard, a hat, glasses, found in Pirates' Cove"
../data/chatheads/391.png,"Beef: a goatee, a hat, glasses, found in Brutus"
../data/chatheads/392.png,"'Beefy' Burns: Human, male, a beard, a helmet, glasses, found in Pirates' Cove"
../data/chatheads/395.png,"Beggar: Human, male, a beard, glasses, found in Outside Grum's Gold Exchange"
../data/chatheads/396.png,"Beigarth: Human, male, blonde hair, found in Miscellania and Etceteria Dungeon"
../data/chatheads/397.png,"Beite: Cat, a mask"
../data/chatheads/398.png,"Bella Le Bowle: Human, female, red hair, found in Rabbit Hole"
../data/chatheads/399.png,"Belle: Human, female, brown hair, glasses, found in ? (edit)"
../data/chatheads/400.png,"Bellemorde: Cat, female, a mask, found in Port Sarim"
../data/chatheads/401.png,"Belona: Dwarf, female, found in Mining Guild"
../data/chatheads/403.png,"Benjamin: Human, male, found in East of Burgh de Rott"
../data/chatheads/404.png,"Benny: Human, male, a beard, glasses, found in Varrock Square"
../data/chatheads/405.png,"Bentamir: Dwarf, male, a beard, found in Keldagrim"
../data/chatheads/406.png,"Bernald: Human, male, a beard, found in Burthorpe"
../data/chatheads/407.png,"Bernard: Human, male, a beard, brown hair, a hat, found in The Proudspire"
../data/chatheads/408.png,"Bernard: Human, male, a goatee, found in ? (edit)"
../data/chatheads/409.png,"Berry: Human, male, unnatural hair, glasses, found in Hosidius"
../data/chatheads/410.png,"Bert: Human, male, brown hair, glasses, found in Yanille"
../data/chatheads/411.png,"Bethan: Human, female, a hat, glasses, found in Blue Moon Inn"
../data/chatheads/412.png,"Betty: Human, female, found in Port Sarim"
../data/chatheads/413.png,"Betty: Human, female"
../data/chatheads/414.png,"'Betty' B.Boppin: Human, male, a helmet, glasses, found in Lady Zay"
../data/chatheads/415.png,"Beverly: Human, female, brown hair, a helmet, glasses, found in Varrock"
../data/chatheads/416.png,"Biblia: Human, female, a goatee, a hat, a cape, found in Arceuus Library"
../data/chatheads/417.png,"Big Dave: Human, male, a beard, brown hair, a hat, glasses, found in Hemenster"
../data/chatheads/418.png,"Big Dave: Human, male, a beard, brown hair, a hat, glasses, found in Al Kharid"
../data/chatheads/420.png,"Big Fish: Mahjarrat, male, a goatee, a mask, glasses, found in Weiss"
../data/chatheads/421.png,"Big Mo: Human, male, a goatee, a helmet, found in See locations , Realm of Memories"
../data/chatheads/423.png,"BigRedJapan: Human, male, a beard, glasses, found in Rooftop Agility Courses"
../data/chatheads/424.png,"Biles: Human, male, a goatee, a crown, found in Tear of the Soul"
../data/chatheads/425.png,"Bill: Human, male, glasses, found in Varrock"
../data/chatheads/426.png,"Bill Teach: Human, male, found in Port Phasmatys / The Other Inn"
../data/chatheads/427.png,"Billam: Dwarf, male, a beard, a helmet, glasses, found in Christmas Factory"
../data/chatheads/429.png,"Billy Rehnison: Human, male, glasses, found in West Ardougne"
../data/chatheads/430.png,"Billy, a guard of Falador: Human, male, a goatee, a helmet, glasses, found in North Falador (cutscene)"
../data/chatheads/431.png,"'Birds-Eye' Jack: Human, male, a beard, glasses, found in Pirates' Cove"
../data/chatheads/432.png,"Bjorn: Human, male, a beard, a mask, found in Rellekka Longhall Bar"
../data/chatheads/433.png,"Black Cat: Cat, a mask, found in Black Knights' Fortress"
../data/chatheads/435.png,"Black Guard: Dwarf, male, a beard, a helmet, glasses, found in Keldagrim"
../data/chatheads/436.png,"Black Knight Captain: Human, male, a mustache, found in Black Knights' Fortress"
../data/chatheads/440.png,"'Black-eye': Human, male, a hat, found in Tower of Life"
../data/chatheads/441.png,"Blackjack seller: Human, male, a beard, found in Pollnivneach"
../data/chatheads/442.png,"Blacksmith, found in Civitas illa Fortis"
../data/chatheads/443.png,"Blacksmith: Dwarf, a beard, brown hair, found in Cam Torum"
../data/chatheads/444.png,"Blacksmith: glasses, found in Tal Teklan"
../data/chatheads/445.png,"Blaec: Human, male, a beard, found in Zanaris"
../data/chatheads/446.png,"Blair: Human, male, glasses, found in Shayzien"
../data/chatheads/447.png,"Blandebir: Dwarf, male, a beard, found in Keldagrim"
../data/chatheads/448.png,"Blanin: Human, male, a beard, red hair, glasses, found in Rellekka"
../data/chatheads/449.png,"Blasidar the sculptor: Dwarf, male, a beard, found in East Keldagrim"
../data/chatheads/450.png,"Blast Furnace Foreman: Dwarf, male, a beard, a helmet, glasses, found in Keldagrim"
../data/chatheads/452.png,"Blenny: Human, male, glasses"
../data/chatheads/456.png,"Bloodhound: Dog, a hat, glasses, found in Master Treasure Trails"
../data/chatheads/461.png,"Blue Monkey: Monkey, a helmet, glasses, found in Trouble Brewing"
../data/chatheads/462.png,"Blue Opal Director: Dwarf, male, a mustache, glasses, found in Keldagrim"
../data/chatheads/463.png,"Blue Opal Secretary: Dwarf, male, a beard, found in Keldagrim"
../data/chatheads/467.png,"Blurberry: Gnome, male, found in 1 st floor [ UK ] 2 nd floor [ US ] of the Grand Tree"
../data/chatheads/468.png,"Boar31337Killer: Human, male, brown hair, glasses, found in Southern Island of The Node"
../data/chatheads/470.png,"Bob: Human, male, glasses, found in Lumbridge"
../data/chatheads/471.png,"Bob: Human, male, glasses, found in Lumbridge"
../data/chatheads/472.png,"Bob: Cat, male, a mask, found in Asgarnia , spawns at Burthorpe"
../data/chatheads/474.png,"Bob: Human, male, brown hair, a helmet, glasses, found in Varrock"
../data/chatheads/475.png,"Bob: Human, male, a beard, red hair, glasses, found in Sinclair Mansion"
../data/chatheads/476.png,"Bob Barter (herbs): Human, male, a beard, a helmet, glasses, found in Grand Exchange"
../data/chatheads/477.png,"Bob, another guard of Falador: Human, male, a beard, brown hair, glasses, found in North Falador gate (cutscene)"
../data/chatheads/478.png,"Bobawu: Monkey, male, a mask, glasses, found in Ape Atoll Agility Course"
../data/chatheads/480.png,"Bobby: Gnome child, male, found in ? (edit)"
../data/chatheads/481.png,"Bolkoy: Gnome, male, found in Tree Gnome Village"
../data/chatheads/482.png,"Bologa: Human, female, brown hair, glasses, found in Tithe Farm"
../data/chatheads/483.png,"Bolongo: Gnome, male, a beard, a hood, glasses, found in Tree Gnome Stronghold"
../data/chatheads/484.png,"Bonafido: Human, male, a beard, a hat, glasses, found in Tower of Life , south of Ardougne"
../data/chatheads/485.png,"Boneguard: Skeleton, a goatee, a helmet, glasses, found in Enakhra's Temple"
../data/chatheads/486.png,"Bones: Cat, male, a mask, found in East Ardougne"
../data/chatheads/487.png,"Bones: a beard, a hat, glasses, found in Silvarea"
../data/chatheads/488.png,"Bones: a beard, a mask, glasses"
../data/chatheads/489.png,"Bonzara: Monkey, male, a helmet, glasses, found in Ape Atoll Banana plantation"
../data/chatheads/490.png,"Bonzo: Human, male, a hat, glasses, found in Fishing Contest Area"
../data/chatheads/491.png,"Boot: Dwarf, male, a beard, found in Dwarven Mines"
../data/chatheads/492.png,"Border Guard: Human, male, a beard, a helmet, glasses, found in Between Lumbridge and Al Kharid"
../data/chatheads/493.png,"Border Guard: a beard, a helmet, glasses, found in Custodia Mountains"
../data/chatheads/494.png,"Bork Sigmundson: Human, male, a beard, glasses, found in Ice Troll Caves"
../data/chatheads/495.png,"Bosun Zarah: Human, female, blonde hair, found in Before hiring: Etceteria After hiring: The Pandemonium"
../data/chatheads/496.png,"Boulder: Troll, male, a goatee, a mask, glasses, found in Weiss"
../data/chatheads/501.png,"Bouquet Mac Hyacinth: Human, female, brown hair, a hat, glasses, found in Lunar Isle"
../data/chatheads/502.png,"Bow and Arrow salesman: Human, male, a goatee, glasses, found in Ranging Guild"
../data/chatheads/503.png,"Bowley Moley: Mole, a beard, a helmet, found in Rabbit Hole"
../data/chatheads/504.png,"Boy: Human, male, found in Taverley"
../data/chatheads/505.png,Brain: glasses
../data/chatheads/506.png,"Brambickle: Gnome, male, a beard, a hood, found in Near Trollweiss Mountain"
../data/chatheads/507.png,"Bran: Giant, female, a beard, glasses, found in Asgarnian Ice Dungeon"
../data/chatheads/508.png,"Brana: Human, male, a beard, a hat, glasses, found in Tolna's rift (only during the quest)"
../data/chatheads/510.png,"Branwen: Elf, female, black hair, found in Prifddinas"
../data/chatheads/511.png,"Brass Hand Harry: Human, male, a beard, a hat, a cape, found in The Pandemonium"
../data/chatheads/512.png,"Bravek: Human, male, a beard, brown hair, found in West Ardougne"
../data/chatheads/513.png,"Breive: Human, male, a beard, glasses, found in Smoke Devil Dungeon entrance"
../data/chatheads/514.png,"Brendt: Dwarf, male, a beard, found in Jatizso"
../data/chatheads/515.png,"Brew'ma: Human, a goatee, red hair, a hood, glasses, found in Wintertodt prison"
../data/chatheads/516.png,"Brewer: Human, male, a beard, glasses, found in Braindeath Island"
../data/chatheads/517.png,"Brian: Human, male, a goatee, found in Port Sarim"
../data/chatheads/518.png,"Brian: Human, male, a beard, brown hair, found in Rimmington"
../data/chatheads/519.png,"Brian O'Richard: Human, male, glasses, found in Rogues' Den"
../data/chatheads/520.png,"Briget: Human, female, found in Shayzien"
../data/chatheads/521.png,"Brikka: Dwarf, female, a beard, red hair, a helmet, found in Deepfin Point"
../data/chatheads/522.png,"Brimstail: Gnome, male, a hat, glasses, found in Tree Gnome Stronghold"
../data/chatheads/524.png,"Broken Handz: Human, male, a beard, red hair, a helmet, glasses, found in Poison Waste"
../data/chatheads/526.png,"Brother Aimeri: Human, male, a beard, a hood, glasses, found in Forthos Dungeon"
../data/chatheads/527.png,"Brother Althric: Human, male, found in Edgeville Monastery"
../data/chatheads/528.png,"Brother Brace: Human, male, found in Tutorial Island"
../data/chatheads/529.png,"Brother Cedric: Human, male, found in East Ardougne"
../data/chatheads/530.png,"Brother Jered: Human, male, found in Edgeville Monastery"
../data/chatheads/531.png,"Brother Jered: Human, male, found in Edgeville Monastery"
../data/chatheads/532.png,"Brother Kojo: Human, male, found in The Clock Tower , south of Ardougne"
../data/chatheads/533.png,"Brother Maledict: Human, male, a beard, a cape, found in Witchaven"
../data/chatheads/534.png,"Brother Omad: Human, male, found in Monastery south of Ardougne"
../data/chatheads/535.png,"Brother Tranquility: Zombie, male, a beard, a mask, glasses, found in Mos Le'Harmless"
../data/chatheads/536.png,"Brown Engine Director: Dwarf, male, a beard, glasses, found in Keldagrim"
../data/chatheads/537.png,"Brown Engine Secretary: Dwarf, male, a beard, glasses, found in Keldagrim"
../data/chatheads/539.png,"Brugsen Bursen: Human, male, a beard, a hat, found in Grand Exchange"
../data/chatheads/541.png,"Brundt the Chieftain: Human, male, a beard, a helmet, glasses, found in Rellekka Longhall Bar"
../data/chatheads/542.png,"Bryn: Elf, male, a beard, found in The Gauntlet"
../data/chatheads/546.png,"Bugs: Ogre, male, a hat, glasses, found in Feldip Hills"
../data/chatheads/548.png,"Builder: Dwarf, male, a beard, a helmet, glasses, found in Dorgesh-Kaan–Keldagrim train system"
../data/chatheads/549.png,"Builder: Human, male, glasses, found in Cam Torum entrance"
../data/chatheads/552.png,"Buneir: Dwarf, male, a goatee, a hat, glasses, found in Kourend Woodland"
../data/chatheads/553.png,"Bunkdo: Gnome, male, a beard, a hood, glasses, found in Ape Atoll"
../data/chatheads/554.png,"Bunkwicket: Gnome, male, a beard, a hood, found in Ape Atoll Dungeon"
../data/chatheads/556.png,"Bunny Man: Human, male, brown hair, glasses, found in 2019 Easter event"
../data/chatheads/557.png,"Buoy: Human, male, red hair, a hat, found in Falador"
../data/chatheads/558.png,"Burkor: Gnome, male, a goatee, a helmet, glasses, found in Tree Gnome Stronghold"
../data/chatheads/560.png,"Burntmeat: Troll, male, a beard, a hat, glasses, found in Troll Stronghold kitchen"
../data/chatheads/561.png,"Burntof: Dwarf, male, a beard, red hair, a hat, found in Rising Sun Inn"
../data/chatheads/562.png,"Butch: Vampyre, a hat, glasses, found in Vardorvis"
../data/chatheads/563.png,"Butler: Human, male, a mustache, found in Player-owned house or Servants' Guild"
../data/chatheads/564.png,"Butler: Human, male, a beard, a mask, glasses, found in Villa Lucens"
../data/chatheads/565.png,"Butler Jarvis: Human, male, a mustache, found in Hosidius"
../data/chatheads/566.png,"Butler Jones: Human, male, a goatee, found in East Ardougne"
../data/chatheads/570.png,"Butterfly: Troll, male, a goatee, a mask, glasses, found in Weiss"
../data/chatheads/572.png,"c0lect0r890: Human, male, a beard, a hood, glasses, found in Hallowed Sepulchre"
../data/chatheads/573.png,"c4ssi4n: Human, male, a beard, a hood, glasses, found in Hallowed Sepulchre"
../data/chatheads/575.png,"Cabin boy: Human, male, found in Lunar Isle"
../data/chatheads/576.png,"Cabin Boy Colin: Human, male, unnatural hair, glasses, found in Corsair Cove"
../data/chatheads/577.png,"Cabin Boy Herbert: Human, male, a beard, glasses, found in Port Sarim Port Piscarilius"
../data/chatheads/578.png,"Cabin Boy Jenkins: Human, male, a beard, red hair, glasses, found in Port Sarim"
../data/chatheads/579.png,"Cabin Boy Jenkins: Ghost, male, a beard, glasses, found in Before hiring: Crandor After hiring: The Pandemonium"
../data/chatheads/580.png,"Cabin Boy Percy: Human, male, a beard, brown hair, a helmet, glasses"
../data/chatheads/581.png,"Caden Azro: Human, male, a beard, found in Varrock Museum"
../data/chatheads/583.png,"Caerwyn: Elf, male, glasses, found in Prifddinas"
../data/chatheads/585.png,"Cait: Pixie, female, a beard, glasses, found in Diango's Workshop"
../data/chatheads/586.png,"Caius: Human, male, brown hair, found in Civitas illa Fortis"
../data/chatheads/587.png,"Caleb: Human, male, found in Just north-east of Catherby bank."
../data/chatheads/588.png,"Calin: Human, male, a beard, brown hair, found in Burgh de Rott"
../data/chatheads/589.png,"Callio: Dwarf, male, a beard, brown hair, found in Cam Torum"
../data/chatheads/590.png,"Callisto cub: Bear, a goatee, a mask, glasses, found in Callisto"
../data/chatheads/591.png,"Cam the Camel: Camel, female, a beard, found in Al Kharid"
../data/chatheads/592.png,"Camarst: Human, male, a goatee, a helmet, glasses, found in Ferox Enclave"
../data/chatheads/593.png,"Camel: Camel, a goatee, red hair, a helmet, glasses, found in Kharidian Desert"
../data/chatheads/595.png,"Camorra: Human, female, red hair, a helmet, glasses"
../data/chatheads/596.png,"Candle maker: Human, male, a beard, glasses, found in Catherby"
../data/chatheads/597.png,"Candle seller: Human, male, a beard, brown hair, found in Lumbridge Swamp"
../data/chatheads/598.png,"Caninelle Draynar: Vampyre, female, a goatee, found in North-west Darkmeyer"
../data/chatheads/599.png,"Cannoneer: Human, male, a crown, glasses, found in Tempoross Cove"
../data/chatheads/601.png,"Cap'n Anne Boney: Human, female, a hat, glasses"
../data/chatheads/602.png,"Cap'n Hand: Human, male, a goatee, brown hair, a hat, glasses, found in Port Sarim jail"
../data/chatheads/603.png,"Cap'n Izzy No-Beard: Human, male, black hair, a helmet, glasses, found in Brimhaven"
../data/chatheads/604.png,"Capt' Arnav: Human, male, a beard, a hat, glasses, found in Random"
../data/chatheads/605.png,"Capt' Arnav: Human, male, a beard, a hat, glasses, found in Al Kharid"
../data/chatheads/606.png,"Captain: Human, male, a beard, a helmet, glasses, found in Varrock Palace roof"
../data/chatheads/607.png,"Captain Ada: Human, female, red hair, a hat, glasses, found in ? (edit)"
../data/chatheads/608.png,"Captain Ariadna: Human, female, red hair, a helmet, glasses, found in Auburnvale"
../data/chatheads/609.png,"Captain Barnaby: Human, male, a beard, a crown, glasses, found in East Ardougne docks, Brimhaven , Rimmington"
../data/chatheads/610.png,"Captain Bentley: Human, male, a goatee, brown hair, a hat, glasses, found in Lady Zay"
../data/chatheads/611.png,"Captain Bleemadge: Gnome, male, a beard, a helmet, glasses, found in White Wolf Mountain"
../data/chatheads/612.png,"Captain Braindeath: Human, male, a beard, brown hair, found in Braindeath Island"
../data/chatheads/613.png,"Captain Bruce: Human, male, found in Shayzien"
../data/chatheads/614.png,"Captain Cain: Human, male, a beard, a helmet, glasses, found in Barbarian Assault"
../data/chatheads/615.png,"Captain Campbell: Human, male, a goatee, brown hair, a helmet, glasses, found in Port Roberts"
../data/chatheads/616.png,"Captain Cleive: Human, male, a beard, a helmet, glasses, found in Lizardman Caves"
../data/chatheads/617.png,"Captain Daerkin: Gnome, male, a beard, a helmet, glasses, found in Emir's Arena"
../data/chatheads/618.png,"Captain Dalbur: Gnome, male, a beard, a helmet, glasses, found in Al Kharid"
../data/chatheads/619.png,"Captain Dawson: Human, male, a goatee, brown hair, a hat, glasses, found in The Pandemonium"
../data/chatheads/620.png,"Captain Donnie: Zombie, male, a mustache, a mask, glasses, found in Braindeath Island"
../data/chatheads/621.png,"Captain Dudi: Human, female, a helmet, glasses, found in Ruins of Unkah"
../data/chatheads/622.png,"Captain Emmemji: Human, male, glasses, found in South of Draynor Village"
../data/chatheads/623.png,"Captain Errdo: Gnome, male, a beard, a helmet, glasses, found in Grand Tree"
../data/chatheads/624.png,"Captain Ginea: Human, female, glasses, found in Shayzien Encampment"
../data/chatheads/625.png,"Captain Janaway: Human, male, a goatee, unnatural hair, a helmet, glasses, found in Port Piscarilius"
../data/chatheads/626.png,"Captain Jim: Human, male, unnatural hair, a helmet, glasses, found in ? (edit)"
../data/chatheads/627.png,"Captain Kalt: Human, male, a mask, glasses, found in Wintertodt Camp"
../data/chatheads/628.png,"Captain Khaled: Human, male, a beard, glasses, found in Port Piscarilius"
../data/chatheads/629.png,"Captain Klemfoodle: Gnome, male, a beard, a helmet, glasses, found in Karamja"
../data/chatheads/630.png,"Captain Lamdoo: Gnome, male, a beard, a helmet, glasses, found in Depends on your location"
../data/chatheads/631.png,"Captain Lawgof: Dwarf, male, a beard, a helmet, glasses, found in Coal Trucks"
../data/chatheads/632.png,"Captain Maclean: Human, female, blonde hair, found in Red Rock"
../data/chatheads/633.png,"Captain Magoro: Human, male, a hat, glasses, found in Land's End"
../data/chatheads/634.png,"Captain Malleta: Human, female, red hair, found in Ghorrock Dungeon"
../data/chatheads/635.png,"Captain Ninto: Gnome, male, a beard, a helmet, glasses, found in White Wolf Tunnel"
../data/chatheads/636.png,"Captain Pudi: Human, female, a helmet, glasses, found in Ruins of Unkah"
../data/chatheads/637.png,"Captain Rachelle: Human, female, a beard, a hat, glasses, found in East of Lizardman Canyon"
../data/chatheads/638.png,"Captain Reuben: Human, male, a beard, a crown, glasses, found in Varies"
../data/chatheads/639.png,"Captain Rimor: Human, male, a beard, brown hair, glasses, found in Mount Quidamortem"
../data/chatheads/640.png,"Captain Rovin: Human, male, a goatee, found in Varrock Palace"
../data/chatheads/641.png,"Captain Sdiar: Human, female, red hair, found in Western end of Shayzien"
../data/chatheads/642.png,"Captain Shanks: Human, male, a goatee, unnatural hair, a helmet, glasses, found in West of the western entrance to Kharazi Jungle ."
../data/chatheads/643.png,"Captain Shoracks: Gnome, male, a beard, a helmet, glasses, found in Ape Atoll"
../data/chatheads/644.png,"Captain Siad: Human, male, a goatee, glasses, found in Desert Mining Camp"
../data/chatheads/645.png,"Captain Tobias: Human, male, a goatee, a helmet, glasses, found in Port Sarim docks"
../data/chatheads/646.png,"Captain Tock: Human, male, a beard, red hair, a helmet, found in North of Port Sarim"
../data/chatheads/648.png,"Captain Vibia: Human, female, a crown, glasses, found in Kualti Headquarters"
../data/chatheads/649.png,"Captain Wimto: Gnome, male, a beard, a helmet, glasses, found in ? (edit)"
../data/chatheads/652.png,"Carado: Gnome, male, a beard, a hood, glasses, found in Ape Atoll"
../data/chatheads/653.png,"Caranthir: Elf, male, found in Prifddinas"
../data/chatheads/654.png,"Caritta: Human, female, found in Twilight Temple"
../data/chatheads/655.png,"Carl: Human, male, glasses, found in Slepe"
../data/chatheads/656.png,"Carla: Human, female, red hair, glasses, found in West Ardougne"
../data/chatheads/657.png,"Carnivus Belamorta: Vampyre, male, a cape, found in North-west Darkmeyer"
../data/chatheads/658.png,"Carol: Human, female, found in Sinclair Mansion"
../data/chatheads/659.png,"Carol: Troll, female, a beard, a helmet, glasses, found in Christmas Factory"
../data/chatheads/660.png,"Caroline: Human, female, brown hair, glasses, found in Witchaven"
../data/chatheads/661.png,"Carpenter: Human, male, a beard, a helmet, glasses, found in Sophanem"
../data/chatheads/662.png,"Carpenter Kjallak: Human, male, a goatee, a helmet, glasses, found in Etceteria Hardwood Trees"
../data/chatheads/663.png,"Cart Camel: Camel, male, a beard, a helmet, glasses, found in Desert Mining Camp"
../data/chatheads/664.png,"Cart conductor: Dwarf, male, a beard, a helmet, glasses, found in Keldagrim"
../data/chatheads/665.png,"Cart conductor: Dwarf, male, a beard, a helmet, glasses, found in Dwarven Mine"
../data/chatheads/666.png,"Cart conductor: Dwarf, male, a goatee, a hat, glasses"
../data/chatheads/667.png,"Cart conductor: Dwarf, male, a goatee, a hat, glasses, found in White Wolf Mountain"
../data/chatheads/668.png,"Cassie: Human, female, blonde hair, glasses, found in Northern Falador"
../data/chatheads/669.png,"Cassim: Human, male, a goatee, glasses, found in Uzer Oasis"
../data/chatheads/670.png,"Cassius: Human, male, glasses, found in South of Mill Lane Mill"
../data/chatheads/671.png,"Cassius: Human, male"
../data/chatheads/672.png,"Castaway: Human, a goatee, a mask, found in Varies"
../data/chatheads/673.png,"Cat: Cat, a mask, glasses, found in Gertrude"
../data/chatheads/675.png,"Cat: Cat, a mask, glasses, found in Farming Guild"
../data/chatheads/676.png,"Cat: Cat, a mask, found in Meiyerditch"
../data/chatheads/679.png,"Cat: Cat, male, a helmet, found in Wintertodt Camp"
../data/chatheads/680.png,"Catalina: Human, female, glasses, found in Burgh de Rott"
../data/chatheads/682.png,"Catalytic Guardian: Rune guardian, a hood, glasses, found in Temple of the Eye"
../data/chatheads/686.png,"Cave goblin: Dorgeshuun, female, glasses, found in Dorgesh-Kaan"
../data/chatheads/687.png,"Cave goblin: Dorgeshuun, glasses, found in Dorgesh-Kaan–Keldagrim train system"
../data/chatheads/688.png,"Cave goblin child: Dorgeshuun, male, glasses, found in Dorgesh-Kaan"
../data/chatheads/689.png,"Cave goblin worker: Dorgeshuun, male, glasses, found in Christmas Factory"
../data/chatheads/690.png,"Cave monk: Human, male, found in Entrana"
../data/chatheads/694.png,"Cavey Davey: Human, male, a beard, unnatural hair, found in Entrance of Mos Le'Harmless Cave"
../data/chatheads/695.png,"Cecilia: Human, female, red hair, found in Falador Park"
../data/chatheads/696.png,"Cecilia: Human, female, red hair, a hat, found in Falador"
../data/chatheads/697.png,"Cecilia: Human, female, a goatee, red hair, a helmet, glasses, found in Falador park"
../data/chatheads/698.png,"Celebrian: Elf, female, glasses, found in Prifddinas"
../data/chatheads/699.png,"Celegorm: Elf, male, red hair, found in Prifddinas"
../data/chatheads/700.png,"Celyn: Elf, male, a beard, found in Prifddinas"
../data/chatheads/701.png,"Centaur: Centaur, male, glasses, found in Enchanted Valley"
../data/chatheads/704.png,"Ceril Carnillean: Human, male, brown hair, a helmet, glasses, found in East Ardougne"
../data/chatheads/706.png,"Ceto: Merfolk, female, glasses, found in Underwater"
../data/chatheads/707.png,"Chadwell: Human, male, found in West Ardougne"
../data/chatheads/708.png,"Chaeldar: Fairy, female, found in Zanaris"
../data/chatheads/710.png,"Chair: a helmet, glasses, found in Witchaven"
../data/chatheads/711.png,"Chamber guardian: Human, male, a beard, brown hair, glasses, found in Mage Arena"
../data/chatheads/713.png,"Chancellor Hassan: Human, male, a beard, a helmet, glasses, found in Al Kharid Palace"
../data/chatheads/714.png,"Chancy: Human, male, red hair, glasses, found in Rimmington"
../data/chatheads/716.png,"Charles: Human, male, a goatee, found in Port Piscarilius"
../data/chatheads/717.png,"Charles: Human, male, a hat, glasses, found in Fossil Island"
../data/chatheads/718.png,"Charles Charlington: Human, male, a beard, a hat, glasses, found in Fossil Island"
../data/chatheads/719.png,"Charles Charlington II: Human, male, a beard, a hat, glasses"
../data/chatheads/720.png,"Charley: Human, male, a beard, a helmet, glasses, found in Mos Le'Harmless"
../data/chatheads/721.png,"Charlie: Human, male, a beard, a hat, found in Ardougne Zoo"
../data/chatheads/722.png,"Charlie: Human, male, found in The Grand Tree top floor"
../data/chatheads/723.png,"Charlie Brown: Human, male, glasses, found in Hosidius church"
../data/chatheads/724.png,"Charlie the cook: Human, male, a beard, found in Brimhaven"
../data/chatheads/725.png,"Charlie the Tramp: Human, male, red hair, a helmet, found in Varrock"
../data/chatheads/726.png,"Charlie the Tramp: Human, male, red hair, a helmet, found in Varrock"
../data/chatheads/727.png,"CharlieChimes06: Human, male, a beard, a helmet, glasses, found in ? (edit)"
../data/chatheads/729.png,"Chartin' Charles McAtless: Human, male, a beard, a helmet, glasses, found in Pandemonium Cave"
../data/chatheads/730.png,"Checkal: Human, male, a goatee, found in Barbarian Village"
../data/chatheads/732.png,"Cheerleader: Gnome, female, unnatural hair, a hood, found in Realm of Memories"
../data/chatheads/733.png,"Chef: Gnome, male, found in Catherby beach"
../data/chatheads/734.png,"Chef: Human, male, a beard, red hair, glasses, found in Catherby"
../data/chatheads/735.png,"Chef Olivia: Human, female, blonde hair, found in Hosidius"
../data/chatheads/736.png,"Chemist: Human, male, a helmet, glasses, found in Rimmington"
../data/chatheads/737.png,"Cheryl: Human, female, brown hair, glasses, found in Port Piscarilius"
../data/chatheads/738.png,"Chet: Tortugan, a mustache, a hat, glasses, found in Coral Nurseries"
../data/chatheads/740.png,"Chief Engineer Greyson: Human, male, a goatee, found in Red Rock"
../data/chatheads/741.png,"Chief servant: Human, male, a goatee, found in Servants' Guild"
../data/chatheads/742.png,"Chief Tess: Ogre, female, blonde hair, a mask, glasses, found in Corsair Cove Dungeon"
../data/chatheads/743.png,"Child: Human, male, found in All over West Ardougne"
../data/chatheads/744.png,"Child: Human, male"
../data/chatheads/745.png,"Child: Human, male, glasses, found in South-west of Falador"
../data/chatheads/746.png,"Child: female, brown hair, found in Aldarin"
../data/chatheads/747.png,"Child: female, a beard, brown hair, glasses, found in Auburnvale"
../data/chatheads/748.png,"Child: Dwarf, red hair, found in Cam Torum"
../data/chatheads/749.png,"Child: male, glasses, found in Varlamore"
../data/chatheads/750.png,"Child: male, glasses, found in Kastori"
../data/chatheads/751.png,"Child: Human, male, glasses, found in Throughout Meiyerditch"
../data/chatheads/752.png,"Child: Dwarf, red hair, found in Mistrock"
../data/chatheads/753.png,"Child: Human, female, found in Slepe"
../data/chatheads/754.png,"Child: male, glasses, found in Tal Teklan"
../data/chatheads/755.png,"Chimalli: a goatee, a mask, glasses, found in ? (edit)"
../data/chatheads/758.png,"Chocco: Rabbit, male, a crown, glasses, found in Wester Island"
../data/chatheads/759.png,"Chocolate bunny: Chocolate creature, glasses, found in Easter Bunny's warren"
../data/chatheads/762.png,"Chocolate demon: Demon, a goatee, a mask, found in Easter Bunny's warren"
../data/chatheads/767.png,"Chompy chick: Chompy bird, a goatee, glasses, found in Chompy birds after completing all of the Western Provinces Diary"
../data/chatheads/768.png,"Chosen Aluinus: Human, male, a mask, glasses, found in Shipwreck Cove"
../data/chatheads/769.png,"Chouani: Human, female, a crown, glasses, found in Auburnvale"
../data/chatheads/770.png,"Chris: Human, male, a beard, brown hair, a mask, glasses, found in Emir's Arena"
../data/chatheads/771.png,"Christina Kebbit-Monkfish: Merfolk, a goatee, black hair, a hood, glasses, found in Menaphite Sea (South of Barracuda Trials by Tempoross)"
../data/chatheads/773.png,"Christopher: Human, male, glasses, found in ? (edit)"
../data/chatheads/775.png,"Chuck: Human, male, a beard, found in Realm of Memories"
../data/chatheads/776.png,"Cirdan: Elf, male, unnatural hair, glasses, found in Prifddinas"
../data/chatheads/777.png,"Citizen: Human, female, glasses, found in Aldarin"
../data/chatheads/778.png,"Citizen: Human, male, a beard, brown hair, glasses, found in Auburnvale"
../data/chatheads/779.png,"Citizen: Dwarf, male, a beard, found in Cam Torum"
../data/chatheads/780.png,"Citizen: Human, male, glasses, found in Civitas illa Fortis"
../data/chatheads/781.png,"Citizen: Human, male, a beard, brown hair, glasses, found in Kastori"
../data/chatheads/782.png,"Citizen: Human, female, brown hair, glasses, found in Necropolis"
../data/chatheads/783.png,"Citizen: Dwarf, male, a beard, found in Mistrock"
../data/chatheads/784.png,"Citizen: Human, male, a beard, brown hair, glasses, found in Tal Teklan"
../data/chatheads/785.png,"Citizen: Human, male, brown hair, glasses, found in Bazaar in Civitas illa Fortis"
../data/chatheads/786.png,"Citlalli: Human, female, unnatural hair, a crown, glasses, found in Kastori"
../data/chatheads/787.png,"Civilian: Human, male, blonde hair, glasses, found in West Ardougne"
../data/chatheads/788.png,"Clan Guard: Human, male, a beard, unnatural hair, a helmet, glasses, found in Lunar Isle"
../data/chatheads/789.png,"Clanila: Human, female, a mustache, a helmet, glasses, found in Aldarin"
../data/chatheads/792.png,"Claus the Chef: Human, male, found in East Ardougne"
../data/chatheads/793.png,"Broken clay golem: Golem, a beard, a helmet, glasses, found in Ruins of Uzer"
../data/chatheads/794.png,"Cleaner: Human, male, a goatee, found in Varrock"
../data/chatheads/795.png,"Cleaner: Human, male, found in Aldarin"
../data/chatheads/796.png,"Cleddyf: Elf, male, a beard, found in Prifddinas"
../data/chatheads/797.png,"Clerk: Human, male, a beard, glasses, found in Civic Office of West Ardougne"
../data/chatheads/798.png,"Clerk: Human, male, found in Clan Hub"
../data/chatheads/799.png,"Clerk: Human, female, glasses, found in Hosidius"
../data/chatheads/800.png,"Clerris: Human, female, a goatee, unnatural hair, a hat, a cape, found in Dense runestone mine"
../data/chatheads/801.png,"Clodius: Human, male, a beard, a helmet, glasses, found in Villa Lucens"
../data/chatheads/804.png,"Co-ordinator: Fairy, female, found in Zanaris"
../data/chatheads/807.png,"Cobado: Human, male, glasses, found in Civitas illa Fortis"
../data/chatheads/808.png,"Cochu: Tortugan, a hat, glasses"
../data/chatheads/810.png,"Cocktail seller: Gnome, male, found in Al Kharid , Brimhaven , Catherby beach"
../data/chatheads/811.png,"Coenus: Human, male, a beard, a helmet, glasses, found in Menaphos city gate"
../data/chatheads/812.png,"Col. O'Niall: Human, male, a goatee, brown hair, a helmet, glasses, found in Witchaven Dock"
../data/chatheads/813.png,"Colonel Grimsson: Dwarf, male, a beard, red hair, glasses, found in Red Axe base, Keldagrim"
../data/chatheads/814.png,"Colosseum Announcer: Human, male, brown hair, a helmet, glasses, found in Fortis Colosseum"
../data/chatheads/821.png,"Commander: Human, female, found in Varrock"
../data/chatheads/822.png,"Commander Connad: Human, male, a beard, a hat, found in Barbarian Assault"
../data/chatheads/823.png,"Commander Fullore: Human, female, brown hair, glasses, found in Kourend Castle"
../data/chatheads/824.png,"Commander Montai: Gnome, male, red hair, a helmet, glasses, found in Battlefield"
../data/chatheads/825.png,"Commander Veldaban: Dwarf, male, a beard, glasses, found in Keldagrim"
../data/chatheads/826.png,"Commissioner Anwar: Human, female, found in Shayzien"
../data/chatheads/828.png,"Competition Judge: Human, male, a goatee, glasses, found in Ranging Guild"
../data/chatheads/829.png,"Conara: Dwarf, female, a mustache, a helmet, glasses, found in Cam Torum"
../data/chatheads/830.png,"Concerned man: Human, male, found in Varrock"
../data/chatheads/831.png,"Conrad King: Human, male, a beard, found in Port Piscarilius"
../data/chatheads/832.png,"Constantinius: Human, male, found in Villa Lucens"
../data/chatheads/833.png,"Construction Worker: Human, male, a beard, glasses, found in Colossal Wyrm Remains"
../data/chatheads/834.png,"Conwenna: Elf, female, found in Prifddinas"
../data/chatheads/835.png,"Cook: Human, male, a beard, found in Al Kharid"
../data/chatheads/836.png,"Cook: Human, a goatee, found in Blue Moon Inn"
../data/chatheads/837.png,"Cook: Human, male, a goatee, found in Blue Moon Inn"
../data/chatheads/838.png,"Cook: Human, male, a beard, glasses, found in Jolly Boar Inn"
../data/chatheads/839.png,"Cook: Human, male, a beard, found in Lumbridge Castle kitchen"
../data/chatheads/840.png,"Cook: Human, female, blonde hair, found in Player-owned house or Servants' Guild"
../data/chatheads/841.png,"Cooking tutor: Human, male, a goatee, a helmet, found in Lumbridge"
../data/chatheads/842.png,"Cooky Weasel: Human, male, found in Rabbit Hole"
../data/chatheads/847.png,"Corkat quo Sihar: Kahlith, a goatee, a mask, glasses, found in Mount Karuulm"
../data/chatheads/848.png,"Cormac: Pixie, male, a goatee, a helmet, glasses, found in Diango's Workshop"
../data/chatheads/850.png,"Cornelius: Human, male, glasses, found in Burgh de Rott"
../data/chatheads/853.png,"Corrupted Warrior: Human, male, a beard, brown hair, a helmet, glasses, a cape, found in Daimon's Crater"
../data/chatheads/854.png,"Cosmic Being: Cosmic Entity, a mask, found in Cosmic entity plane"
../data/chatheads/855.png,"Costumed child: Human, female, a goatee, a helmet, glasses, found in Varrock west bank"
../data/chatheads/856.png,"Costumer: Human, female, brown hair, found in Villa Lucens"
../data/chatheads/857.png,"Council workman: Human, male, a mustache, found in Bridge leading to Rellekka"
../data/chatheads/858.png,"Councillor Andrews: Human, male, glasses, found in Kourend Castle"
../data/chatheads/859.png,"Councillor Catherine: Human, female, glasses, found in Catherby 's Council Office"
../data/chatheads/860.png,"Councillor Halgrive: Human, male, a mustache, found in East Ardougne"
../data/chatheads/861.png,"Councillor Orson: Human, male, found in Kebos Lowlands Xeric's Lookout"
../data/chatheads/862.png,"Councillor Unkar: Dwarf, male, a beard, glasses, found in Lovakengj Assembly"
../data/chatheads/863.png,"Count Check: Human, male, a mask, a cape, found in Lumbridge"
../data/chatheads/864.png,"Count Check: Human, male, a mask, a cape, found in Random event"
../data/chatheads/865.png,"Court judge: Human, male, a beard, found in Courthouse in Seers' Village"
../data/chatheads/867.png,"Cow31337Killer: Human, male, a beard, a helmet, glasses, found in West of Port Phasmatys"
../data/chatheads/868.png,"Cowardly Bandit: Human, male, a beard, glasses, found in Pollnivneach"
../data/chatheads/869.png,"Cowboy: Human, male, found in North of Lumbridge"
../data/chatheads/870.png,"Cozyac: Human, male, black hair, a crown, glasses, found in Villa Lucens"
../data/chatheads/876.png,"Crafting tutor: Human, male, brown hair, glasses, found in Lumbridge Castle"
../data/chatheads/879.png,"Crate goblin: Dorgeshuun, male, glasses, found in Dorgesh-Kaan"
../data/chatheads/881.png,"Creakyknees: Goblin, male, a helmet, glasses, found in Goblin settlement"
../data/chatheads/882.png,"Crefydd: Elf, male, a beard, found in Top floor of the Tower of Voices"
../data/chatheads/883.png,"Crew Registrar: Human, female, a beard, brown hair, glasses, found in The Pandemonium , Port Roberts"
../data/chatheads/885.png,"Crimsonette van Marr: Vampyre, female, a goatee, a mask, found in The Crypt"
../data/chatheads/886.png,"Crondis: Crocodile, female, a mustache, a hat, glasses, found in Jaltevas Pyramid"
../data/chatheads/887.png,"Crone: Human, female, found in Entrana"
../data/chatheads/894.png,"Cuali, Teoki of Ralos: female, a goatee, unnatural hair, a helmet, glasses, found in Temple in Civitas illa Fortis"
../data/chatheads/895.png,"Cuica: Dwarf, female, a beard, brown hair, found in The Lost Pickaxe"
../data/chatheads/897.png,"Curator Haig Halen: Human, male, a mask, glasses, found in Varrock Museum"
../data/chatheads/898.png,"Curator Herminius: Human, male, a beard, a helmet, found in Civitas illa Fortis"
../data/chatheads/900.png,"Curpile Fyod: Human, male, a beard, glasses, found in Mort Myre Swamp"
../data/chatheads/901.png,"'Currency' The Alchemist: Human, male, a beard, a hood, glasses, found in Outside of the Tower of Life"
../data/chatheads/903.png,"Curufin: Elf, male, found in Prifddinas"
../data/chatheads/904.png,"Customer: Human, female, found in Keldagrim Library"
../data/chatheads/905.png,"Customer: Dwarf, female, found in Keldagrim Library"
../data/chatheads/906.png,"Customs officer: Human, female, a helmet, glasses, found in Musa Point"
../data/chatheads/908.png,"Cuthbert: a mustache, a helmet, glasses, found in Locus Oasis"
../data/chatheads/909.png,"Cyreg Paddlehorn: Human, male, a beard, unnatural hair, a hood, found in Mort'ton"
../data/chatheads/910.png,"Cyrisus: Human, male, brown hair, found in Lunar Isle Mine"
../data/chatheads/911.png,"D3ad1i F15her: Human, male, brown hair, found in The Node"
../data/chatheads/912.png,"Da Vinci: Human, male, a mustache, brown hair, a hat, found in Rimmington"
../data/chatheads/913.png,"Daer Krand: Human, male, a beard, a helmet, glasses, a cape, found in Sisterhood Sanctuary"
../data/chatheads/914.png,"Daero: Gnome, male, a helmet, glasses, found in On the 1 st floor [ UK ] 2 nd floor [ US ] of the Grand Tree at Blurberry's Bar"
../data/chatheads/915.png,"Daga: Monkey, male, a mask, glasses, found in Marim"
../data/chatheads/916.png,"Dakh'thoulan Aegis: Human, male, a beard, found in Tunnel of Chaos"
../data/chatheads/917.png,"Dalal: Human, female, a helmet, glasses, found in Emir's Arena"
../data/chatheads/918.png,"Dalcian Fang (easy): Human, male, a beard, a mask, glasses, found in Burgh de Rott"
../data/chatheads/919.png,"Dale: Human, male, brown hair, a hat, glasses, found in Hosidius"
../data/chatheads/920.png,"Dalila: Gnome, female, a hood, glasses, found in Grand Tree , 1 st floor [ UK ] 2 nd floor [ US ]"
../data/chatheads/921.png,"Dallas Jones: Human, male, found in Karamja Wines, Spirits, and Beers"
../data/chatheads/922.png,"Dalldav: Elf, male, a beard, a hood, glasses, found in Lletya"
../data/chatheads/923.png,"Dalna: Tortugan, a beard, a mask, glasses, found in The Summer Shore"
../data/chatheads/925.png,"Dampe: Human, male, a beard, a hood, glasses, found in Shade Catacombs entrance"
../data/chatheads/926.png,"Damwin: Gnome, female, found in Tree Gnome Stronghold"
../data/chatheads/928.png,"Dantaera: Human, female, found in Catherby"
../data/chatheads/929.png,"Darcor quo Narga: Kahlith, a goatee, a mask, glasses, found in Mount Karuulm"
../data/chatheads/931.png,"Dark Mage: Human, male, a beard, found in West Ardougne"
../data/chatheads/932.png,"Dark Mage: Human, male, a beard, a hood, a cape, found in Centre of the Abyss"
../data/chatheads/933.png,"Dark Squall: Human, male, a beard, a hood, glasses, found in Black Knight Catacombs"
../data/chatheads/934.png,"Dark wizard: Human, male, a beard, a cape, found in Port Piscarilius"
../data/chatheads/935.png,"Darkmeyer Slave: Human, male, brown hair, glasses, found in Hallowed Sepulchre"
../data/chatheads/937.png,"Darren: Human, male, a beard, glasses, found in East of the Wilderness Agility Course"
../data/chatheads/938.png,"Darren: Human, male, a goatee, a helmet, glasses, found in Port Piscarilius"
../data/chatheads/939.png,"Dartog: Dorgeshuun, male, a helmet, glasses, found in Tunnels between Dorgeshuun Mines and Lumbridge Castle cellar."
../data/chatheads/940.png,"Darve: Human, male, a beard, found in Dorgesh-Kaan South Dungeon"
../data/chatheads/941.png,"Daryl: Human, male, a goatee, glasses, found in Shayzien"
../data/chatheads/944.png,"Dave: a mustache, a helmet, glasses, found in Locus Oasis"
../data/chatheads/946.png,"Davey: Human, male, a beard, found in Braindeath Island"
../data/chatheads/947.png,"David: Human, male, a beard, found in Fossil Island"
../data/chatheads/948.png,"David: Human, male, found in Sinclair Mansion"
../data/chatheads/949.png,"David: Human, male, a hat, glasses, found in Varrock Museum Basement"
../data/chatheads/950.png,"Davon: Human, male, glasses, found in Brimhaven"
../data/chatheads/951.png,"Dead Monk: Human, male, a goatee, a hat, found in Paterdomus"
../data/chatheads/952.png,"Dead Wolf: Mahjarrat, male, a goatee, a mask, found in Weiss"
../data/chatheads/953.png,"Death: Undead, a beard, a mask, glasses, a cape, found in Fred's farm"
../data/chatheads/955.png,"Death: Undead, male, a beard, a mask, glasses, a cape, found in Death's Office"
../data/chatheads/957.png,"Debra: Human, female, a hood, found in Slepe"
../data/chatheads/958.png,Debug Man: male
../data/chatheads/959.png,Debug Woman: female
../data/chatheads/962.png,"Del-Monty: Cat, male, a helmet, glasses, found in Sorceress's Garden"
../data/chatheads/963.png,"Delf: Dwarf, male, a beard, glasses, found in Port Roberts"
../data/chatheads/965.png,"Demon butler: Demon, male, a goatee, brown hair, a mask, found in Player-owned house or Servants' Guild"
../data/chatheads/966.png,"Demon butler: Demon, male, a goatee, a mask, glasses, found in Varies"
../data/chatheads/967.png,"Demon butler: Demon, a goatee, a mask, glasses, found in Yama's Lair"
../data/chatheads/968.png,"Demon scholar: Demon, male, a goatee, a mask, glasses, found in Yama's Lair"
../data/chatheads/970.png,"Denadu: Monkey, male, a helmet, glasses, found in Temple of Marimbo"
../data/chatheads/971.png,"Denath: Demon, male, a goatee, a helmet, glasses, found in Stone circle"
../data/chatheads/972.png,"Denulth: Human, male, a beard, glasses, found in Burthorpe"
../data/chatheads/973.png,"Derni: Dwarf, male, a goatee, a hat, glasses, found in Keldagrim south-west mine"
../data/chatheads/974.png,"Dernu: Dwarf, male, a beard, glasses, found in Keldagrim south-west mine"
../data/chatheads/975.png,"Derrik: Human, male, black hair, a mask, found in Miscellania"
../data/chatheads/976.png,"Derse Venator: Human, male, a beard, a helmet, glasses, found in Ferox Enclave"
../data/chatheads/977.png,"Derwen: Elf, male, a beard, found in Prifddinas"
../data/chatheads/981.png,"Desert Spirit: Ghost, a helmet, found in Enakhra's Temple"
../data/chatheads/982.png,"Desmodus Lasiurus: Vampyre, male, a mask, found in West Darkmeyer"
../data/chatheads/983.png,"Despoina Callidra: Vampyre, female, a mask, found in North-west Darkmeyer"
../data/chatheads/984.png,"Devan Rutter: Human, male, a goatee, found in The Warrens"
../data/chatheads/985.png,"Deviled Dave: a beard, red hair, a helmet, a cape, found in Falador Party Room"
../data/chatheads/986.png,"Devin Mendelberg: Human, male, a beard, a helmet, found in Piscatoris Fishing Colony"
../data/chatheads/989.png,"Diana: Human, female, glasses, found in Myths' Guild"
../data/chatheads/990.png,"Diana: a beard, brown hair, a helmet, glasses, found in Auburn Valley"
../data/chatheads/991.png,"Diango: Human, male, a beard, brown hair, a hat, found in Draynor Village"
../data/chatheads/993.png,"Digsite workman: Human, male, brown hair, glasses, found in Digsite and near Varrock Museum"
../data/chatheads/994.png,"Dimintheis: Human, male, a mustache, found in South of the Varrock east entrance, beside the fancy dress shop"
../data/chatheads/995.png,"Diol: Elf, female, found in Prifddinas"
../data/chatheads/996.png,"Dipflip: Goblin, male, a hat, glasses, found in Goblin Temple"
../data/chatheads/997.png,"Diphylla Bechstein: Vampyre, female, a mask, found in North-east Darkmeyer"
../data/chatheads/998.png,"Disappointed daughter: Human, female, brown hair, a helmet, found in Varrock"
../data/chatheads/999.png,"Disappointed father: Human, male, a beard, found in Varrock"
../data/chatheads/1000.png,"Disappointed mother: Human, female, found in Varrock"
../data/chatheads/1001.png,"Disciple of Yama: Human, male, a beard, red hair, a mask, glasses, found in Chasm of Fire"
../data/chatheads/1003.png,"Dobwinkle: Gnome, male, a beard, a hood, found in Port Piscarilius"
../data/chatheads/1004.png,"Dock worker: Human, male, a mustache, found in Port Piscarilius"
../data/chatheads/1005.png,"Dockmaster: Human, male, a goatee, a helmet, glasses, found in Port Piscarilius"
../data/chatheads/1006.png,"Doctor Orbon: Human, male, glasses, found in East Ardougne Chapel"
../data/chatheads/1007.png,"Dodgy geezer: Human, male, glasses, found in Port Sarim"
../data/chatheads/1008.png,"Dodgy Squire: Human, male, found in Void Knights' Outpost"
../data/chatheads/1014.png,"Dolph: Reindeer, male, a goatee, a crown, glasses, found in Land of Snow"
../data/chatheads/1017.png,"Dom: a goatee, red hair, a mask, glasses, found in Doom of Mokhaiotl"
../data/chatheads/1018.png,"Dominic Onion: Human, male, a beard, glasses, found in Nightmare Zone , north of Yanille"
../data/chatheads/1019.png,"Dominicus, Teoki of Ranul: unnatural hair, glasses, found in Auburn Valley"
../data/chatheads/1020.png,"Dommik: Human, male, a beard, glasses, found in Al Kharid"
../data/chatheads/1021.png,"Don: Human, male, black hair, a hood, glasses, found in Slepe"
../data/chatheads/1022.png,"Don't Know What: Troll, male, a goatee, a mask, glasses, found in Weiss"
../data/chatheads/1023.png,"Donal: Dwarf, male, a beard, found in Miscellania and Etceteria Dungeon"
../data/chatheads/1024.png,"Dondakan the Dwarf: Dwarf, male, a beard, found in Keldagrim south-west mine"
../data/chatheads/1025.png,"Donie: Human, female, brown hair, glasses, found in In and around Lumbridge"
../data/chatheads/1026.png,"Donie: Human, female, brown hair, glasses, found in North-east of Lumbridge General Store"
../data/chatheads/1027.png,"Donnacha: Pixie, male, a beard, a hat, glasses, found in Diango's Workshop"
../data/chatheads/1028.png,"Donovan the Family Handyman: Human, male, a goatee, brown hair, a mask, glasses, found in Sinclair Mansion , 1 st floor [ UK ] 2 nd floor [ US ]"
../data/chatheads/1030.png,"Doomsayer: Human, male, a beard, a hood, found in Lumbridge"
../data/chatheads/1031.png,"Door Guard: Human, male, a beard, found in Fight Arena"
../data/chatheads/1032.png,"Door man: Human, male, a beard, glasses, found in Zanaris"
../data/chatheads/1034.png,"Doria: Human, female, brown hair, glasses, a cape, found in Port Roberts"
../data/chatheads/1035.png,"Doric: Dwarf, male, a beard, a helmet, glasses, found in North of Falador"
../data/chatheads/1036.png,"Doris: Human, female, red hair, glasses, found in Edgeville"
../data/chatheads/1037.png,"Doris: Human, red hair, glasses, found in Blue Moon Inn"
../data/chatheads/1038.png,"Doug Deeping: Human, male, brown hair, glasses, found in Down the north-eastern borehole of the Digsite"
../data/chatheads/1039.png,"Doughphie: Human, female, glasses, found in Rabbit Hole"
../data/chatheads/1040.png,"Doyen: Human, female, a beard, a crown, a cape, found in Battlefront"
../data/chatheads/1041.png,"Dr Banikan: Human , Mahjarrat, male, a beard, red hair, a hat, found in Digsite"
../data/chatheads/1042.png,"Dr Fenkenstrain: Human, male, a beard, glasses, found in Fenkenstrain's Castle near Canifis"
../data/chatheads/1043.png,"Dr Ford: Human, male, a beard, glasses, found in West of the Citharede Abbey"
../data/chatheads/1044.png,"Dr Harlow: Human, male, a beard, glasses, found in Varrock"
../data/chatheads/1045.png,"Dr Harlow: Human, a beard, glasses, found in Blue Moon Inn"
../data/chatheads/1046.png,"Dr Jekyll: Human, male, a goatee, glasses, found in Gielinor"
../data/chatheads/1047.png,"Draconis Sanguine: Vampyre, male, a mask, found in North Darkmeyer"
../data/chatheads/1051.png,"Dragonkin: Dragonkin, male, a goatee, a helmet, glasses, a cape, found in Cutscene-only"
../data/chatheads/1052.png,"Drain pipe: a mustache, a helmet, glasses, found in North of Falador"
../data/chatheads/1055.png,"Drasdan Ranor: Vampyre, male, a mask, glasses, found in South Darkmeyer"
../data/chatheads/1056.png,"Draul Leptoc: Human, male, a mustache, found in Leptoc Mansion, west of Varrock"
../data/chatheads/1057.png,"Draven Quillshade: Human, male, a beard, a hat, glasses"
../data/chatheads/1058.png,"Dreven: Human, male, a goatee, brown hair, found in Champions' Guild"
../data/chatheads/1059.png,"Drew: Human, male, a beard, found in Bandit Camp Quarry"
../data/chatheads/1060.png,"Drezel: Human, male, found in Paterdomus"
../data/chatheads/1061.png,"Driftwood: Troll, male, a goatee, a hood, found in Weiss"
../data/chatheads/1064.png,"Droalak: Ghost, male, glasses, found in Port Phasmatys"
../data/chatheads/1065.png,"Drogo dwarf: Dwarf, male, a beard, found in Dwarven Mine"
../data/chatheads/1066.png,"Dromund: Dwarf, male, a beard, glasses, found in Keldagrim"
../data/chatheads/1067.png,"Dromund's cat: Cat, male, a mask, glasses, found in Keldagrim"
../data/chatheads/1068.png,"Dron: Human, male, a beard, a helmet, glasses, found in Rellekka"
../data/chatheads/1069.png,"Druid: Human, male, a beard, glasses, found in White Knights' Castle"
../data/chatheads/1070.png,"Druid: Human, male, a beard, glasses, found in White Knights' Castle"
../data/chatheads/1071.png,"Druid: Human, male, a beard, glasses"
../data/chatheads/1072.png,"Druid spirit: male, a beard, a mask, glasses, found in Ancient Guthixian Temple"
../data/chatheads/1073.png,"Drunken Ali: Human, male, a beard, unnatural hair, found in Pollnivneach"
../data/chatheads/1074.png,"Drunken Dwarf: Dwarf, male, a beard, a helmet, glasses, found in Random"
../data/chatheads/1075.png,"Drunken Dwarf: Dwarf, male, a beard, a helmet, glasses, found in Keldagrim"
../data/chatheads/1076.png,"Drunken Dwarf: a beard, a helmet, glasses, found in Player-owned boat"
../data/chatheads/1078.png,"Drunken soldier: Human, male, found in The Cloak and Stagger"
../data/chatheads/1079.png,"Dryad: unnatural hair, a mask, glasses, found in Forestry events"
../data/chatheads/1088.png,"Duel Guide: Human, female, brown hair, glasses, found in Emir's Arena"
../data/chatheads/1090.png,"Dugopul: Monkey, male, a mask, glasses, found in Ape Atoll"
../data/chatheads/1091.png,"Duke: Dog, male, a crown, glasses, found in Varrock south entrance"
../data/chatheads/1093.png,"Duke Horacio: Human, male, a beard, found in Lumbridge Castle"
../data/chatheads/1094.png,"Duke Horacio: Human, male, a beard, found in Lumbridge Castle ground floor [ UK ] 1 st floor [ US ]"
../data/chatheads/1095.png,"Duke Rabbacio: Rabbit, male, a hood, found in Western Bunbridge"
../data/chatheads/1096.png,"Dumpy: Dwarf, male, a beard, glasses, found in Blast Furnace"
../data/chatheads/1097.png,"Dunce: Demon, a goatee, a mask, glasses, found in Surprise Exam random event"
../data/chatheads/1099.png,"Dunstan: Human, male, black hair, a mask, found in Burthorpe"
../data/chatheads/1100.png,"Duradel: Human, male, glasses, found in Shilo Village"
../data/chatheads/1101.png,"Durgok: Dorgeshuun, male, a hat, glasses, found in Dorgesh-Kaan market"
../data/chatheads/1102.png,"Durrik: Dwarf, male, a beard, found in Deepfin Mine"
../data/chatheads/1103.png,"Dusty Aliv: Skeleton, a beard, red hair, a hat, glasses, found in Smoke Dungeon"
../data/chatheads/1104.png,"Dusuri: Dwarf, male, a beard, found in Mining Guild"
../data/chatheads/1105.png,"Dwarf: Dwarf, male, a beard, a helmet, glasses, found in Lumbridge , Groats' Farm"
../data/chatheads/1106.png,"Dwarf: Dwarf, male, a beard, found in Deepfin Point"
../data/chatheads/1107.png,"Dwarf: Dwarf, male, a beard, found in Dwarven Mine"
../data/chatheads/1108.png,"Dwarf: Dwarf, female, found in Lovakengj"
../data/chatheads/1109.png,"Dwarf: Dwarf, male, a beard, brown hair, a helmet, glasses, found in Mining Guild"
../data/chatheads/1110.png,"Dwarf: Dwarf, male, a beard, glasses, found in Motherlode Mine"
../data/chatheads/1111.png,"Dwarf: Dwarf, a beard, a helmet, glasses, found in Dorgesh-Kaan–Keldagrim train system"
../data/chatheads/1112.png,"Dwarven Boatman: Dwarf, male, a beard, found in Keldagrim"
../data/chatheads/1113.png,"Dwarven Boatman: Dwarf, male, a beard, found in Keldagrim south-west mine"
../data/chatheads/1114.png,"Dwarven Engineer: Dwarf, male, a beard, found in Keldagrim"
../data/chatheads/1115.png,"Dwarven Ferryman: Dwarf, male, a beard, found in Keldagrim"
../data/chatheads/1116.png,"Dwarven Miner: Dwarf, male, a beard, found in Keldagrim"
../data/chatheads/1117.png,"Dylan: Dwarf, male, a beard, found in Christmas Factory"
../data/chatheads/1118.png,"Eadgar: Human, male, a beard, found in Summit of Trollheim ( Trollheim Teleport )"
../data/chatheads/1123.png,"'Eagle-eye' Shultz: Human, male, a beard, glasses, found in Pirates' Cove"
../data/chatheads/1126.png,"Earwen: Elf, female, red hair, found in Prifddinas"
../data/chatheads/1127.png,"Easter Bunny: Rabbit, male, glasses, found in South of Falador"
../data/chatheads/1128.png,"Easter Bunny: Rabbit, female, glasses, found in South of Falador"
../data/chatheads/1129.png,"Easter Duck: Bird, glasses, found in Easter Bunny 's burrow"
../data/chatheads/1132.png,"Easter egg bird: Bird, glasses, found in Easter Bunny 's Burrow"
../data/chatheads/1135.png,"Eblis: Human, male, a helmet, glasses, found in South-east of Bandit Camp"
../data/chatheads/1136.png,"Ecatl: Human, male, a hood, glasses, found in Kastori"
../data/chatheads/1137.png,"Ed: Human, male, red hair, glasses, found in Unmarked Grave"
../data/chatheads/1138.png,"Ed Wood: Human, male, a beard, brown hair, glasses, found in Digsite"
../data/chatheads/1139.png,"Edmond: Human, male, a beard, glasses, found in East Ardougne"
../data/chatheads/1140.png,"Edmond: Human, male, found in Bandit camp mine"
../data/chatheads/1141.png,"Edrahil: Elf, male, glasses, found in Prifddinas"
../data/chatheads/1142.png,"Edward: Human, male, a beard, glasses, found in Around the Rogues' Castle"
../data/chatheads/1143.png,"Eebel: Gnome, male, a beard, found in Tree Gnome Stronghold"
../data/chatheads/1144.png,"Eek: Spider, female, a mustache, a crown, glasses, found in ? (edit)"
../data/chatheads/1145.png,"Efa: Elf, female, found in Prifddinas"
../data/chatheads/1146.png,"Effigy: Human, male, a beard, glasses, found in Outside the Tower of Life"
../data/chatheads/1147.png,"Eg: Rabbit, male, a crown, glasses, found in Lumbridge"
../data/chatheads/1149.png,"Egg: Rabbit, male, glasses, found in Al Kharid"
../data/chatheads/1153.png,"Egg Priest: a beard, glasses, found in Church of Ayaster"
../data/chatheads/1154.png,"Egg priest: a beard, glasses, found in Easter Workshop"
../data/chatheads/1155.png,"Eggus manus: Human, male, a beard, found in Varrock , Church of Ayaster"
../data/chatheads/1156.png,"Eggy: Rabbit, male, glasses, found in Draynor Village"
../data/chatheads/1157.png,"Ehecatl: Human, male, unnatural hair, a hood, glasses, found in Kastori"
../data/chatheads/1158.png,"Eira: Elf, female, found in Prifddinas"
../data/chatheads/1159.png,"Ek'ans Chan: Lizardman, a goatee, a mask, glasses, found in Molch"
../data/chatheads/1160.png,"Ektheme: Human, male, unnatural hair, a hood, found in Library Historical Archive"
../data/chatheads/1161.png,"Eldalote: Elf, female, a goatee, brown hair, glasses, found in Grand Library"
../data/chatheads/1162.png,"Elder Blunn: Tortugan, a beard, a helmet, glasses, found in The Summer Shore"
../data/chatheads/1163.png,"Elder Chaos druid: Human, male, found in Chaos Temple"
../data/chatheads/1164.png,"Elder Coco: Tortugan, a goatee, a helmet, glasses, found in The Summer Shore"
../data/chatheads/1165.png,"Elder Gnome child: Gnome, male, unnatural hair, found in Tree Gnome Stronghold"
../data/chatheads/1166.png,"Elder Guard: Monkey, male, a helmet, glasses, found in Marim"
../data/chatheads/1167.png,"Elder Hubber: Tortugan, a beard, a crown, glasses, found in The Little Pearl"
../data/chatheads/1168.png,"Elder Katt: Tortugan, a beard, a helmet, glasses, found in The Sacred Grove"
../data/chatheads/1169.png,"Elder Kelmo: Tortugan, a hat, glasses, found in The Great Conch"
../data/chatheads/1170.png,"Elder Korel: Tortugan, male, a goatee, a mask, glasses, found in The Summer Shore"
../data/chatheads/1171.png,"Elder Krill: Tortugan, a hat, glasses, found in The Summer Shore"
../data/chatheads/1172.png,"Elder Nama: Tortugan, a beard, a crown, glasses, found in The Great Conch"
../data/chatheads/1173.png,"Elder Raley: Tortugan, male, a goatee, a helmet, glasses, found in The Great Conch"
../data/chatheads/1174.png,"Elder Reggle: Tortugan, a hat, glasses, found in Coral Nurseries entrance"
../data/chatheads/1175.png,"Elder Root: Tortugan, a hat, glasses, found in The Little Pearl"
../data/chatheads/1176.png,"Elder Strom: Tortugan, a goatee, a helmet, glasses, found in The Summer Shore"
../data/chatheads/1177.png,"Elder Torgan: Tortugan, a goatee, a hat, glasses, found in The Summer Shore"
../data/chatheads/1178.png,"Eldgrim: Human, male, a beard, blonde hair, found in Rellekka Longhall Bar"
../data/chatheads/1180.png,"Eleanor: Human, female, brown hair, glasses, found in Port Roberts"
../data/chatheads/1182.png,"Elena: Human, female, brown hair, glasses, found in East Ardougne"
../data/chatheads/1183.png,"Elena Hosidius: Human, female, brown hair, found in Hosidius"
../data/chatheads/1184.png,"Elenwe: Elf, female, found in Prifddinas"
../data/chatheads/1185.png,"Eleuia: Human, female, a beard, a mask, glasses, found in Tower of Ascension"
../data/chatheads/1186.png,"Elf Tracker: Elf, male, a goatee, unnatural hair, found in Isafdar"
../data/chatheads/1187.png,"Elf warrior: Elf, male, unnatural hair, glasses, found in Arandar"
../data/chatheads/1189.png,"Elgan: Elf, male, a goatee, glasses, found in Prifddinas"
../data/chatheads/1190.png,"Elias White: Human, male, a beard, found in Jolly Boar Inn"
../data/chatheads/1192.png,"Elijah: Human, male, a goatee, brown hair, found in Shayzien"
../data/chatheads/1193.png,"Elisabeta: Human, female, red hair, glasses, found in Burgh de Rott"
../data/chatheads/1194.png,"Elise: Human, female, blonde hair, found in Kourend Castle courtyard"
../data/chatheads/1195.png,"Elissa: Human, female, glasses, found in Digsite"
../data/chatheads/1196.png,"Elite Black Knight: Human, male, a beard, a hood, glasses, found in Black Knight Catacombs"
../data/chatheads/1197.png,"Elite Void Knight: Human, female, a beard, glasses, found in Void Knights' Outpost"
../data/chatheads/1198.png,"Eliza: Human, female, glasses, found in Varrock Square"
../data/chatheads/1199.png,"Elizabeth: Human, female, red hair, glasses, found in Sinclair Mansion"
../data/chatheads/1200.png,"Elizabeth: Human, female, red hair, found in Port Piscarilius"
../data/chatheads/1201.png,"Elkoy: Gnome, male, a beard, a hood, found in Tree Gnome Village Maze entrance"
../data/chatheads/1202.png,"Elladan: Elf, male, glasses, found in Prifddinas"
../data/chatheads/1203.png,"Ellen: Human, female, brown hair, glasses, found in Myths' Guild"
../data/chatheads/1204.png,"Ellena: Human, female, a helmet, glasses, found in Catherby"
../data/chatheads/1205.png,"Ellie: Human, female, a helmet, found in Ardougne"
../data/chatheads/1206.png,"Ellis: Human, male, unnatural hair, glasses, found in Al Kharid"
../data/chatheads/1207.png,"Elly the Camel: Camel, female, a goatee, a mask, glasses, found in Al Kharid"
../data/chatheads/1208.png,"Elnes: Dwarf, female, a goatee, unnatural hair, a hat, glasses, found in Tithe Farm"
../data/chatheads/1209.png,"Elnock Inquisitor: Gnome, male, a beard, a hood, found in Puro-Puro"
../data/chatheads/1210.png,"Elsie: Human, female, glasses, found in Varrock"
../data/chatheads/1211.png,"Elson: Human, male, a mustache, red hair, a hat, glasses, found in ? (edit)"
../data/chatheads/1212.png,"Elstan: Human, male, a beard, blonde hair, found in South of Falador"
../data/chatheads/1213.png,"Eluned: Elf, female, unnatural hair, a hood, glasses, found in Isafdar , Prifddinas"
../data/chatheads/1214.png,"Eluned: Elf, female, unnatural hair, a hood, glasses, found in Lumbridge Castle ground floor [ UK ] 1 st floor [ US ]"
../data/chatheads/1215.png,"Elven city guard: Elf, male, glasses, found in Prifddinas"
../data/chatheads/1216.png,"Elven Scout: Elf, female, found in Isafdar"
../data/chatheads/1217.png,"Embalmer: Human, male, a beard, a helmet, glasses, found in Sophanem"
../data/chatheads/1218.png,"Emblem Trader: Human, male, a beard, red hair, a hood, found in Daimon's Crater"
../data/chatheads/1219.png,"Emelio: Human, male, glasses, found in Outer Fortis"
../data/chatheads/1220.png,"Emem Sharma: Human, female, unnatural hair, a helmet, glasses, found in World Wildlife Fund conservation area"
../data/chatheads/1221.png,"Emerald Benedict: Human, male, glasses, found in Rogues' Den"
../data/chatheads/1222.png,"Emilia: Human, female, a mask, glasses, found in Burgh de Rott"
../data/chatheads/1223.png,"Emily: Human, female, found in Falador"
../data/chatheads/1224.png,"Emissary Acolyte: Human, a beard, glasses, found in Twilight Temple"
../data/chatheads/1225.png,"Emissary Ascended: Human, female, a mask, glasses, found in Twilight Temple"
../data/chatheads/1226.png,"Emissary Chef: Human, female, a beard, a hood, glasses, found in Twilight Temple"
../data/chatheads/1227.png,"Emissary Chosen: Human, a beard, a helmet, glasses, found in Twilight Temple"
../data/chatheads/1228.png,"Emissary Fisher: Human, male, a beard, a mask, glasses, found in West of the Tower of Ascension"
../data/chatheads/1229.png,"Emissary Herder: Human, male, a beard, a mask, glasses, found in Twilight Temple"
../data/chatheads/1230.png,"Emma: Human, female, red hair, found in Varrock"
../data/chatheads/1231.png,"Enakhra: Mahjarrat, female, red hair, a cape, found in Enakhra's Temple"
../data/chatheads/1234.png,"Enchantment Guardian: Golem, unnatural hair, a crown, glasses, found in Mage Training Arena"
../data/chatheads/1235.png,"Enel: Elf, male, glasses, found in Prifddinas"
../data/chatheads/1236.png,"Enelye: Elf, female, a goatee, brown hair, glasses, found in Prifddinas"
../data/chatheads/1237.png,"Enerdhil: Elf, male, found in Prifddinas"
../data/chatheads/1242.png,"Enilly: Elf, female, found in Prifddinas"
../data/chatheads/1243.png,"Eniola: Human, male, a helmet, glasses, found in Ourania Cave"
../data/chatheads/1244.png,"Ennius Tullus: Human, male, red hair, found in Civitas illa Fortis"
../data/chatheads/1249.png,"Entling: a hat, found in Forestry events"
../data/chatheads/1250.png,"Entomologist: Skeleton, male, a goatee, a helmet, glasses, found in Kalphite Cave"
../data/chatheads/1251.png,"Entrance Guardian: Golem, male, a helmet, glasses, found in Mage Training Arena - Central Chamber"
../data/chatheads/1252.png,"Eodan: Human, male, blonde hair, a hat, glasses, found in Forthos Dungeon"
../data/chatheads/1253.png,"Eohric: Human, male, glasses, found in Burthorpe castle"
../data/chatheads/1254.png,"Eoin: Elf, male, found in Lletya"
../data/chatheads/1255.png,"epic mager34: Human, male, a beard, found in Lumbridge watermill"
../data/chatheads/1256.png,"Episcula Helsing: Vampyre, female, a goatee, a mask, found in South-west Darkmeyer"
../data/chatheads/1257.png,"Erasmus: Human, male, a beard, glasses, a cape, found in Lumbridge"
../data/chatheads/1258.png,"Ercos: Human, male, a goatee, found in Aldarin"
../data/chatheads/1259.png,"Erdan: Human, male, a beard, glasses, found in Myths' Guild"
../data/chatheads/1260.png,"Erestor: Elf, male, found in Prifddinas"
../data/chatheads/1261.png,"Eric: Human, male, brown hair, glasses, found in Ruins of Uzer"
../data/chatheads/1262.png,"Eric: Human, male, a goatee, a hat, found in Rimmington church"
../data/chatheads/1263.png,"Eric: Human, male, a beard, glasses, found in Jatizso"
../data/chatheads/1265.png,"Ermin: Gnome, male, a beard, found in Tree Gnome Stronghold"
../data/chatheads/1267.png,"Erodoeht: Human, male, a goatee, black hair, found in Slepe"
../data/chatheads/1268.png,"Escaping slave: Human, male, a beard, brown hair, glasses, found in Desert Mining Camp"
../data/chatheads/1269.png,"Essyllt: Elf, male, brown hair, glasses, found in Tirannwn , Mourner Headquarters"
../data/chatheads/1270.png,"Estate agent: Human, male, a goatee, a hat, found in Varrock , Falador , Seers' Village , Ardougne , Hosidius"
../data/chatheads/1271.png,"Estate agent: Human, male, a goatee, a hat, found in South of the Edgeville Monastery"
../data/chatheads/1272.png,"Esther: Human, female, brown hair, a hood, glasses, a cape, found in Wintertodt Camp"
../data/chatheads/1273.png,"Ethereal Being: Human, male, a goatee, unnatural hair, a mask, glasses, found in Dream World"
../data/chatheads/1274.png,"Ethereal Expert: Ethereal being, male, a beard, a mask, glasses, found in Dream World"
../data/chatheads/1275.png,"Ethereal Fluke: Ethereal being, male, a beard, a mask, glasses, found in Dream World"
../data/chatheads/1276.png,"Ethereal Guide: Ethereal being, male, a beard, a mask, glasses, found in Dream World"
../data/chatheads/1277.png,"Ethereal Lady: Human, female, a goatee, unnatural hair, a mask, glasses, found in Dream World"
../data/chatheads/1278.png,"Ethereal Man: Human, male, a goatee, unnatural hair, a mask, glasses, found in Dream World"
../data/chatheads/1279.png,"Ethereal Mimic: Ethereal being, a goatee, unnatural hair, a helmet, glasses, found in Dream World"
../data/chatheads/1280.png,"Ethereal Numerator: Lunar Entity, male, a beard, a mask, glasses, found in Dream World"
../data/chatheads/1281.png,"Ethereal Perceptive: Ethereal being, male, a goatee, a mask, glasses, found in Dream World"
../data/chatheads/1282.png,"Etz: Human, male, glasses, found in Auburnvale"
../data/chatheads/1283.png,"Eudav: Elf, male, red hair, found in Lletya"
../data/chatheads/1284.png,"Eve: Human, female, glasses, found in Taverley Dungeon"
../data/chatheads/1285.png,"Eve: Undead, female, brown hair, a hat, found in Western end of Lumbridge Swamp"
../data/chatheads/1286.png,"Evelot: Human, female, found in South of Tower of Life"
../data/chatheads/1287.png,"Evil Bob: Cat, male, found in ScapeRune"
../data/chatheads/1288.png,"Evil Dave: Human, male, a goatee, brown hair, found in Edgeville"
../data/chatheads/1289.png,"Ewesey: Human, female, a beard, a helmet, glasses, found in Mess"
../data/chatheads/1290.png,"Ex-Captain Siad: Human, male, a goatee, a hat, glasses, found in Before hiring: Desert Mining Camp After hiring: The Pandemonium"
../data/chatheads/1291.png,"Examiner: Human, female, glasses, found in Exam Centre"
../data/chatheads/1292.png,"Executioner: Human, male, a beard, a helmet, glasses, found in East Ardougne"
../data/chatheads/1293.png,"Eyatlalli: Nagua, glasses, found in Neypotzli"
../data/chatheads/1295.png,"Ezco, Teoki of Ranul: Human, male, glasses, a cape, found in Varlamore"
../data/chatheads/1296.png,"Ezekial Lovecraft: Human, male, a hat, glasses, found in Witchaven"
../data/chatheads/1297.png,"Faaid: Human, male, a beard, brown hair, glasses, found in Menaphos"
../data/chatheads/1298.png,"Fabia: Human, brown hair, a crown, glasses, found in Tlati Rainforest"
../data/chatheads/1299.png,"Factory Manager: Dwarf, male, a beard, found in Keldagrim"
../data/chatheads/1300.png,"Factory Worker: Dwarf, male, a beard, glasses, found in Blast Furnace"
../data/chatheads/1301.png,"Fadli: Human, male, a beard, brown hair, found in Emir's Arena"
../data/chatheads/1302.png,"Fairy: Fairy, female, found in Zanaris"
../data/chatheads/1303.png,"Fairy: Fairy, female, glasses, found in Fairy Resistance Hideout"
../data/chatheads/1304.png,"Fairy: Fairy, female, red hair, found in Zanaris market"
../data/chatheads/1305.png,"Fairy Aeryka: Fairy, female, found in Zanaris wheat field"
../data/chatheads/1306.png,"Fairy chef: Fairy, female, a helmet, found in Zanaris"
../data/chatheads/1307.png,"Fairy Fixit: Fairy, female, a helmet, found in Zanaris"
../data/chatheads/1308.png,"Fairy Godfather: Fairy, male, a mustache, found in Zanaris throne room next to Slayer master Chaeldar"
../data/chatheads/1309.png,"Fairy Nuff: Fairy, female, found in Her room near Zanaris bank"
../data/chatheads/1310.png,"Fairy Queen: Fairy, female, a crown, found in Zanaris throne room"
../data/chatheads/1311.png,"Fairy shop assistant: Fairy, female, found in Zanaris"
../data/chatheads/1312.png,"Fairy shop keeper: Fairy, female, found in Zanaris"
../data/chatheads/1313.png,"Fairy Very Wise: Fairy, female, glasses, found in Fairy Resistance Hideout"
../data/chatheads/1314.png,"Fake Man: a beard, a hood, glasses"
../data/chatheads/1316.png,"Falo the Bard: Human, male, a beard, found in North of Seers' Village"
../data/chatheads/1318.png,"Fancy Dan: Human, male, a goatee, black hair, a hat, found in Trouble Brewing"
../data/chatheads/1319.png,"Fanellaman: Human, male, a beard, blonde hair, found in Tai Bwo Wannai"
../data/chatheads/1320.png,"Farid Morrisane (ores and bars): Human, male, glasses, found in Grand Exchange"
../data/chatheads/1321.png,"Farmer: Human, male, a hat, found in Hosidius"
../data/chatheads/1322.png,"Farmer: Human, male, a beard, unnatural hair, glasses, found in Kastori"
../data/chatheads/1323.png,"Farmer: Human, male, a beard, found in Miscellania"
../data/chatheads/1324.png,"Farmer: Human, male, brown hair, glasses, found in Groats' farm"
../data/chatheads/1325.png,"Farmer: Human, male, a beard, a hat, found in Shayzien Cloak and Stagger"
../data/chatheads/1326.png,"Farmer: Human, male, a goatee, unnatural hair, glasses, found in Tal Teklan"
../data/chatheads/1327.png,"Farmer: Human, male, a beard, brown hair, a hat, found in The Golden Field"
../data/chatheads/1329.png,"Farmer Brumty: Human, male, a beard, brown hair, a hat, glasses, found in East Ardougne"
../data/chatheads/1330.png,"Farmer Fromund: Human, male, a beard, a hat, found in Southern Etceteria"
../data/chatheads/1331.png,"Farmer Gricoller: Human, male, a beard, a hat, found in Tithe Farm"
../data/chatheads/1332.png,"Farmer Hayfield: Human, male, a beard, brown hair, a hat, found in Hosidius"
../data/chatheads/1333.png,"Farmer Maggot: Rabbit, a hat, glasses, found in Eastern Bunbridge"
../data/chatheads/1334.png,"Farolt: Human, male, a beard, glasses, found in Giants' Den"
../data/chatheads/1335.png,"Fat Rocco: Fairy, male, found in Zanaris throne room"
../data/chatheads/1336.png,"Fat Tony: Human, male, a beard, found in Bandit Camp (Wilderness)"
../data/chatheads/1337.png,"Father Aereck: Human, male, found in Lumbridge"
../data/chatheads/1338.png,"Father Aereck: Human, male, found in Lumbridge"
../data/chatheads/1339.png,"Father Badden: Human, male, a beard, glasses, found in Ruins of Uzer"
../data/chatheads/1340.png,"Father Buckerek: Rabbit, a hood, glasses, found in Bunbridge"
../data/chatheads/1341.png,"Father Eysseric: Human, male, a goatee, a cape, found in Shayzien"
../data/chatheads/1342.png,"Father Gnome: Gnome, male, glasses, found in ? (edit)"
../data/chatheads/1343.png,"Father Jean: Human, male, glasses, found in Hosidius"
../data/chatheads/1344.png,"Father Lawrence: Human, male, found in Varrock church"
../data/chatheads/1345.png,"Father Reen: Human, male, a beard, glasses, found in Al Kharid"
../data/chatheads/1346.png,"Father Urhney: Human, male, a beard, a cape, found in Lumbridge Swamp"
../data/chatheads/1347.png,"Faustus: Human, male, glasses, found in Aldarin"
../data/chatheads/1348.png,"Fayeth: Human, female, brown hair, glasses, found in Lumbridge"
../data/chatheads/1349.png,"Feanor: Elf, male, glasses, found in Prifddinas"
../data/chatheads/1351.png,"Felfiz Yaryus: Gnome, male, a beard, a hood, glasses, found in Farming Guild"
../data/chatheads/1352.png,"Felius: Human, male, glasses, found in Twilight Temple"
../data/chatheads/1353.png,"Felix: Human, black hair, glasses, found in South-west of Tlati Rainforest"
../data/chatheads/1354.png,"Felkrash: Human, female, brown hair, glasses, found in Port Sarim Rat Pits"
../data/chatheads/1357.png,"Female slave: Human, female, unnatural hair, glasses, found in Desert Mining Camp"
../data/chatheads/1360.png,"Femi: Gnome, female, a beard, a hood, found in Tree Gnome Stronghold"
../data/chatheads/1361.png,"Fennec fox: a beard, glasses, found in Avium Savannah"
../data/chatheads/1362.png,"Fennec fox cub: a beard, glasses, found in Avium Savannah"
../data/chatheads/1363.png,"Fenric Hollowspire: Human, male, a beard, a hat, glasses"
../data/chatheads/1364.png,"Ferain: Dwarf, male, a goatee, a hat, glasses, found in Farming Guild"
../data/chatheads/1366.png,"Ferd: Dwarf, male, a beard, a helmet, glasses, found in Miscellania and Etceteria Dungeon"
../data/chatheads/1367.png,"Fernahei: Human, male, a beard, brown hair, found in Shilo Village"
../data/chatheads/1368.png,"Ferox: Human, male, a goatee, unnatural hair, a hat, found in Ferox Enclave"
../data/chatheads/1370.png,"Ferryman Nathwood: Human, male, a beard, glasses, found in West of Ruins of Unkah bank"
../data/chatheads/1371.png,"Ferryman Sathwood: Human, male, a beard, glasses, found in South of Al Kharid bank"
../data/chatheads/1372.png,"Festive Cook: Human, male, a beard, found in The Nutcracker"
../data/chatheads/1373.png,"Ffoni: Elf, female, found in Prifddinas"
../data/chatheads/1374.png,"Fidelio: Werewolf, male, found in Canifis"
../data/chatheads/1376.png,"Filamina: Human, female, a goatee, unnatural hair, a hat, a cape, found in Arceuus"
../data/chatheads/1377.png,"Filliman Tarlock: Ghost, male, a goatee, glasses, a cape, found in Nature Grotto south of Mort Myre Swamp"
../data/chatheads/1378.png,"Financial Advisor: Human, male, a mustache, found in Tutorial Island"
../data/chatheads/1379.png,"Financial Seer: Human, female, blonde hair, found in Neitiznot"
../data/chatheads/1380.png,"Financial Wizard: Human, male, a beard, a hood, glasses, found in Next to bankers"
../data/chatheads/1381.png,"Finarfin: Elf, male, found in Grand Library"
../data/chatheads/1382.png,"Findis: Elf, female, found in Prifddinas"
../data/chatheads/1383.png,"Finduilas: Elf, female, found in Prifddinas"
../data/chatheads/1384.png,"Fingolfin: Elf, male, a goatee, found in Prifddinas"
../data/chatheads/1385.png,"Fingon: Elf, male, red hair, found in Prifddinas"
../data/chatheads/1386.png,"Finn: Human, male, a beard, found in Miscellania and Etceteria Dungeon"
../data/chatheads/1387.png,"Finn: Tortugan, a goatee, a helmet, glasses, found in The Summer Shore"
../data/chatheads/1388.png,"Fionella: Human, female, brown hair, glasses, found in Legends' Guild"
../data/chatheads/1389.png,"Fionn: Pixie, male, a beard, glasses, found in Diango's Workshop"
../data/chatheads/1390.png,"Fior: Dwarf, male, a beard, a helmet, glasses, found in Keldagrim Rat Pits"
../data/chatheads/1391.png,"Fiora: Human, female, black hair, glasses, found in The Pandemonium"
../data/chatheads/1396.png,"First mate 'Davey-boy': Human, male, a beard, brown hair, a helmet, glasses, found in Pirates' Cove"
../data/chatheads/1397.png,"First Mate Deri: Human, male, a crown, glasses, found in Tempoross Cove"
../data/chatheads/1398.png,"First Mate Peri: Human, female, a helmet, glasses, found in Tempoross Cove"
../data/chatheads/1407.png,"Fish monger: Human, male, a beard, glasses, found in Rellekka"
../data/chatheads/1408.png,"Fish monger: Human, male, a beard, a helmet, glasses, found in The Warrens"
../data/chatheads/1411.png,"Fisher: brown hair, a helmet, glasses, found in Fortis Cothon , Sunset Coast , Outer Fortis"
../data/chatheads/1412.png,"Fisherman: Human, male, a beard, found in Fishing Platform"
../data/chatheads/1413.png,"Fisherman: Human, male, a beard, a helmet, glasses, found in Fisher Realm"
../data/chatheads/1414.png,"Fisherman: Human, male, found in Port Piscarilius"
../data/chatheads/1415.png,"Fisherman: Human, male, a beard, found in Rellekka Docks"
../data/chatheads/1416.png,"Fisherman Frodi: Human, male, a beard, found in Miscellania"
../data/chatheads/1441.png,"Fishing tutor: Human, male, a goatee, a hat, found in North-east of the Lumbridge Swamp training mine"
../data/chatheads/1442.png,"Fishmonger: Human, male, a beard, glasses, found in Miscellania"
../data/chatheads/1443.png,"fishrunner82: Human, male, a beard, glasses, found in Hallowed Sepulchre"
../data/chatheads/1444.png,"Flax keeper: Human, male, brown hair, glasses, found in Seers' Village Flax Fields"
../data/chatheads/1445.png,"Flaygian Screwte: Human, male, a beard, glasses, found in Meiyerditch"
../data/chatheads/1447.png,"Flippa: Troll, male, a goatee, a helmet, glasses, found in Pinball random event"
../data/chatheads/1451.png,"Floria: brown hair, glasses, found in Civitas illa Fortis"
../data/chatheads/1452.png,"Florin: Human, male, brown hair, glasses, found in Burgh de Rott"
../data/chatheads/1453.png,"Flosi Dalksson: Human, male, a beard, red hair, glasses, found in Jatizso"
../data/chatheads/1456.png,"Flower Girl: Human, female, blonde hair, found in Miscellania Market"
../data/chatheads/1463.png,"Flynn: Human, male, a beard, a helmet, glasses, found in Falador"
../data/chatheads/1464.png,"Forebearer Fides: Human, female, a mask, glasses, found in Twilight Temple"
../data/chatheads/1466.png,"Forebearer Janus: Human, male, red hair, a mask, glasses, found in Twilight Temple , Tower of Ascension"
../data/chatheads/1467.png,"Forebearer Vulcan: Human, male, a mask, glasses, found in Ruins of Tapoyauik"
../data/chatheads/1468.png,"Forester (hard): Human, male, brown hair, found in Paterdomus"
../data/chatheads/1469.png,"Forester: Human, male, a beard, unnatural hair, a helmet, glasses, found in McGrubor's Wood"
../data/chatheads/1470.png,"Former Vampyre: Human, male, found in Meiyerditch"
../data/chatheads/1471.png,"Fornek quo Maten: Kahlith, a goatee, a mask, glasses, found in Mount Karuulm"
../data/chatheads/1472.png,"Fortunato: Human, male, a beard, a hat, glasses, found in Draynor Village"
../data/chatheads/1473.png,"Fossegrimen: Ghost, female, a mask, glasses, found in South-west of Rellekka"
../data/chatheads/1474.png,"Fossil Collector: Human, female, a helmet, glasses, found in Fossil Island"
../data/chatheads/1475.png,"Fox: a goatee, red hair, a hood, glasses, found in Forestry"
../data/chatheads/1477.png,"Francis: Human, male, a beard, found in Entrana"
../data/chatheads/1478.png,"Francis: Human, male, a crown, found in Auburnvale"
../data/chatheads/1479.png,"Francois: Human, male, a goatee, found in Corsair Cove Dungeon"
../data/chatheads/1480.png,"Frank: Human, male, a beard, found in Sinclair Mansion"
../data/chatheads/1482.png,"Frankie: Human, male, a beard, a helmet, glasses, found in Port Piscarilius"
../data/chatheads/1483.png,"Franklin Caranos: Human, male, a beard, found in Piscatoris Fishing Colony"
../data/chatheads/1484.png,"Freaky Forester: Human, male, a goatee, a hat, found in Freaky Forest"
../data/chatheads/1485.png,"Freaky Forester: Human, a goatee, a hat, found in Forestry events"
../data/chatheads/1486.png,"Freald: Human, male, a goatee, a hat, found in Arceuus"
../data/chatheads/1487.png,"Fred the Farmer: Human, male, brown hair, a hat, glasses, found in Lumbridge"
../data/chatheads/1488.png,"Fred the Farmer: Human, male, brown hair, a hat, glasses, a cape, found in Fred's farm"
../data/chatheads/1489.png,"Freja: Human, female, a beard, a mask, glasses, found in Myths' Guild"
../data/chatheads/1490.png,"Fremennik Warrior: Human, male, a beard, a helmet, glasses, found in Rellekka"
../data/chatheads/1491.png,"Frenita: Human, female, glasses, found in Yanille"
../data/chatheads/1492.png,"Freygerd: Human, female, blonde hair, found in Rellekka"
../data/chatheads/1493.png,"Freygerd: Human, female, blonde hair, found in Jatizso"
../data/chatheads/1494.png,"Fridgeir: Human, male, a beard, brown hair, found in Rellekka Longhall Bar"
../data/chatheads/1495.png,"Fridleif Shieldson: Human, male, a beard, a helmet, glasses, found in Neitiznot Hall"
../data/chatheads/1498.png,"Friendly Ent: a beard, a mask, glasses"
../data/chatheads/1499.png,"Friendly Forester: Human, male, a goatee, a hat, found in Draynor Village , Seers' Village , Prifddinas , Nemus Retreat"
../data/chatheads/1502.png,"Frincos: Human, male, found in Entrana"
../data/chatheads/1503.png,"Fritz the Glassblower: Human, male, a mustache, a helmet, glasses, found in Entrana"
../data/chatheads/1504.png,"Frizzy Skernip: Gnome, male, a beard, a hood, glasses, found in Port Sarim"
../data/chatheads/1505.png,"Frog: Frog, a beard, red hair, a hat, a cape, found in Kiss the frog random event"
../data/chatheads/1511.png,"Frog: Frog, unnatural hair, a crown, found in Zanaris"
../data/chatheads/1512.png,"Frog Prince: Human, male, red hair, a crown, found in Random"
../data/chatheads/1513.png,"Frog Princess: Human, female, blonde hair, glasses, found in Random"
../data/chatheads/1514.png,"Froono: Gnome, male, found in Tree Gnome Stronghold"
../data/chatheads/1520.png,"Fry: Human, male, found in Rabbit Hole"
../data/chatheads/1521.png,"Fuggy: Dwarf, male, a beard, found in Lovakengj"
../data/chatheads/1522.png,"Fullangr: Dwarf, male, a beard, found in Miscellania and Etceteria Dungeon"
../data/chatheads/1523.png,"Funbo: Dwarf, male, a beard, red hair, found in The Lost Pickaxe"
../data/chatheads/1524.png,"Fur Merchant: female, a beard, brown hair, glasses, found in Civitas illa Fortis"
../data/chatheads/1525.png,"Fur trader: Human, male, a beard, found in East Ardougne"
../data/chatheads/1526.png,"Fur trader: Human, male, a beard, a mask, found in Rellekka marketplace"
../data/chatheads/1527.png,"Furia Tullus: Human, female, red hair, a crown, glasses, found in Civitas illa Fortis"
../data/chatheads/1529.png,"Fycie: Ogre, female, a hat, glasses, found in Feldip Hills"
../data/chatheads/1530.png,"Fyiona Fray (easy): Human, female, found in Burgh de Rott"
../data/chatheads/1531.png,"G.L.O. Caranock: Gnome, male, a beard, a hood, glasses, found in Karamja Shipyard"
../data/chatheads/1532.png,"Gabba, Apprentice Coral Farmer: Squirrel, male, a goatee, a mask, glasses, a cape, found in ? (edit)"
../data/chatheads/1534.png,"Gabooty: Human, male, a beard, glasses, found in Tai Bwo Wannai"
../data/chatheads/1535.png,"Gabriela: Human, female, a mask, found in Burgh de Rott"
../data/chatheads/1536.png,"Gadrin: Dwarf, male, a beard, glasses, found in Mining Guild"
../data/chatheads/1537.png,"Gaius: Human, male, a beard, glasses, found in Taverley"
../data/chatheads/1538.png,"Galahad: Human, male, a beard, glasses, found in Near McGrubor's Wood"
../data/chatheads/1539.png,"Galana: Human, female, a goatee, unnatural hair, a hat, a cape, found in Arceuus Library"
../data/chatheads/1540.png,"Galathil: Elf, male, found in Prifddinas"
../data/chatheads/1541.png,"Gallow: Human, female, a hat, glasses, found in Hosidius"
../data/chatheads/1542.png,"Galna: Dwarf, female, a beard, found in Cam Torum"
../data/chatheads/1543.png,"Gamer: Human, male, a goatee, a hat, found in The Rat Pits"
../data/chatheads/1544.png,"Gamfred: Dwarf, male, a beard, found in Warriors' Guild"
../data/chatheads/1545.png,"Garai: Human, male, a beard, a helmet, glasses, found in Nardah"
../data/chatheads/1546.png,"Garbek quo Maten: Kahlith, male, a goatee, a mask, glasses, found in Karuulm Slayer Dungeon"
../data/chatheads/1547.png,"Garden supplier: Human, female, brown hair, a hat, found in Falador Park"
../data/chatheads/1548.png,"Gardener: Gnome, male, a beard, a hood, glasses, found in No"
../data/chatheads/1549.png,"Gardener Ghost: Ghost, male, a beard, a hat, glasses, found in Fenkenstrain Castle"
../data/chatheads/1550.png,"Gardener Gunnhild: Human, female, blonde hair, found in Miscellania"
../data/chatheads/1551.png,"Gardener Jay Jr.: Human, male, a beard, a hat, found in Clan Hall garden"
../data/chatheads/1552.png,"Gargh: Ogre, male, found in South of Castle Wars"
../data/chatheads/1553.png,"Garkor: Gnome, male, red hair, a helmet, glasses, found in Ape Atoll"
../data/chatheads/1554.png,"Garl: Human, male, glasses, found in Isle of Souls"
../data/chatheads/1555.png,"Garth: Human, male, a goatee, a hat, found in Brimhaven"
../data/chatheads/1556.png,"Garth: Human, male, glasses, found in Ver Sinhaza"
../data/chatheads/1557.png,"Garv: Human, male, brown hair, a helmet, glasses, found in Brimhaven"
../data/chatheads/1558.png,"Gary: a mustache, a helmet, glasses, found in Locus Oasis"
../data/chatheads/1559.png,"Gary: Human, male, found in Varrock"
../data/chatheads/1560.png,"Gary's hat: a cape, found in South Varrock"
../data/chatheads/1561.png,"Gate of War: a goatee, a crown, glasses, found in Stronghold of Security , Vault of War"
../data/chatheads/1562.png,"Gatekeeper: Mindslayers, male, a goatee, a crown, glasses, a cape, found in Zanaris"
../data/chatheads/1563.png,"Gauss: Dwarf, male, a beard, found in Keldagrim"
../data/chatheads/1566.png,"Gee: Human, male, a beard, found in Lumbridge"
../data/chatheads/1567.png,"Gelin: Human, female, glasses, found in Lumbridge graveyard"
../data/chatheads/1568.png,"Gelmir: Elf, male, a beard, red hair, glasses, found in Prifddinas"
../data/chatheads/1569.png,"Gem: Human, female, blonde hair, found in Clan Hall"
../data/chatheads/1570.png,"Gem merchant: Human, male, a beard, a hat, found in East Ardougne"
../data/chatheads/1571.png,"Gem Merchant: Human, male, brown hair, a hat, glasses, found in Civitas illa Fortis"
../data/chatheads/1572.png,"Gem merchant: Human, male, a beard, a hat, found in Kourend Castle"
../data/chatheads/1573.png,"Gem trader: Human, male, a beard, glasses, found in Al Kharid"
../data/chatheads/1576.png,"General Babacus: Human, male, a beard, found in Shayzien"
../data/chatheads/1577.png,"General Bentnoze: Goblin, male, red hair, a helmet, glasses, found in Goblin Village"
../data/chatheads/1578.png,"General Hining: Human, male, a goatee, glasses, found in Tyras Camp"
../data/chatheads/1579.png,"General Khazard: Mahjarrat, male, a goatee, a helmet, glasses, found in Fremennik Province"
../data/chatheads/1580.png,"General Kilian: Human, female, glasses, found in Shayzien"
../data/chatheads/1581.png,"General Salara: Human, female, glasses, found in Shayzien"
../data/chatheads/1582.png,"General Vir: Human, male, a beard, found in Battlefront"
../data/chatheads/1583.png,"General Wartface: Goblin, male, a goatee, a mask, glasses, found in Goblin Village , Banquet room Lumbridge during Recipe for Disaster quest"
../data/chatheads/1585.png,"Generic Diplomat: Gnome, male, glasses"
../data/chatheads/1586.png,"Generous Treater: Human, male, a goatee, a mask, glasses, found in Varrock"
../data/chatheads/1587.png,"Genie: Genie, male, a goatee, a mask, glasses, found in Random event"
../data/chatheads/1588.png,"Genie: Human, a goatee, a mask, glasses, found in ? (edit)"
../data/chatheads/1589.png,"Genie: Genie, male, a goatee, a mask, glasses, found in A cave near Nardah"
../data/chatheads/1590.png,"George Laxmeister: Human, male, a beard, a helmet, glasses, found in Piscatoris Fishing Colony"
../data/chatheads/1591.png,"Georgie: Human, male, found in Varrock"
../data/chatheads/1592.png,"Gerald: Human, male, a beard, found in South of Baxtorian Falls"
../data/chatheads/1593.png,"Gerardus: Human, male, a mustache, glasses, found in Port Roberts"
../data/chatheads/1594.png,"Gerrant: Human, male, brown hair, a hat, glasses, found in Port Sarim"
../data/chatheads/1595.png,"Gerrant: Human, male, brown hair, a hat, glasses"
../data/chatheads/1596.png,"Gertrude: Human, female, glasses, found in Varrock"
../data/chatheads/1597.png,"Gertrude: Human, female, red hair, found in Varrock"
../data/chatheads/1598.png,"Gertrude's cat: Cat, female, a mask, glasses, found in Lumber Yard"
../data/chatheads/1599.png,"Gethin: Elf, male, glasses, found in Lletya"
../data/chatheads/1600.png,"Ghaslor the Elder: Human, male, a beard, a helmet, glasses, found in Nardah"
../data/chatheads/1602.png,"Ghommal: Human, male, a beard, a helmet, glasses, found in In front of the Warriors' Guild"
../data/chatheads/1603.png,"Ghost: Ghost, female, glasses, found in ? (edit)"
../data/chatheads/1605.png,"Ghost: Ghost, female, glasses, found in Auburn Valley"
../data/chatheads/1606.png,"Ghost: Goblin, a mask, glasses, found in Goblin Cave"
../data/chatheads/1609.png,"Ghost: Undead, male, a hood, glasses, found in Mynydd"
../data/chatheads/1610.png,"Ghost: Human, male, a beard, a mask, glasses, found in Ruins of Camdozaal"
../data/chatheads/1613.png,"Ghost: Ghost, male, a beard, a helmet, glasses, found in Goblin Cave (through crevice)"
../data/chatheads/1614.png,"Ghost: Ghost, a hood, glasses, found in Tombs of Amascut"
../data/chatheads/1616.png,"Ghost banker: Ghost, male, glasses, found in Port Phasmatys Bank"
../data/chatheads/1617.png,"Ghost captain: Ghost, male, glasses, found in Port Phasmatys"
../data/chatheads/1618.png,"Ghost captain: Ghost, male, glasses, found in Port Phasmatys"
../data/chatheads/1619.png,"Ghost Cat: Cat, a helmet, found in South Falador Farm"
../data/chatheads/1620.png,"Ghost disciple: Ghost, male, glasses, found in Port Phasmatys"
../data/chatheads/1621.png,"Ghost farmer: Ghost, male, a hat, glasses, found in Alice's farm"
../data/chatheads/1622.png,"Ghost guard: Ghost, male, glasses, found in Outside Port Phasmatys"
../data/chatheads/1623.png,"Ghost innkeeper: Ghost, male, glasses, found in Port Phasmatys"
../data/chatheads/1624.png,"Ghost sailor: Ghost, male, glasses, found in Port Phasmatys"
../data/chatheads/1625.png,"Ghost shopkeeper: Ghost, male, glasses, found in Port Phasmatys"
../data/chatheads/1626.png,"Ghost villager: Ghost, male, glasses, found in Port Phasmatys"
../data/chatheads/1629.png,"Gianne jnr.: Gnome, male, a helmet, glasses, found in Grand Tree"
../data/chatheads/1636.png,"Giant Squirrel: Squirrel, a goatee, red hair, a helmet, glasses, found in Agility training"
../data/chatheads/1638.png,"Gielinor Guide: Human, male, a goatee, red hair, a helmet, found in Tutorial Island"
../data/chatheads/1639.png,"Gilbert: Leprechaun, male, a beard, red hair, found in South-east of Barbarian Village"
../data/chatheads/1640.png,"Gilbert: Leprechaun, male, a beard, glasses, found in Lumbridge Castle"
../data/chatheads/1641.png,"Giles: Human, male, a goatee, found in Anywhere random events can occur"
../data/chatheads/1642.png,"Gileth: Human, female, brown hair, glasses, found in Tree Gnome Village"
../data/chatheads/1643.png,"Gillie Groats: Human, female, found in Eastern Lumbridge cow pen, near the Al Kharid toll gate."
../data/chatheads/1645.png,"Gita Prymes: Human, female, a helmet, glasses, found in Ruins of Unkah"
../data/chatheads/1646.png,"Gladiator: Elf, male, a goatee, unnatural hair, a helmet, glasses, found in Prifddinas"
../data/chatheads/1647.png,"Gladiator: a beard, a helmet, glasses, found in Fortis Colosseum"
../data/chatheads/1648.png,"Glanton: Human, male, a beard, brown hair, a hat, found in Rabbit Hole"
../data/chatheads/1649.png,"Glenda: Elf, female, a goatee, a helmet, glasses, found in Prifddinas"
../data/chatheads/1650.png,"Glorfindel: Elf, male, glasses, found in Prifddinas"
../data/chatheads/1651.png,"Gloria: brown hair, glasses, found in Fortis Colosseum"
../data/chatheads/1652.png,"Gloria Kebbit-Monkfish: Merfolk, a goatee, brown hair, glasses, found in ? (edit)"
../data/chatheads/1653.png,"Glough: Gnome, male, a beard, a helmet, glasses, found in Tree Gnome Stronghold"
../data/chatheads/1654.png,"Glouphrie the Untrusted: Gnome, male, a beard, a hood, glasses, a cape, found in Quest cutscene"
../data/chatheads/1655.png,"Gnocci the Cook: Human, male, a beard, red hair, a helmet, glasses, found in Corsair Cove"
../data/chatheads/1656.png,"Gnome: Gnome, female, a beard, a hood, found in Catherby beach"
../data/chatheads/1657.png,"Gnome: Gnome, female, a beard, a hood, glasses"
../data/chatheads/1658.png,"Gnome: Gnome, male, a beard, a hood, found in Taverley"
../data/chatheads/1659.png,"Gnome: Gnome, male, a beard, a hood, glasses, found in Mourner HQ Prison in West Ardougne"
../data/chatheads/1660.png,"Gnome ball referee: Gnome, male, glasses, found in Tree Gnome Stronghold"
../data/chatheads/1661.png,"Gnome baller: Gnome, male, glasses, found in Tree Gnome Stronghold"
../data/chatheads/1662.png,"Gnome banker: Gnome, male, found in Gnome Stronghold"
../data/chatheads/1663.png,"Gnome child: Gnome, found in Catherby beach"
../data/chatheads/1664.png,"Gnome child: Gnome, male, unnatural hair, found in Falador Party Room"
../data/chatheads/1665.png,"Gnome Child: Gnome, male, unnatural hair, a hat, found in Wizards' Tower 2 nd floor [ UK ] 3 rd floor [ US ]"
../data/chatheads/1667.png,"Gnome Coach: Gnome, male, a beard, a helmet, glasses, found in Tree Gnome Stronghold Gnome Ball"
../data/chatheads/1668.png,"Gnome emissary: Gnome, male, found in Keldagrim"
../data/chatheads/1669.png,"Gnome inspector: Gnome, male, red hair, glasses, found in ? (edit)"
../data/chatheads/1671.png,"Gnome shop keeper: Gnome, male"
../data/chatheads/1672.png,"Gnome soldier: Gnome, male, a beard, a hood, found in Battle of Atarisundri"
../data/chatheads/1673.png,"Gnome trainer: Gnome, male, a beard, a hood, found in Tree Gnome Stronghold"
../data/chatheads/1674.png,"Gnome traveller: Gnome, female, a beard, a hood, found in King's Axe Inn , 1 st floor [ UK ] 2 nd floor [ US ]"
../data/chatheads/1675.png,"Gnome Waiter: Gnome, male, found in Grand Tree"
../data/chatheads/1676.png,"Gnome winger: Gnome, male, glasses, found in Gnome Ball pitch"
../data/chatheads/1677.png,"Gnormadium Avlafrim: Gnome, male, glasses, found in Feldip Hills"
../data/chatheads/1678.png,"Gnosi: Human, female, a goatee, unnatural hair, a hat, a cape, found in Mount Quidamortem"
../data/chatheads/1680.png,"Goat Poo: Troll, male, a goatee, a mask, glasses, found in Weiss"
../data/chatheads/1681.png,"Goblin: Goblin, glasses, found in Falador"
../data/chatheads/1682.png,"Goblin: Goblin, glasses, found in Falador"
../data/chatheads/1683.png,"Goblin: Goblin, male, a goatee, a helmet, glasses, found in Lumbridge"
../data/chatheads/1684.png,"Goblin: Goblin, male, a helmet, glasses, found in Battle of Atarisundri"
../data/chatheads/1685.png,"Goblin: Goblin, a hat, glasses, found in Observatory Dungeon"
../data/chatheads/1688.png,"Goblin Cook: Goblin, male, a hat, found in Goblin Village"
../data/chatheads/1691.png,"Goblin guard: Goblin, male, a helmet, glasses, found in Goblin Cave"
../data/chatheads/1692.png,"Goblin priest: Goblin, glasses, found in ? (edit)"
../data/chatheads/1693.png,"Goblin Recruiter: Goblin, male, glasses, found in Falador"
../data/chatheads/1694.png,"Goblin scribe: Dorgeshuun, male, a mask, glasses, found in Dorgesh-Kaan"
../data/chatheads/1695.png,"Godric: Human, male, found in Troll Stronghold prison"
../data/chatheads/1700.png,"Goldie: Rabbit, male, a crown, glasses, found in Wester Island"
../data/chatheads/1701.png,"Golova: Human, female, glasses, found in Hosidius"
../data/chatheads/1702.png,"Golrie: Gnome, male, found in Tree Gnome Village dungeon"
../data/chatheads/1705.png,"Gordon: Human, male, a beard, found in Farm south of Farming Guild"
../data/chatheads/1706.png,"Goreu: Elf, male, red hair, glasses, found in Lletya"
../data/chatheads/1707.png,"Gorhak quo Narga: Kahlith, a goatee, a mask, glasses, found in Mount Karuulm"
../data/chatheads/1708.png,"Gorilla: Monkey, a helmet, glasses, found in Ape Atoll"
../data/chatheads/1709.png,"Gossip: Human, male, a beard, brown hair, glasses, found in Sinclair Mansion"
../data/chatheads/1710.png,"Gourmet: Dorgeshuun, male, a mask, glasses, found in Dorgesh-Kaan"
../data/chatheads/1711.png,"GPDT employee: Human, male, a goatee, a helmet, glasses, found in East Ardougne"
../data/chatheads/1712.png,"Grace: Human, female, a beard, glasses, found in Rogues' Den"
../data/chatheads/1714.png,"Grail Maiden: Human, female, black hair, found in Fisher Realm"
../data/chatheads/1715.png,"Grand Exchange Clerk: Human, male, found in Grand Exchange"
../data/chatheads/1716.png,"Grandpa Jack: Human, male, a beard, unnatural hair, a helmet, glasses, found in Hemenster"
../data/chatheads/1717.png,"Grasslegs: Goblin, male, a beard, a mask, glasses, a cape, found in Lumbridge watermill"
../data/chatheads/1719.png,"Grave digger: Ghost, male, a mask, glasses, found in Secluded Chapel"
../data/chatheads/1720.png,"Graveyard Guardian: Golem, male, a beard, a helmet, glasses, found in Mage Training Arena"
../data/chatheads/1721.png,"Gravingas: Ghost, male, a goatee, a mask, glasses, found in Port Phasmatys"
../data/chatheads/1722.png,"Greasycheeks: Goblin, male, a helmet, glasses, found in Goblin settlement"
../data/chatheads/1723.png,"The Great Guardian: Rune guardian, unnatural hair, a helmet, glasses, found in Temple of the Eye"
../data/chatheads/1728.png,"GreatScott85: Human, male, a goatee, a mask, glasses, found in ? (edit)"
../data/chatheads/1731.png,"Green Gemstone Director: Dwarf, male, a beard, found in Keldagrim"
../data/chatheads/1732.png,"Green Gemstone Secretary: Dwarf, male, a beard, found in Keldagrim"
../data/chatheads/1738.png,"Greengrocer: Human, male, a beard, a mask, found in Miscellania Market"
../data/chatheads/1739.png,"Gregg: Rabbit, male, a crown, glasses, found in Draynor Village"
../data/chatheads/1740.png,"Gregory: Human, male, a goatee, a helmet, glasses, found in Port Roberts"
../data/chatheads/1741.png,"Gregory: Human, male, a beard, a hat, found in Blue Moon Inn"
../data/chatheads/1742.png,"Greldo: Goblin, male, red hair, a helmet, glasses, found in Black Knights' Fortress"
../data/chatheads/1743.png,"Grew: Ogre, male, a beard, a helmet, glasses, found in Feldip Hills"
../data/chatheads/1744.png,"Griems: Tortugan, a hat, glasses"
../data/chatheads/1745.png,"Grigor Rasputin: Vampyre, male, glasses, a cape, found in The Crypt"
../data/chatheads/1746.png,"Grigore: Human, male, a goatee, a mask, glasses, found in Burgh de Rott"
../data/chatheads/1747.png,"Grimesquit: Human, female, a helmet, glasses, found in Varrock Sewers"
../data/chatheads/1748.png,"Grimgnash: Griffin, male, a goatee, a helmet, glasses, found in White Wolf Mountain"
../data/chatheads/1749.png,"Grinka Krast: Vampyre, male, glasses, found in East Darkmeyer"
../data/chatheads/1750.png,"Grish: Ogre, male, a beard, a mask, glasses, found in Jiggig"
../data/chatheads/1751.png,"Group Ironman tutor: Human, male, found in Central island of The Node"
../data/chatheads/1752.png,"Group Storage tutor: Human, female, found in Central island of The Node"
../data/chatheads/1754.png,"Grubfoot: Goblin, male, found in Goblin Village"
../data/chatheads/1755.png,"Grubor: Human, male, a beard, a helmet, glasses, found in Brimhaven"
../data/chatheads/1756.png,"Gruff McScruff: Dog, a hat, glasses, found in Hosidius"
../data/chatheads/1757.png,"Grug: Ogre, male, found in Jiggig"
../data/chatheads/1758.png,"Gruh: Ogre, male, found in South of Castle Wars"
../data/chatheads/1759.png,"Grum: Human, male, a goatee, a helmet, glasses, found in Port Sarim"
../data/chatheads/1760.png,"Grum: Human, male, a goatee, a helmet, glasses"
../data/chatheads/1761.png,"Grundt: Dwarf, male, a beard, red hair, a helmet, glasses, found in Jatizso"
../data/chatheads/1762.png,"Grunsh: Ogre, male, found in Red Axe base"
../data/chatheads/1763.png,"Gruva Patrull: Human, male, a beard, a helmet, glasses, found in Jatizso Mine Entrance"
../data/chatheads/1765.png,"Guard: Human, brown hair, a helmet, glasses, found in Falador"
../data/chatheads/1766.png,"Guard: Human, brown hair, a helmet, glasses, found in Falador"
../data/chatheads/1767.png,"Guard: Rabbit, glasses, found in Eastern Bunbridge"
../data/chatheads/1768.png,"Guard: Human, male, a beard, a helmet, glasses, found in Varrock Palace"
../data/chatheads/1769.png,"Guard: Dwarf, a beard, a helmet, glasses, found in Cam Torum"
../data/chatheads/1770.png,"Guard: Human, male, a beard, a mask, glasses, found in East Ardougne"
../data/chatheads/1771.png,"Guard: Human, male, a beard, a helmet, glasses, found in Varrock"
../data/chatheads/1772.png,"Guard: Human, male, a beard, brown hair, a hood, found in Combat Training Camp"
../data/chatheads/1773.png,"Guard: Human, male, a goatee, a helmet, glasses, found in Seers' Village Courthouse"
../data/chatheads/1774.png,"Guard: a beard, glasses, found in H.A.M. Storerooms"
../data/chatheads/1775.png,"Guard: Human, male, a helmet, glasses, found in Varrock"
../data/chatheads/1776.png,"Guard: Human, male, a beard, a helmet, glasses, found in Southern Etceteria"
../data/chatheads/1777.png,"Guard: Human, a beard, a helmet, glasses, found in Fortis Colosseum entrance"
../data/chatheads/1778.png,"Guard: Goblin, a beard, a helmet, glasses, found in Goblin Cave"
../data/chatheads/1780.png,"Guard: Human, male, a beard, a helmet, glasses, found in Jatizso"
../data/chatheads/1781.png,"Guard: Human, male, a beard, a helmet, glasses, found in Jatizso"
../data/chatheads/1782.png,"Guard: Human, male, a beard, a helmet, glasses, a cape, found in Keep Le Faye's Jail"
../data/chatheads/1783.png,"Guard: Human, male, a beard, a helmet, glasses, found in Miscellania Castle"
../data/chatheads/1784.png,"Guard: Human, male, a beard, a helmet, glasses, found in Miscellania market"
../data/chatheads/1785.png,"Guard: Dwarf, a beard, a helmet, glasses, found in Mistrock"
../data/chatheads/1786.png,"Guard: Dwarf, male, a beard, a helmet, glasses, found in Motherlode Mine entrance"
../data/chatheads/1787.png,"Guard: Human, male, a beard, brown hair, a mask, glasses, found in Mountain Camp"
../data/chatheads/1788.png,"Guard: Human, male, a beard, a helmet, glasses, found in Neitiznot"
../data/chatheads/1789.png,"Guard: Human, male, a beard, glasses, found in Port Sarim jail"
../data/chatheads/1790.png,"Guard: Human, male, a beard, glasses, found in Port Sarim jail"
../data/chatheads/1791.png,"Guard: Elf, male, a goatee, unnatural hair, a mask, glasses, found in Prifddinas gates"
../data/chatheads/1793.png,"Guard: Human, male, a beard, a helmet, glasses, found in Rellekka Longhall Bar"
../data/chatheads/1794.png,"Guard: Human, male, a mustache, a helmet, glasses, found in ? (edit)"
../data/chatheads/1795.png,"Guard: Human, male, a goatee, a helmet, glasses, found in Sinclair Mansion"
../data/chatheads/1796.png,"Guard: Dwarf, male, a beard, a helmet, glasses, found in Darkfrost base camp"
../data/chatheads/1797.png,"Guard: Human, a beard, a helmet, glasses, found in The Teomat"
../data/chatheads/1798.png,"Guard Captain: Human, male, a goatee, a helmet, glasses, found in Dragon Inn , Yanille"
../data/chatheads/1799.png,"Guard Captain: a beard, glasses, found in Civitas illa Fortis"
../data/chatheads/1801.png,"Guard Recruiter: Human, male, brown hair, a helmet, glasses, found in Falador"
../data/chatheads/1802.png,"Guard Vemmeldo: Gnome, male, found in Tree Gnome Stronghold"
../data/chatheads/1803.png,"Guardian mummy: Mummy, male, a beard, a hat, glasses, found in Pyramid Plunder"
../data/chatheads/1804.png,"Guardian of Armadyl: Human, male, a beard, brown hair, a mask, glasses, found in Varies"
../data/chatheads/1805.png,"Guardian of Armadyl: Human, male, a beard, brown hair, glasses, found in McGrubor's Wood"
../data/chatheads/1810.png,"Guidor: Human, male, a beard, found in Varrock"
../data/chatheads/1811.png,"Guild Hunter Aco (Expert): Human, male, a beard, a crown, glasses, found in Hunter Guild"
../data/chatheads/1812.png,"Guild Hunter Cervus (Adept): Human, female, a mustache, brown hair, a helmet, glasses, found in Hunter Guild"
../data/chatheads/1813.png,"Guild Hunter Fox: a beard, a helmet, glasses, found in Hunters' Guild"
../data/chatheads/1814.png,"Guild Hunter Kiko: Cat, male, a helmet, glasses, found in Hunters' Guild Burrow"
../data/chatheads/1815.png,"Guild Hunter Ornus (Adept): Human, male, a beard, a helmet, glasses, found in Hunter Guild"
../data/chatheads/1816.png,"Guild Hunter Teco (Expert): Human, male, a beard, brown hair, a helmet, glasses, found in Hunter Guild"
../data/chatheads/1817.png,"Guild Hunter Wolf (Master): Human, female, a beard, a helmet, glasses, found in Hunter Guild"
../data/chatheads/1818.png,"Guild Scribe Verity: Human, female, brown hair, a mask, glasses, found in Hunters' Guild"
../data/chatheads/1819.png,"Guildmaster: Human, male, a goatee, found in Champions' Guild"
../data/chatheads/1820.png,"Guildmaster Apatura: Human, female, brown hair, a mask, glasses, found in Hunter Guild"
../data/chatheads/1821.png,"Guildmaster Jane: Human, female, glasses, found in Farming Guild"
../data/chatheads/1822.png,"Guildmaster Lars: Human, male, a beard, found in Woodcutting Guild"
../data/chatheads/1823.png,"Guilin: Elf, male, a goatee, black hair, found in Prifddinas"
../data/chatheads/1824.png,"Guinevere: Elf, female, brown hair, found in Prifddinas"
../data/chatheads/1825.png,"Gujuo: Human, male, glasses, found in Kharazi Jungle"
../data/chatheads/1829.png,"Gulldamar: Dwarf, male, a beard, a hat, glasses, found in Keldagrim"
../data/chatheads/1830.png,"Gulluck: Gnome, male, a beard, a hood, found in Grand Tree"
../data/chatheads/1831.png,"'Gummy': Human, male, a mustache, a hat, found in Tower of Life"
../data/chatheads/1832.png,"Gundai: Human, male, a goatee, glasses, found in Mage Arena bank"
../data/chatheads/1833.png,"Gundik: Dorgeshuun, female, a helmet, glasses, found in Dorgesh-Kaan market"
../data/chatheads/1834.png,"Gunnar Holdstrom: Human, male, a goatee, brown hair, a hat, glasses, found in Neitiznot"
../data/chatheads/1835.png,"Gunnjorn: Human, male, a goatee, brown hair, a hood, glasses, found in Barbarian Outpost"
../data/chatheads/1836.png,"Gunslik: Dwarf, male, a beard, glasses, found in Western Keldagrim"
../data/chatheads/1837.png,"Guppa: Tortugan, a mustache, a hat, glasses, found in The Summer Shore"
../data/chatheads/1838.png,"Gurl: Human, female, glasses, found in Falador"
../data/chatheads/1839.png,"Gurtob: Ogre, male, a beard, found in Backwater"
../data/chatheads/1841.png,"Guss Mistletoad: Dwarf, male, a beard, a helmet, found in West of Barbarian Village"
../data/chatheads/1843.png,"Gwallter: Elf, male, glasses, found in Prifddinas"
../data/chatheads/1844.png,"Gwerin Hapus: Elf, male, found in Gwenith"
../data/chatheads/1845.png,"Gwindor: Elf, male, a goatee, brown hair, glasses, found in Grand Library"
../data/chatheads/1846.png,"Gwyl: Elf, male, glasses, found in Prifddinas"
../data/chatheads/1847.png,"Gwyn: Elf, male, a goatee, glasses, found in Prifddinas"
../data/chatheads/1848.png,"Gwyna: Elf, female, found in Porth Gwenith"
../data/chatheads/1850.png,"H.A.M. Deacon: Human, male, a beard, a hood, found in H.A.M. Hideout"
../data/chatheads/1851.png,"H.A.M. Member: Human, male, a beard, red hair, a cape, found in H.A.M. Hideout"
../data/chatheads/1852.png,"H.A.M. Member: Human, male, a goatee, a hood, a cape, found in Lumbridge , Seth Groats 's Farm"
../data/chatheads/1853.png,"H.A.M. Member: Human, male, a beard, a hood, a cape, found in H.A.M. Hideout"
../data/chatheads/1854.png,"Habibah: Human, female, a hood, glasses, found in Nardah"
../data/chatheads/1855.png,"Hadley: Human, male, a beard, found in Tourist Information Centre"
../data/chatheads/1856.png,"Haemas Lamescus: Vampyre, male, a mask, found in West Darkmeyer"
../data/chatheads/1857.png,"Haera: Dwarf, female, found in Keldagrim"
../data/chatheads/1858.png,"Hafuba: Monkey, male, a helmet, glasses, found in Ape Atoll"
../data/chatheads/1859.png,"Hagus: Human, male, a beard, found in Scar essence mine"
../data/chatheads/1860.png,"Hairdresser: Human, male, glasses, found in Falador"
../data/chatheads/1861.png,"Hairdresser: Human, male, red hair, found in Falador"
../data/chatheads/1862.png,"Hairdresser: Human, male, red hair, found in Falador"
../data/chatheads/1863.png,"Hajedy: Human, male, a goatee, found in Brimhaven"
../data/chatheads/1864.png,"Haldor quo Keran: Kahlith, a goatee, a mask, glasses, found in Mount Karuulm"
../data/chatheads/1867.png,"Half-Zombie: Zombie, male, a goatee, glasses, found in Lumbridge Swamp"
../data/chatheads/1868.png,"Halla: Human, female, brown hair, found in Miscellania and Etceteria Dungeon"
../data/chatheads/1869.png,"Hallak: Elemental, male, glasses, found in Water Ravine Dungeon"
../data/chatheads/1871.png,"HAM member: Human, male, a beard, glasses, a cape, found in H.A.M. Store room"
../data/chatheads/1872.png,"Hamab: Monkey, female, a helmet, glasses, found in Marim"
../data/chatheads/1873.png,"Hamal the Chieftain: Human, male, a beard, glasses, found in Mountain Camp"
../data/chatheads/1874.png,"Hambling: Human, male, glasses, found in Rellekka Longhall Bar"
../data/chatheads/1875.png,"Hameln the Jester: Human, male, a goatee, unnatural hair, a helmet, glasses, found in Slepe church"
../data/chatheads/1876.png,"Hamid: Human, male, glasses, found in Emir's Arena"
../data/chatheads/1877.png,"Haming: Human, male, a goatee, a helmet, glasses, found in Etceteria market"
../data/chatheads/1879.png,"Hammerspike Stoutbeard: Dwarf, male, a beard, found in Dwarven Mines"
../data/chatheads/1880.png,"Hanchen the Hound: Human, male, a goatee, a hat, glasses, found in Sisterhood Sanctuary"
../data/chatheads/1884.png,"Hannibal: a goatee, a mask, found in Clan Hall kitchen"
../data/chatheads/1885.png,"Hans: Human, male, brown hair, glasses, found in Lumbridge"
../data/chatheads/1886.png,"Hans: Human, male, brown hair, glasses, found in Al Kharid"
../data/chatheads/1887.png,"Hans: Human, red hair, a hat, glasses, found in Blue Moon Inn"
../data/chatheads/1889.png,"Happy gnome child: Gnome, male, found in East Varrock"
../data/chatheads/1890.png,"Hari: Human, male, found in Edgeville , at the eastern bank of the River Lum."
../data/chatheads/1891.png,"Haris: Human, male, a beard, found in North-east of the Myths' Guild"
../data/chatheads/1892.png,"Harminia: brown hair, found in West of Civitas illa Fortis"
../data/chatheads/1893.png,"Harold: Human, male, a helmet, glasses, found in Burthorpe"
../data/chatheads/1894.png,"Harold Evans: Human, male, glasses, found in Under Canifis in the original Myreque Hideout"
../data/chatheads/1895.png,"Harpert: Human, male, glasses, found in Ver Sinhaza"
../data/chatheads/1897.png,"Harrallak Menarous: Human, male, a goatee, a hat, found in Warriors' Guild"
../data/chatheads/1898.png,"Harry: Human, male, glasses, found in Catherby"
../data/chatheads/1900.png,"Haskell: Human, male, a beard, found in • Rellekka • Island of Stone"
../data/chatheads/1901.png,"Hassan: Human, male, a goatee, a helmet, glasses, found in Al Kharid"
../data/chatheads/1902.png,"Hatius Cosaintus: Human, male, a mustache, red hair, a hat, glasses, found in Lumbridge"
../data/chatheads/1903.png,"Hatna: Dwarf, female, a hat, glasses, found in Shayzien Wall"
../data/chatheads/1906.png,"Hazeel: Mahjarrat, male, a goatee, a mask, found in Ardougne Sewers"
../data/chatheads/1907.png,"Hazeel Cultist: Human, male, a hood, found in Ardougne Sewers"
../data/chatheads/1908.png,"Hazelmere: Gnome, male, a beard, a hat, glasses, found in Yanille Chain"
../data/chatheads/1910.png,"Head Butler: Human, male, a goatee, a mask, glasses, found in Villa Lucens"
../data/chatheads/1911.png,"Head chef: Human, male, a beard, found in Cooks' Guild"
../data/chatheads/1912.png,"Head Guard: Human, male, a goatee, black hair, a mask, found in Fight Arena"
../data/chatheads/1913.png,"Head Mourner: Elf, male, a beard, a helmet, glasses, found in West Ardougne"
../data/chatheads/1914.png,"Head mourner: Elf, male, a beard, glasses, found in West Ardougne"
../data/chatheads/1915.png,"Head Servant: Human, male, brown hair, glasses, found in ? (edit)"
../data/chatheads/1917.png,"Heckel Funch: Gnome, male, found in Grand Tree , 1 st floor [ UK ] 2 nd floor [ US ]"
../data/chatheads/1918.png,"Hegio, Teoki of Ranul: male, black hair, a helmet, glasses, found in Civitas illa Fortis crypt"
../data/chatheads/1919.png,"Hegir: Dwarf, male, a goatee, glasses, found in Keldagrim"
../data/chatheads/1920.png,"Helemos: Human, male, a beard, a helmet, glasses, found in Heroes' Guild"
../data/chatheads/1921.png,"Helena: Human, female, red hair, glasses, found in Burgh de Rott"
../data/chatheads/1922.png,"Helena: Human, blonde hair, found in Ruins of Camdozaal"
../data/chatheads/1923.png,"Helga: Human, female, blonde hair, glasses, found in Etceteria Castle"
../data/chatheads/1926.png,"Hell-kitten: Cat, a mask, glasses, found in Evil Dave"
../data/chatheads/1927.png,"Hellpuppy: Hellhound, a goatee, red hair, a hood, a cape, found in Cerberus"
../data/chatheads/1928.png,"Helpful Spirit: Ghost, male, glasses, found in Tombs of Amascut"
../data/chatheads/1929.png,"Helpline Assistant: Human, female, brown hair, glasses"
../data/chatheads/1930.png,"Helvia: Human, female, found in Sunrise Palace"
../data/chatheads/1931.png,"Henderson: Human, male, a beard, found in The Pandemonium"
../data/chatheads/1932.png,"Hendor: Dwarf, male, a beard, found in Mining Guild"
../data/chatheads/1933.png,"Hendor: Elf, male, found in Prifddinas"
../data/chatheads/1934.png,"Hengrad: Human, male, found in Fight Arena"
../data/chatheads/1935.png,"Henja: Human, male, found in Rimmington"
../data/chatheads/1936.png,"Henryeta Carnillean: Human, female, glasses, found in East Ardougne"
../data/chatheads/1937.png,"Herbi: Herbiboar, male, a goatee, a mask, glasses, found in Mushroom Forest"
../data/chatheads/1939.png,"Herman Caranos: Human, male, a mustache, found in Piscatoris Fishing Colony"
../data/chatheads/1940.png,"Hermit: Human, male, a beard, found in ? (edit)"
../data/chatheads/1941.png,"Heron: Bird, a helmet, glasses, wings, found in Fishing training"
../data/chatheads/1942.png,"Herquin: Human, male, a mustache, a mask, found in Falador"
../data/chatheads/1943.png,"Herquin: Human, male, a goatee, red hair, a hat, found in Falador"
../data/chatheads/1944.png,"Herquin: Human, a mustache, a mask, glasses, found in Blue Moon Inn"
../data/chatheads/1945.png,"Hervi: Dwarf, male, a beard, a hat, found in Keldagrim"
../data/chatheads/1946.png,"Heskel: Human, female, red hair, glasses, found in Falador Park"
../data/chatheads/1947.png,"Het: Human, male, a helmet, glasses, found in Jaltevas Pyramid"
../data/chatheads/1949.png,"Hetty: Human, female, found in Rimmington"
../data/chatheads/1950.png,"Hewey: Human, male, brown hair, glasses, found in Lumbridge Swamp"
../data/chatheads/1951.png,"Hickton: Human, male, found in Catherby"
../data/chatheads/1952.png,"Hieve: Human, male, a goatee, a helmet, glasses, found in Brimhaven Dungeon"
../data/chatheads/1954.png,"High Priest: Human, male, glasses, found in Entrana"
../data/chatheads/1955.png,"High Priest: Human, male, a beard, a helmet, glasses, found in Great Temple"
../data/chatheads/1956.png,"High Priest Bighead: Goblin, male, a crown, glasses, found in Goblin Temple"
../data/chatheads/1957.png,"High Priest of Scabaras: Scabarite, a goatee, a mask, glasses, found in Ruins of Ullek"
../data/chatheads/1958.png,"High Priestess Zul-Harcinqa: Gnome, female, a goatee, unnatural hair, a hood, glasses, found in Zul-Andra"
../data/chatheads/1959.png,"Highlord Katlo: Dwarf, male, a beard, found in Cam Torum"
../data/chatheads/1960.png,"Hild: Human, female, found in Burthorpe"
../data/chatheads/1961.png,"Hild: Human, female, brown hair, glasses, found in Miscellania and Etceteria Dungeon"
../data/chatheads/1962.png,"Hirko: Dwarf, male, a beard, found in Keldagrim"
../data/chatheads/1963.png,"Historian Aldo: Human, male, a goatee, brown hair, a hat, found in Varrock Sewers"
../data/chatheads/1964.png,"Historian Duffy: Human, male, a hat, glasses, found in Mount Quidamortem"
../data/chatheads/1965.png,"Historian Minas: Human, male, a beard, a hat, glasses, found in Varrock Museum"
../data/chatheads/1966.png,"Hiylik Myna: Human, male, a beard, found in Paterdomus"
../data/chatheads/1967.png,"Hobbes: Human, male, a mustache, found in Sinclair Mansion"
../data/chatheads/1968.png,"Hofuthand (weapons and armour): Dwarf, male, a beard, red hair, a hat, found in Grand Exchange"
../data/chatheads/1969.png,"Hogst: Ghost, male, a mask, glasses, found in Western end of Lumbridge Swamp"
../data/chatheads/1970.png,"Holgart: Human, male, a beard, a helmet, glasses, found in Witchaven"
../data/chatheads/1971.png,"Holly: Human, female, found in North of Port Sarim"
../data/chatheads/1972.png,"Holoy: Dwarf, male, a beard, glasses, found in Under White Wolf Mountain"
../data/chatheads/1973.png,"Homunculus: Homunculus, a beard, a mask, glasses, found in Tower of Life south of Ardougne"
../data/chatheads/1974.png,"Honest Jimmy: Human, male, a hat, found in Trouble Brewing"
../data/chatheads/1975.png,"Honour guard: Human, male, a beard, a helmet, glasses, found in Neitiznot gates"
../data/chatheads/1976.png,"Hooded Figure: Elf, a beard, a hood, a cape, found in East Ardougne"
../data/chatheads/1977.png,"Hooded Stranger: Human, male, a beard, a hood, glasses, found in Taverley gate"
../data/chatheads/1978.png,"Hooknosed Jack: Human, male, glasses, found in Varrock Rat Pits"
../data/chatheads/1980.png,"Hopleez: Human, male, a goatee, a crown, found in South-eastern coast of Hosidius ."
../data/chatheads/1981.png,"Hops: Human, male, a beard, found in Rimmington"
../data/chatheads/1982.png,"Horace: Human, male, found in Hosidius"
../data/chatheads/1983.png,"Horacio: Human, male, a beard, brown hair, a mask, glasses, found in East Ardougne"
../data/chatheads/1985.png,"Hordal: Dwarf, male, a beard, a hat, found in Kingstown"
../data/chatheads/1987.png,"Horphis: Human, male, a goatee, a hat, glasses, found in Arceuus Library"
../data/chatheads/1988.png,"Horvik: Human, male, found in Varrock , East Anvils"
../data/chatheads/1989.png,"Hosa: Human, male, a beard, found in Kingstown statue"
../data/chatheads/1990.png,"Hotpheex: Human, male, a goatee, a mask, glasses, found in Taverley druid circle"
../data/chatheads/1992.png,"HRH Hrafn: Cat, male, a mask, found in Jatizso"
../data/chatheads/1993.png,"Hring Hring: Human, male, a beard, brown hair, glasses, found in Jatizso"
../data/chatheads/1994.png,"Huberte: a goatee, red hair, a mask, glasses, wings, found in The Hueycoatl"
../data/chatheads/1995.png,"Hudo: Gnome, male, found in The Grand Tree, near Aluft Gianne and the bank."
../data/chatheads/1996.png,"Hudon: Human, male, found in Baxtorian Falls"
../data/chatheads/1997.png,"Hugh: Human, male, a beard, found in Salvager Overlook"
../data/chatheads/1998.png,"Hugor: Dwarf, male, a beard, found in Land's End"
../data/chatheads/1999.png,"Huito: Dwarf, male, a beard, found in Cam Torum"
../data/chatheads/2000.png,"Humphrey Dumphrey: Egg, male, a goatee, a helmet, glasses, found in Tal Teok"
../data/chatheads/2001.png,"Humroc: Dwarf, male, a beard, a helmet, found in World Wildlife Fund conservation area"
../data/chatheads/2002.png,"Hunding: Human, male, a goatee, brown hair, a hood, glasses, found in Barbarian Village"
../data/chatheads/2003.png,"Hunter guild member: a mask, glasses, found in Hunter Guild"
../data/chatheads/2004.png,"Hunting expert: Human, female, a goatee, glasses, found in Feldip Hunter area"
../data/chatheads/2005.png,"Hunting expert: Human, female, a goatee, glasses, found in Feldip Hunter area"
../data/chatheads/2006.png,"Hunting expert: Human, male, a beard, a helmet, glasses, found in Rellekka Hunter area"
../data/chatheads/2007.png,"Huntmaster Gilman (Novice): Human, male, a beard, a helmet, glasses, found in Hunter Guild"
../data/chatheads/2008.png,"Hura: Dwarf, male, a beard, found in Dwarven Mine"
../data/chatheads/2009.png,"Hutza: Human, female, a beard, a helmet, glasses, found in Villa Lucens"
../data/chatheads/2010.png,"Iago: Human, male, a goatee, a helmet, glasses, found in No"
../data/chatheads/2011.png,"Ian: Human, male, a beard, brown hair, found in Near the Forgotten Cemetery"
../data/chatheads/2013.png,"Iban: Human, male, a beard, brown hair, a hood, glasses, a cape, found in Iban's Temple"
../data/chatheads/2016.png,"Ice troll: Troll, male, a goatee, a crown, glasses, found in North of Trollheim"
../data/chatheads/2019.png,"Ichta: Dwarf, female, a beard, found in Mistrock"
../data/chatheads/2020.png,"Icicle: Troll, male, a goatee, a mask, glasses, found in Weiss"
../data/chatheads/2022.png,"Icthlarin: Jackal, male, a goatee, black hair, a mask, found in Klenter's Pyramid"
../data/chatheads/2023.png,"Ictus: Human, male, a beard, glasses, found in Auburnvale"
../data/chatheads/2024.png,"Ide: Human, male, a goatee"
../data/chatheads/2025.png,"Idria: Human, found in Outside McGrubor's Wood"
../data/chatheads/2026.png,"Idril: Elf, female, glasses, found in Prifddinas"
../data/chatheads/2027.png,"Idris: Elf, male, a beard, brown hair, a helmet, glasses, found in Isafdar"
../data/chatheads/2028.png,"Ifaba: Monkey, male, a mask, found in Ape Atoll"
../data/chatheads/2029.png,"Iffie: Human, female, glasses, found in Varrock"
../data/chatheads/2031.png,"Ignatius Vulcan: Human, male, unnatural hair, glasses, found in North-east of the Sorcerer's Tower"
../data/chatheads/2032.png,"Ignisia: Human, female, a goatee, red hair, a hood, found in Wintertodt Camp"
../data/chatheads/2034.png,"Ikkle Hydra: Hydra, a goatee, unnatural hair, a helmet, glasses, found in Alchemical Hydra"
../data/chatheads/2036.png,"Ileana: Human, female, unnatural hair, glasses, found in Burgh de Rott"
../data/chatheads/2037.png,"Ilfeen: Elf, female, blonde hair, found in Isafdar , Prifddinas"
../data/chatheads/2038.png,"Ima: Human, male, a goatee, a helmet, glasses, found in Emir's Arena"
../data/chatheads/2039.png,"Imerominia: Human, female, a goatee, unnatural hair, a hat, a cape, found in Library Historical Archive"
../data/chatheads/2040.png,"Imia: Human, female, a mask, glasses, found in Hunter Guild"
../data/chatheads/2041.png,"Imiago: Human, male, a beard, a helmet, glasses, found in Tai Bwo Wannai"
../data/chatheads/2042.png,"Imin: Elf, male, red hair, found in Prifddinas"
../data/chatheads/2043.png,"Iminye: Elf, female, black hair, glasses, found in Prifddinas"
../data/chatheads/2044.png,"Immenizz: Impling, male, a hat, glasses, found in Puro-Puro"
../data/chatheads/2046.png,"Imp: Demon, a goatee, red hair, a mask, glasses, found in Yama's Lair"
../data/chatheads/2048.png,"Imp defender: Demon, male, a goatee, red hair, a mask, glasses, found in Puro-Puro"
../data/chatheads/2050.png,"Indis: Elf, female, brown hair, found in Prifddinas"
../data/chatheads/2051.png,"Information clerk: Human, female, found in Varrock Museum"
../data/chatheads/2052.png,"Inga: Human, female, found in Rellekka"
../data/chatheads/2053.png,"Inga: Human, female, found in Sunset Coast"
../data/chatheads/2054.png,"Ingrid: Human, female, a goatee, red hair, found in Miscellania and Etceteria Dungeon"
../data/chatheads/2055.png,"Ingrid Hradson: Human, female, blonde hair, glasses, found in Rellekka"
../data/chatheads/2056.png,"Ingwe: Elf, male, red hair, found in Prifddinas"
../data/chatheads/2057.png,"Ingwion: Elf, male, a beard, glasses, found in Prifddinas"
../data/chatheads/2058.png,"Inn Keeper: Dwarf, male, a beard, found in Keldagrim - The King's Axe Inn"
../data/chatheads/2060.png,"Insane: Demon, a goatee, red hair, a mask, glasses, found in Yama's Lair"
../data/chatheads/2062.png,"Iona: Elf, female, red hair, glasses, found in Lletya"
../data/chatheads/2063.png,"Irena: Human, female, glasses, found in Shantay Pass"
../data/chatheads/2064.png,"Irene: Human, female, glasses, found in Mushroom Forest"
../data/chatheads/2065.png,"Irksol: Otherworldly being, male, a hat, glasses, found in Zanaris Marketplace"
../data/chatheads/2066.png,"Iron Bill: Human, male, a beard, found in Port Roberts"
../data/chatheads/2068.png,"Ironman tutor: Human, male, glasses, found in Lumbridge"
../data/chatheads/2069.png,"Ironman tutor: Human, male, found in Tutorial Island"
../data/chatheads/2070.png,"Irwin Feaselbaum: Human, male, red hair, a hat, a cape, found in Necromancer Tower"
../data/chatheads/2071.png,"Isadora: Human, female, a beard, brown hair, glasses, found in Auburnvale"
../data/chatheads/2072.png,"Ish the Navigator: Human, male, a beard, glasses, found in Wintertodt Camp"
../data/chatheads/2073.png,"Ishmael: Human, male, a beard, a helmet, glasses, found in Ruins of Unkah"
../data/chatheads/2074.png,"Isles: Human, male, a beard, blonde hair, found in Port Roberts"
../data/chatheads/2075.png,"Islwyn: Elf, male, found in Isafdar , Prifddinas"
../data/chatheads/2076.png,"Istoria: Human, female, a goatee, unnatural hair, a hat, a cape, found in Library Historical Archive"
../data/chatheads/2077.png,"Ithoi the Navigator: Human, male, a goatee, a helmet, glasses, found in Corsair Cove"
../data/chatheads/2078.png,"Ivan: Human, male, found in Burgh de Rott"
../data/chatheads/2079.png,"Ivan Strom: Human, male, red hair, glasses, found in Myreque Hideout , first in Canifis , later in Meiyerditch"
../data/chatheads/2080.png,"Ivy: Human, female, brown hair, glasses, found in North of Port Sarim"
../data/chatheads/2081.png,"Ivy Sophista: Human, brown hair, glasses, found in Taverley"
../data/chatheads/2082.png,"Iwan: Elf, male, found in Prifddinas"
../data/chatheads/2083.png,"Iwazaru: Monkey, male, a mask, glasses, found in Temple of Marimbo"
../data/chatheads/2084.png,"Izel: Human, female, a hat, glasses, found in Salvager Overlook"
../data/chatheads/2085.png,"Jabari: Human, male, a beard, glasses, found in Menaphos"
../data/chatheads/2086.png,"Jack: Human, male, brown hair, glasses, found in Myths' Guild"
../data/chatheads/2087.png,"Jack: Human, male, glasses, found in Musa Point or Karamja"
../data/chatheads/2088.png,"Jack Frost: male, unnatural hair, found in Corsair Cove"
../data/chatheads/2090.png,"Jack Sails: Human, male, a beard, a helmet, glasses, found in Lady Zay"
../data/chatheads/2091.png,"Jack Seagull: Human, male, a beard, brown hair, found in Rusty Anchor Inn"
../data/chatheads/2092.png,"Jacky Jester: Human, male, a goatee, red hair, a mask, glasses, found in Games room in a Player-owned house"
../data/chatheads/2094.png,"Jade: Human, female, glasses, found in Warriors' Guild"
../data/chatheads/2095.png,"Jadid: Human, male, a beard, glasses, found in Emir's Arena"
../data/chatheads/2096.png,"Jagbakoba: Human, male, a beard, a mask, found in Tai Bwo Wannai"
../data/chatheads/2099.png,"Jail Guard: Human, female, a beard, a helmet, glasses, found in Port Roberts"
../data/chatheads/2100.png,"Jal-Nib-Rek: Jal-Nib, a goatee, a helmet, glasses, found in Inferno"
../data/chatheads/2101.png,"Jam: Demon, a goatee, red hair, a mask, glasses, found in Yama's Lair"
../data/chatheads/2102.png,"James: Human, male, brown hair, found in Grand Exchange entrance"
../data/chatheads/2103.png,"Jamila: Human, female, glasses, found in Sophanem"
../data/chatheads/2104.png,"Jane: a mustache, a helmet, glasses, found in Locus Oasis"
../data/chatheads/2105.png,"Jaraah: Human, male, a beard, glasses, found in Emir's Arena"
../data/chatheads/2106.png,"Jardric: Dwarf, male, a beard, glasses, found in Fossil Island"
../data/chatheads/2107.png,"Jari: Dwarf, female, found in Miscellania and Etceteria Dungeon"
../data/chatheads/2108.png,"Jarr: Human, male, a beard, found in Al Kharid"
../data/chatheads/2109.png,"Jarvald: Human, male, a beard, a helmet, found in Rellekka docks"
../data/chatheads/2110.png,"Jarvis: Human, male, a goatee, found in Camp Sapphire Lagoon"
../data/chatheads/2111.png,"Jasper: Human, male, glasses, found in Salvager Overlook"
../data/chatheads/2112.png,"Jatix: Human, male, a beard, glasses, found in Taverley"
../data/chatheads/2113.png,"Jatziri, Teoki of Ralos: Human, unnatural hair, glasses, found in Tal Teok , south-eastern corner."
../data/chatheads/2114.png,"Jayene Kliyn (medium): Human, female, brown hair, glasses, found in Burgh de Rott"
../data/chatheads/2115.png,"Jeb: Human, male, brown hair, a helmet, glasses, found in Witchaven"
../data/chatheads/2116.png,"Jeed: Human, female, glasses, found in Emir's Arena"
../data/chatheads/2117.png,"Jeff: Human, male, found in Musa Point"
../data/chatheads/2118.png,"Jeff: Human, male, a beard, found in Varrock"
../data/chatheads/2119.png,"Jelly: Troll, male, a beard, a helmet, glasses, found in Fremennik Slayer Dungeon"
../data/chatheads/2120.png,"Jennifer: Human, female, brown hair, found in Ruins of Uzer"
../data/chatheads/2121.png,"Jennifer: Human, female, blonde hair, glasses, found in Shayzien"
../data/chatheads/2122.png,"Jenny Blade: Human, female, a helmet, glasses, found in Lady Zay"
../data/chatheads/2124.png,"Jeremy Clerksin: Human, male, a beard, brown hair, found in Varrock church"
../data/chatheads/2125.png,"Jerico: Human, male, a beard, brown hair, a mask, glasses, found in East Ardougne"
../data/chatheads/2126.png,"Jess: Human, female, found in East Ardougne"
../data/chatheads/2127.png,"Jess: Human, female, brown hair, a helmet, glasses, found in Varrock"
../data/chatheads/2128.png,"Jessamine: brown hair, a hat, glasses, found in Neypotzli"
../data/chatheads/2129.png,"Jessie: Human, female, brown hair, a hood, found in East of the Giant Pit"
../data/chatheads/2130.png,"Jethick: Human, male, a beard, found in West Ardougne"
../data/chatheads/2132.png,"Jex: Human, male, a beard, red hair, a hood, glasses, found in Temple of the Lesser Gods"
../data/chatheads/2133.png,"Jhallan: Mahjarrat, male, a beard, a mask, glasses, a cape, found in Ghorrock Dungeon"
../data/chatheads/2135.png,"Jill: Human, female, brown hair, glasses, found in Musa Point"
../data/chatheads/2137.png,"Jiminua: Human, female, glasses, found in Tai Bwo Wannai"
../data/chatheads/2138.png,"Jimmy: Human, male, a beard, red hair, a helmet, glasses, found in Warriors' Guild"
../data/chatheads/2139.png,"Jimmy Dazzler: Human, male, a goatee, red hair, a hat, glasses, found in Ardougne"
../data/chatheads/2140.png,"Jimmy the Chisel: Human, male, a hood, found in H.A.M. Dungeon"
../data/chatheads/2141.png,"Jittery Jim: Human, male, a beard, a helmet, glasses, found in Before hiring: Port Khazard After hiring: The Pandemonium"
../data/chatheads/2142.png,"Jobless Jim: Human, male, a beard, brown hair, a helmet, glasses, found in Before hiring: Rusty Anchor Inn After hiring: The Pandemonium"
../data/chatheads/2143.png,"Jobless Jim: Human, a beard, brown hair, a helmet, glasses, found in Blue Moon Inn"
../data/chatheads/2144.png,"Joe: Human, male, a beard, brown hair, glasses, found in Mos Le'Harmless"
../data/chatheads/2145.png,"Joe: Human, male, brown hair, found in Fight Arena"
../data/chatheads/2146.png,"Joe: Human, male, brown hair, glasses, found in Draynor Village jail"
../data/chatheads/2148.png,"Jofridr Mordstatter: Human, female, found in Neitiznot"
../data/chatheads/2149.png,"Johanhus Ulsbrecht: Human, male, a goatee, found in H.A.M. Dungeon"
../data/chatheads/2150.png,"John: Human, male, a helmet, glasses, found in Fossil Island"
../data/chatheads/2151.png,"John: Human, male, a beard, a hat, glasses, found in Museum Camp"
../data/chatheads/2152.png,"Johnathon: Human, male, found in Jolly Boar Inn 1 st floor [ UK ] 2 nd floor [ US ]"
../data/chatheads/2154.png,"Jokul: Human, male, a beard, brown hair, found in Mountain Camp"
../data/chatheads/2155.png,"Jolly Jim: Human, male, a beard, brown hair, a hood, found in Before hiring: Brimhaven After hiring: The Pandemonium"
../data/chatheads/2156.png,"Jon: Human, male, a beard, found in Hosidius"
../data/chatheads/2158.png,"Jonathan: Human, male, a beard, glasses, found in Hosidius"
../data/chatheads/2159.png,"Jonny the Beard: Human, a beard, found in Blue Moon Inn"
../data/chatheads/2161.png,"Jorra: Dwarf, male, a beard, glasses, found in Lovakengj Assembly"
../data/chatheads/2162.png,"Jorral: Human, male, a beard, glasses, found in Outpost"
../data/chatheads/2163.png,"Jorzik: Dwarf, male, a beard, found in Keldagrim"
../data/chatheads/2164.png,"Joshua: Human, male, blonde hair, found in Hemenster"
../data/chatheads/2165.png,"Jossik: Human, male, a goatee, brown hair, a hat, glasses, found in Lighthouse"
../data/chatheads/2166.png,"JoyfulJudy02: Human, female, red hair, a hat, glasses, found in ? (edit)"
../data/chatheads/2167.png,"Juan: Human, male, a goatee, a helmet, glasses, found in Tutorial Island , Lumbridge"
../data/chatheads/2168.png,"Juatil: Human, male, a mustache, a helmet, glasses, found in Alchemical Society"
../data/chatheads/2171.png,"Judge of Yama: Demon, male, a goatee, a mask, glasses, a cape, found in Yama's Lair"
../data/chatheads/2173.png,"Jukat: Fairy, female, found in Zanaris marketplace"
../data/chatheads/2174.png,"Julia: Human, female, a beard, glasses, found in Civitas illa Fortis"
../data/chatheads/2175.png,"Julie: Human, female, found in Varrock"
../data/chatheads/2176.png,"Juliet: Human, female, blonde hair, glasses, found in Leptoc Mansion, west of Varrock"
../data/chatheads/2177.png,"Jumaane: Monkey, male, a mask, found in Marim"
../data/chatheads/2178.png,"Jumbo Jim: Human, male, unnatural hair, a helmet, glasses, found in ? (edit)"
../data/chatheads/2179.png,"Juna: Serpent, female, a goatee, a helmet, glasses, found in Chasm of Tears"
../data/chatheads/2181.png,"Jungle forester: Human, male, a beard, glasses, found in Kharazi Jungle border, near Shilo Village"
../data/chatheads/2182.png,"Junior Jim: Human, male, unnatural hair, a helmet, glasses, found in The Pandemonium"
../data/chatheads/2183.png,"Junior Navigator: Human, male, blonde hair, a hat, glasses, found in Digsite"
../data/chatheads/2185.png,"Justin Servil: Human, male, a beard, found in Fight Arena"
../data/chatheads/2186.png,"Justine: Human, female, unnatural hair, a helmet, glasses, found in Ferox Enclave : Last Man Standing"
../data/chatheads/2187.png,"Jyn: Human, female, a beard, a hood, glasses, found in Hallowed Sepulchre"
../data/chatheads/2188.png,"K'klik: Fairy dragon, male, a goatee, a helmet, glasses, found in Evil Chicken's Lair"
../data/chatheads/2189.png,"Kaal-Ket-Jor: Tasakaal, a beard, a helmet, glasses, found in Mount Karuulm"
../data/chatheads/2190.png,"Kaal-Mej-San: Tasakaal, a beard, a helmet, glasses, found in Mount Karuulm"
../data/chatheads/2191.png,"Kaal-Xil-Dar: Tasakaal, a goatee, a helmet, glasses, found in Mount Karuulm"
../data/chatheads/2192.png,"Kael Forshaw: Human, male, a beard, brown hair, glasses, found in Meiyerditch"
../data/chatheads/2193.png,"Kaht B'alam: Lizardman, a goatee, a mask, glasses, found in Lizardman Temple"
../data/chatheads/2194.png,"Kai: Human, male, a beard, a helmet, glasses, found in Woodcutting Guild dungeon"
../data/chatheads/2195.png,"Kaiquir: Gnome, male, a beard, glasses, found in North of the Combat Training Camp"
../data/chatheads/2196.png,"Kaleb Paramaya: Human, male, a beard, brown hair, glasses, found in Shilo Village"
../data/chatheads/2197.png,"Kali: Human, female, a beard, a helmet, glasses, found in Alchemical Society"
../data/chatheads/2198.png,"Kalko: Dwarf, male, a beard, found in The Lost Pickaxe"
../data/chatheads/2200.png,"Kalphite Princess: Kalphite, a goatee, a crown, glasses, wings, found in Kalphite Queen"
../data/chatheads/2201.png,"Kalron: Gnome, male, a beard, a hood, found in Tree Gnome Village"
../data/chatheads/2202.png,"Kamen: Dwarf, male, a beard, a helmet, glasses, found in Underground Pass"
../data/chatheads/2203.png,"Kamfreena: Human, female, found in Warriors' Guild , Top floor"
../data/chatheads/2204.png,"Kanel: Human, male, glasses, found in Varrock"
../data/chatheads/2205.png,"Kangai Mau: Human, male, glasses, found in Brimhaven"
../data/chatheads/2206.png,"Kaqemeex: Human, male, a beard, glasses, found in The Druid's circle in Taverley"
../data/chatheads/2207.png,"Karaday: Human, male, glasses, found in Tai Bwo Wannai"
../data/chatheads/2208.png,"Karam: Gnome, male, a beard, a hood, glasses, found in Ape Atoll"
../data/chatheads/2212.png,"Kardia: Human, female, a hat, found in Underground Pass"
../data/chatheads/2214.png,"Karim: Human, male, a beard, glasses, found in Al Kharid"
../data/chatheads/2215.png,"Karim: Human, a beard, glasses, found in Blue Moon Inn"
../data/chatheads/2216.png,"Karl: Dwarf, male, a beard, glasses, found in Keldagrim"
../data/chatheads/2217.png,"Kasonde: Human, male, a goatee, glasses, found in The Stranglewood"
../data/chatheads/2218.png,"Kaston: Dwarf, male, a beard, glasses, found in Shayzien"
../data/chatheads/2219.png,"Kathy Corkat: Human, female, brown hair, glasses, found in West of Tree Gnome Stronghold"
../data/chatheads/2220.png,"Katrine: Human, female, glasses, found in South-western Varrock"
../data/chatheads/2221.png,"Kauayotl: Human, male, glasses, found in Tal Teklan"
../data/chatheads/2222.png,"Kaylee: Human, female, found in Falador"
../data/chatheads/2223.png,"Kazemde: Human, male, a beard, a hood, glasses, found in Nardah"
../data/chatheads/2224.png,"Kazgar: Dorgeshuun, male, a helmet, glasses, found in Tunnel near Lumbridge Castle cellar"
../data/chatheads/2225.png,"Kebba: Tortugan, a mustache, unnatural hair, a hat, glasses, found in The Pandemonium"
../data/chatheads/2226.png,"Keepa Kettilon: Human, male, a goatee, found in Jatizso"
../data/chatheads/2227.png,"Keith: Human, male, blonde hair, glasses, found in South-east of the Farming Guild , inside his house ."
../data/chatheads/2228.png,"Kelvin: Human, male, brown hair, glasses, found in Fight Arena"
../data/chatheads/2229.png,"Kelyn: Elf, female, a goatee, unnatural hair, glasses, found in Lletya"
../data/chatheads/2230.png,"Kendall: Human, female, found in Great Kourend"
../data/chatheads/2231.png,"Kenelme: Human, female, unnatural hair, found in Port Piscarilius"
../data/chatheads/2232.png,"Kennith: Human, male, glasses, found in Fishing Platform , later Witchaven"
../data/chatheads/2233.png,"Kent: Human, male, a beard, brown hair, a helmet, glasses, found in Unknown island, Witchaven"
../data/chatheads/2236.png,"Ket'sal K'uk: Lizardman, a goatee, a mask, glasses, found in Kebos Swamp"
../data/chatheads/2237.png,"Ketla: Imcando dwarf, a beard, a helmet, glasses, found in Lassar Undercity"
../data/chatheads/2238.png,"Key Master: Human, male, a beard, glasses, found in Cerberus' Lair"
../data/chatheads/2239.png,"KGP Agent: Penguin, a goatee, a helmet, found in Iceberg"
../data/chatheads/2240.png,"KGP Guard: Penguin, male, a goatee, a helmet, found in War Room"
../data/chatheads/2244.png,"Khazard Barman: Human, male, a goatee, found in South-western corner of the Fight Arena"
../data/chatheads/2246.png,"Khazard Guard: Human, male, a beard, glasses, found in Fight Arena"
../data/chatheads/2247.png,"Khazard Launderer: Human, male, a beard, found in Fight Arena"
../data/chatheads/2248.png,"Khazard Soldier: Human, male, a beard, found in Ghorrock Dungeon"
../data/chatheads/2249.png,"Khorvak, a dwarven engineer: Dwarf, male, a beard, found in Under White Wolf Mountain"
../data/chatheads/2250.png,"Kikazaru: Monkey, male, a mask, glasses, found in Temple of Marimbo"
../data/chatheads/2251.png,"Killer: Human, a goatee, a mask, glasses, found in Mansion in a faraway island."
../data/chatheads/2252.png,"Kilron: Human, male, a beard, a hood, glasses, found in West Ardougne"
../data/chatheads/2254.png,"Kineer: Human, male, brown hair, found in Catacombs of Kourend"
../data/chatheads/2255.png,"King: Human, unnatural hair, glasses, found in Tal Teklan"
../data/chatheads/2256.png,"King Arthur: Human, male, a beard, a crown, found in Camelot"
../data/chatheads/2257.png,"King Bolren: Gnome, male, a crown, found in Tree Gnome Village"
../data/chatheads/2258.png,"King Bolrie: Gnome, male, a crown, found in Cutscene"
../data/chatheads/2259.png,"King Gjuki Sorvott IV: Human, male, a beard, a crown, found in Jatizso"
../data/chatheads/2260.png,"King Healthorg: Gnome, male, a crown, found in Quest cutscene"
../data/chatheads/2261.png,"King Lathas: Human, male, a goatee, a crown, found in Ardougne Castle"
../data/chatheads/2262.png,"King Narnode Shareen: Gnome, male, a crown, found in Grand Tree"
../data/chatheads/2263.png,"King rat: Rat, male, a goatee, a mask, glasses, found in Varrock"
../data/chatheads/2264.png,"King Roald: Human, male, a goatee, a crown, found in Varrock Palace"
../data/chatheads/2266.png,"King Thoros: Human, male, a crown, found in East Ardougne Castle"
../data/chatheads/2267.png,"King Vargas: Yeti (formerly human ), male, a beard, glasses, found in Miscellania"
../data/chatheads/2268.png,"King's Messenger: Human, male, a beard, found in Anywhere"
../data/chatheads/2269.png,"Kit Breaker: Human, male, a helmet, glasses, found in North of Falador"
../data/chatheads/2270.png,"Kitten: Cat, a mask, glasses, found in Gertrude"
../data/chatheads/2272.png,"Kiyahtla: Human, male, glasses, found in Tlati Rainforest"
../data/chatheads/2273.png,"Kjedelig Uppsen: Human, male, a beard, a helmet, glasses, found in Neitiznot Hall"
../data/chatheads/2274.png,"Kjut: Dwarf, male, a beard, found in Keldagrim"
../data/chatheads/2275.png,"Klank: Dwarf, male, a beard, a helmet, glasses, found in Underground Pass"
../data/chatheads/2276.png,"Klarense: Human, male, a goatee, a helmet, glasses, found in Port Sarim"
../data/chatheads/2277.png,"Klaus: Human, male, a helmet, glasses, found in Varrock east bank"
../data/chatheads/2278.png,"Klenter: Ghost, male, a hood, glasses, found in Sophanem"
../data/chatheads/2279.png,"Knight: Human, male, a beard, a helmet, glasses, found in Enakhra's Temple cutscene"
../data/chatheads/2280.png,"Knight: Human, male, a beard, a helmet, glasses, found in Falador Party Room"
../data/chatheads/2281.png,"Knight: Human, male, a goatee, glasses, found in At the entrance of the God Wars Dungeon"
../data/chatheads/2282.png,"Knight of Ardougne: Human, male, a beard, a helmet, glasses, found in East Ardougne"
../data/chatheads/2283.png,"Knight of the Lion: Ghost, a goatee, a helmet, glasses, found in Hallowed Sepulchre"
../data/chatheads/2284.png,"Knight of the Owl: Ghost, a goatee, a mask, glasses, found in Hallowed Sepulchre"
../data/chatheads/2285.png,"Knight of the Unicorn: Ghost, a goatee, a helmet, glasses, a cape, found in Hallowed Sepulchre"
../data/chatheads/2286.png,"Knight of the Wolf: Ghost, a goatee, a mask, glasses, a cape, found in Hallowed Sepulchre"
../data/chatheads/2287.png,"Knight of Varlamore: Human, male, a beard, a helmet, glasses, found in Varrock Square"
../data/chatheads/2288.png,"Knight of Varlamore: Human, male, a beard, a crown, found in Kourend Castle"
../data/chatheads/2289.png,"Koanee: Human, female, red hair, a helmet, glasses, found in Ruins of Unkah"
../data/chatheads/2290.png,"Koftik: Human, male, a beard, a hood, glasses, found in Underground Pass West Ardougne"
../data/chatheads/2291.png,"Konar quo Maten: Kahlith, female, a goatee, unnatural hair, a mask, found in Mount Karuulm"
../data/chatheads/2292.png,"Konoo: Human, male, a beard, a hat, glasses, found in Hosidius"
../data/chatheads/2293.png,"Korgan: Dwarf, male, a beard, brown hair, found in Deepfin Point"
../data/chatheads/2294.png,"Kormar quo Maten: Kahlith, male, a goatee, a mask, glasses, found in Karuulm Slayer Dungeon"
../data/chatheads/2295.png,"Kortan: Human, male, a beard, found in East Ardougne"
../data/chatheads/2296.png,"Koschei the Deathless: Human, male, a beard, a helmet, glasses, found in ? (edit)"
../data/chatheads/2298.png,"Kragen: Human, male, a beard, a hat, found in Hemenster"
../data/chatheads/2299.png,"Kragin: Dwarf, male, a beard, red hair, found in Charred Dungeon"
../data/chatheads/2300.png,"Krato: Human, male, a mustache, a hat, found in Library Historical Archive"
../data/chatheads/2302.png,"Kruk: Monkey, a mask, glasses, found in Ape Atoll"
../data/chatheads/2304.png,"Krystilia: Human, female, a hat, found in Edgeville guardhouse"
../data/chatheads/2306.png,"Kupus Varza: Human, male, a beard, blonde hair, a hat, glasses, found in Cabbage patch north of Port Sarim"
../data/chatheads/2307.png,"Kuradal: Human, female, red hair, glasses, found in Shilo Village"
../data/chatheads/2308.png,"Kurt: Human, male, found in Slepe"
../data/chatheads/2309.png,"Kylie Minnow: Human, female, brown hair, a hat, glasses, found in Fishing Guild"
../data/chatheads/2310.png,"Lacey: Human, female, brown hair, glasses, found in Mansion in a faraway island."
../data/chatheads/2311.png,"Lady Carys Hefin: Elf, female, a goatee, a helmet, glasses, found in Prifddinas"
../data/chatheads/2312.png,"Lady Crombwick: Human, female, found in Slepe"
../data/chatheads/2313.png,"Lady Ffion Meilyr: Elf, female, found in Prifddinas"
../data/chatheads/2314.png,"Lady Keli: Human, female, glasses, found in Draynor jail"
../data/chatheads/2315.png,"Lady Nadezhda Shadum: Vampyre, female, a goatee, a mask, found in West Darkmeyer"
../data/chatheads/2316.png,"Lady Servil: Human, female, a cape, found in Fight Arena"
../data/chatheads/2318.png,"Lady Table: Human, female, brown hair, glasses, found in Temple Knight Training Grounds"
../data/chatheads/2319.png,"Lady Tangwen Trahaearn: Elf, female, glasses, found in Prifddinas"
../data/chatheads/2320.png,"Lady Vulcana Lovakengj: Dwarf, female, a beard, brown hair, found in Lovakengj"
../data/chatheads/2321.png,"Lahsram: Human, male, a goatee, found in Slepe"
../data/chatheads/2322.png,"Laidee Gnonock: Gnome, male, found in Outside of the Warrior's Guild"
../data/chatheads/2323.png,"Lalli: Troll, male, a goatee, a helmet, glasses, found in Golden Apple Tree"
../data/chatheads/2326.png,"Lammy Langle: Gnome, male, a beard, a hood, glasses, found in Hosidius"
../data/chatheads/2327.png,"Lan the Butcher: Human, male, a goatee, brown hair, a hat, found in Land's End"
../data/chatheads/2328.png,"Lanthus: Human, male, a beard, glasses, found in Castle Wars"
../data/chatheads/2329.png,"Lara: Human, female, brown hair, a hat, found in North of Castle Wars"
../data/chatheads/2333.png,"Large zombie monkey: Monkey, a mask, glasses, found in Ape Atoll"
../data/chatheads/2334.png,"Larran: Ghost, male, a hat, glasses, found in North-east of the Chaos Temple"
../data/chatheads/2335.png,"Larrissa: Human, female, found in Lighthouse"
../data/chatheads/2336.png,"Larry: Human, male, a goatee, found in Ardougne Zoo , Lumbridge"
../data/chatheads/2337.png,"Larry: Human, male, a beard, red hair, found in Falador"
../data/chatheads/2339.png,"Larry: Human, male, a goatee, found in Falador"
../data/chatheads/2340.png,"Larry: Human, male, found in Wilderness"
../data/chatheads/2341.png,"Larry Leprechaun: Leprechaun, male, a hat, glasses, found in Al Kharid"
../data/chatheads/2342.png,"Larxus: Human, male, found in Champions' Guild basement"
../data/chatheads/2343.png,"Lasenna Rasputin: Vampyre, female, a goatee, a mask, found in North Darkmeyer"
../data/chatheads/2344.png,"Lassin: Dwarf, female, a goatee, unnatural hair, a hat, glasses, found in Northern Tundras , Wintertodt"
../data/chatheads/2345.png,"Latlink Fastbell: Gnome, female, a beard, a hood, glasses, found in Farming Guild"
../data/chatheads/2346.png,"Launa: Human, female, a beard, glasses, found in Entrance to Tolna's rift"
../data/chatheads/2347.png,"Lauretta: Human, female, glasses, found in Ruins of Unkah"
../data/chatheads/2348.png,"Lavinia: Human, female, unnatural hair, found in Civitas illa Fortis"
../data/chatheads/2349.png,"Layleen: Human, female, brown hair, glasses, found in Tai Bwo Wannai"
../data/chatheads/2350.png,"Lazim: Human, male, glasses, found in Enakhra's Temple"
../data/chatheads/2351.png,"Lazy cat: Cat, a mask, glasses, found in Gertrude"
../data/chatheads/2352.png,"LazyLaura94: Human, female, red hair, a hat, found in ? (edit)"
../data/chatheads/2353.png,"Le-sabrè: Werewolf, female, found in Canifis"
../data/chatheads/2354.png,"Lead Navigator: Human, male, brown hair, a hat, glasses, found in Digsite"
../data/chatheads/2356.png,"League Navigator: Human, male, a beard, a hood, glasses, found in Quetzacalli Gorge"
../data/chatheads/2357.png,"League Tutor: Unknown, a goatee, a mask, glasses, a cape, found in Catherby"
../data/chatheads/2358.png,"Leagues Assistant: red hair, a helmet, glasses, found in Lumbridge Castle"
../data/chatheads/2359.png,"Leagues Assistant: Unknown, a beard, a mask, glasses, a cape, found in Lumbridge"
../data/chatheads/2360.png,"Leagues Assistant: Human, female, a hat, found in Kourend Castle"
../data/chatheads/2361.png,"Leagues Tutor: Human, male, a beard, red hair, a hood, found in Lumbridge"
../data/chatheads/2362.png,"Leagues Tutor: Human, male, a beard, red hair, a hood, found in Lumbridge"
../data/chatheads/2363.png,"Leagues Tutor: Human, male, a hat, glasses, a cape, found in Lumbridge"
../data/chatheads/2364.png,"Leagues Tutor: Human, male, a beard, a hood, glasses, found in Lumbridge"
../data/chatheads/2365.png,"Leagues Tutor: Human, male, a goatee, a hat, found in Kourend Castle"
../data/chatheads/2366.png,"Leatherworker: Human, female, found in Ranging Guild"
../data/chatheads/2367.png,"'Lecherous' Lee: Human, male, a beard, glasses, found in Pirates' Cove"
../data/chatheads/2368.png,"Lector Gura: Human, male, a beard, red hair, a mask, glasses, found in Slepe church"
../data/chatheads/2370.png,"Leela: Human, female, a helmet, glasses, found in Draynor Village"
../data/chatheads/2371.png,"Leela: Human, female, found in Hosidius"
../data/chatheads/2372.png,"Leenz: Human, female, black hair, found in Port Piscarilius"
../data/chatheads/2373.png,"Leff: Tortugan, a goatee, a hat, glasses, found in The Summer Shore"
../data/chatheads/2374.png,"Legends' Guard: Human, a goatee, a helmet, glasses, found in Legends' Guild"
../data/chatheads/2375.png,"Leke quo Keran: Kahlith, a goatee, a mask, glasses, found in Great Kourend"
../data/chatheads/2376.png,"Lelia: Human, female, brown hair, a helmet, glasses, found in Fortis Colosseum"
../data/chatheads/2378.png,"Lenny: Human, male, found in North of Prifddinas"
../data/chatheads/2379.png,"Lensa: Human, female, found in Jatizso Streets"
../data/chatheads/2380.png,"Lenwe: Elf, male, glasses, found in Prifddinas"
../data/chatheads/2381.png,"Lenyig Karna: Vampyre, male, a goatee, a mask, found in North Darkmeyer"
../data/chatheads/2382.png,"Leo: Human, male, a beard, a helmet, glasses, found in Gravedigger Random event Location"
../data/chatheads/2383.png,"Leo: Human, male, glasses, found in Bazaar , Civitas illa Fortis"
../data/chatheads/2384.png,"Leon: Human, male, glasses, found in Aleck's Hunter Emporium."
../data/chatheads/2385.png,"Lesser Fanatic: Human, male, found in Edgeville"
../data/chatheads/2390.png,"Liam: Human, male, a beard, glasses, found in East of Burgh de Rott"
../data/chatheads/2391.png,"Librarian: Dwarf, male, a beard, glasses, found in Keldagrim Library"
../data/chatheads/2392.png,"Lidio: Human, male, a beard, a helmet, glasses, found in On the ground floor [ UK ] 1 st floor [ US ] of the Warriors' Guild"
../data/chatheads/2393.png,"Lieutenant: a cape, found in Chasm of Fire entrance"
../data/chatheads/2394.png,"Lieutenant Schepbur: Gnome, male, a beard, brown hair, a hood, glasses, found in Khazard Battlefield"
../data/chatheads/2395.png,"Lieve McCracken: Human, female, red hair, glasses, found in Kraken Cove"
../data/chatheads/2400.png,"Lil' Creator: Avatar, a goatee, a mask, glasses, found in Soul Wars"
../data/chatheads/2401.png,"Lil' Zik: Vampyre / Nylocas hybrid, a goatee, a mask, found in Theatre of Blood"
../data/chatheads/2402.png,"Lil'viathan: Unknown, a goatee, a mask, glasses, found in The Leviathan"
../data/chatheads/2403.png,"Lilifang: Elf, female, found in Grand Library"
../data/chatheads/2404.png,"Liliwen: Elf, female, found in Lletya"
../data/chatheads/2405.png,"Lillia: Human, female, a goatee, unnatural hair, a hat, a cape, found in Catacombs of Kourend"
../data/chatheads/2406.png,"Lilly: Human, female, red hair, found in Ground floor of the Warriors' Guild"
../data/chatheads/2407.png,"Lindir: Elf, male, found in Prifddinas"
../data/chatheads/2408.png,"Ling: Human, female, glasses"
../data/chatheads/2409.png,"Lisa: Human, female, a beard, unnatural hair, a hood, found in Ferox Enclave"
../data/chatheads/2410.png,"Lisse Isaakson: Human, female, found in Neitiznot"
../data/chatheads/2412.png,"Litara: Human, female, blonde hair, glasses, found in Barbarian Village"
../data/chatheads/2413.png,"Lithil: Demon, female, a goatee, a hood, glasses, found in Sisterhood Sanctuary"
../data/chatheads/2414.png,"Litlihui, Teoki of Ralos: unnatural hair, glasses, found in Auburn Valley"
../data/chatheads/2415.png,"Little Mo: Human, male, glasses, found in Lumbridge"
../data/chatheads/2416.png,"Little Nightmare: Unknown, a goatee, a mask, glasses, found in The Nightmare"
../data/chatheads/2423.png,"Lleidr Golau: Elf, male, a hood, found in North of Prifddinas"
../data/chatheads/2424.png,"Lliann: Elf, female, a goatee, glasses, found in Prifddinas"
../data/chatheads/2425.png,"Llio: Elf, female, found in Prifddinas"
../data/chatheads/2427.png,"Lobby Cow: Cow, female, a goatee, a helmet, glasses, found in Grim Reaper's mansion"
../data/chatheads/2428.png,"Local Gnome: Gnome, male, a beard, a hood, found in Tree Gnome Village"
../data/chatheads/2429.png,"Locke McScruff: Dog, male, a hat, glasses, found in Aldarin"
../data/chatheads/2430.png,"Locked: a beard, a helmet"
../data/chatheads/2431.png,"Lofu: Monkey, male, a mask, glasses, found in Temple of Marimbo"
../data/chatheads/2432.png,"Logava: Human, female, red hair, found in Hosidius"
../data/chatheads/2433.png,"Logios: Human, male, a goatee, unnatural hair, a hat, found in Library Historical Archive"
../data/chatheads/2434.png,"Logosia: Human, female, a goatee, unnatural hair, a hat, a cape, found in Arceuus Library"
../data/chatheads/2435.png,"Loinur: Dwarf, male, a beard, a hat, glasses, found in Arceuus"
../data/chatheads/2436.png,"Lokar Searunner: Human, male, a beard, glasses, found in Rellekka Docks and Pirates' Cove"
../data/chatheads/2438.png,"Lokraa quo Sihar: Kahlith, a goatee, a mask, glasses, found in Mount Karuulm"
../data/chatheads/2440.png,"Lollk: Dwarf, male, a crown, found in Goblin Cave"
../data/chatheads/2441.png,"Longbow Ben: Human, male, red hair, found in Rusty Anchor Inn"
../data/chatheads/2442.png,"Longhall Bouncer: Human, male, a beard, a helmet, glasses, found in Rellekka"
../data/chatheads/2443.png,"Longramble: Gnome, male, a hat, glasses, found in East of Poison Waste Dungeon entrance"
../data/chatheads/2444.png,"Look-out: Human, female, a beard, a hat, glasses, found in North of the Arceuus Library"
../data/chatheads/2446.png,"Lord Alexei Jovkai: Vampyre, male, a mask, found in South-west Darkmeyer"
../data/chatheads/2447.png,"Baxtorian: Elf, male, a beard, a helmet, glasses, found in Prifddinas"
../data/chatheads/2448.png,"Lord Crombwick: Human, male, a beard, glasses, found in Crombwick Manor"
../data/chatheads/2449.png,"Lord Daquarius: Human, male, brown hair, glasses, found in Taverley Dungeon"
../data/chatheads/2450.png,"Iestin: Elf, male, a mustache, unnatural hair, a mask, glasses, found in Prifddinas"
../data/chatheads/2451.png,"Lord Ieuan Amlodd: Elf, male, a beard, unnatural hair, a helmet, glasses, found in Prifddinas"
../data/chatheads/2452.png,"Lord Iorwerth: Elf, male, a goatee, found in Iorwerth Camp"
../data/chatheads/2453.png,"Lord Kandur Hosidius: Human, male, a beard, brown hair, glasses, found in Hosidius"
../data/chatheads/2454.png,"Lord Marshal Brogan: Human, male, a beard, glasses, a cape, found in Feldip Hills"
../data/chatheads/2455.png,"Lord Mischa Myrmel: Vampyre, male, a goatee, a mask, found in South-west Darkmeyer"
../data/chatheads/2456.png,"Lord Piquan Crwys: Elf, male, a goatee, unnatural hair, a crown, glasses, found in Prifddinas"
../data/chatheads/2457.png,"Lord Rologarth: Zombie, male, a mask, glasses, found in Fenkenstrain's Castle"
../data/chatheads/2458.png,"Lord Shiro Shayzien: Human, male, a goatee, a mask, glasses, found in Shayzien Encampment"
../data/chatheads/2459.png,"Lord Trobin Arceuus: Human, male, a goatee, unnatural hair, a hood, a cape, found in Tower of Magic , Xeric's Lookout (during A Kingdom Divided)"
../data/chatheads/2460.png,"Lorelai: Human, female, brown hair, glasses, found in Warriors' Guild , basement"
../data/chatheads/2461.png,"Lornor quo Narga: Kahlith, a goatee, a mask, glasses, found in Mount Karuulm"
../data/chatheads/2462.png,"Lorraine: Human, female, red hair, found in Port Piscarilius"
../data/chatheads/2477.png,"Louie Legs: Human, male, a beard, brown hair, glasses, found in Al Kharid"
../data/chatheads/2478.png,"Louisa: Human, female, found in Sinclair Mansion"
../data/chatheads/2479.png,"Lovada: Dwarf, female, glasses, found in Lovakengj"
../data/chatheads/2480.png,"Lovakengj Engineer: Dwarf, male, a beard, found in Battlefront"
../data/chatheads/2483.png,"Lowe: Human, male, a helmet, glasses, found in Eastern Varrock"
../data/chatheads/2484.png,"Lowerniel Drakan: Vampyre, male, a goatee, a mask, a cape, found in Castle Drakan"
../data/chatheads/2485.png,"Lubufu: Human, male, a beard, found in Brimhaven"
../data/chatheads/2486.png,"Lucas: Human, male, glasses, found in Outer Fortis"
../data/chatheads/2487.png,"Lucia: Human, female, a beard, blonde hair, glasses, found in Civitas illa Fortis"
../data/chatheads/2488.png,"Lucien: male, a beard, a helmet, glasses, found in East Ardougne"
../data/chatheads/2489.png,"Lucius: a mask, glasses, found in ? (edit)"
../data/chatheads/2490.png,"Lucrezia: Human, female, red hair, glasses, found in Moonrise Brewery and Winery"
../data/chatheads/2491.png,"Lucy: Human, female, red hair, found in North-east Falador"
../data/chatheads/2492.png,"Luke: Human, male, glasses, found in Shipyard"
../data/chatheads/2493.png,"Lumberjack Leif: Human, male, a beard, found in Miscellania"
../data/chatheads/2494.png,"Lumbridge Cow: Cow, female, a goatee, a helmet, glasses, found in Lumbridge"
../data/chatheads/2495.png,"Lumbridge Guide: Human, male, a beard, glasses, found in Lumbridge"
../data/chatheads/2496.png,"Lumbridge Sheep: Sheep, a hood, found in Lumbridge"
../data/chatheads/2497.png,"Lumdo: Gnome, male, a beard, a hood, found in Ape Atoll , Crash Island"
../data/chatheads/2498.png,"Lumiere: Vampyre, male, a beard, a helmet, glasses, found in Sisterhood Sanctuary"
../data/chatheads/2499.png,"Luminata: Human, female, a mask, found in Burgh de Rott"
../data/chatheads/2500.png,"Lumo: Gnome, male, a beard, a hood, glasses, found in Ape Atoll"
../data/chatheads/2502.png,"Lunami: Human, female, glasses, found in Auburnvale"
../data/chatheads/2503.png,"Lundail: Human, male, a beard, found in Mage Arena bank"
../data/chatheads/2504.png,"Lunderwin: Fairy, female, glasses, found in Zanaris market"
../data/chatheads/2505.png,"Lurgon: Dorgeshuun, male, a hat, glasses, found in Dorgesh-Kaan"
../data/chatheads/2506.png,"Luscion: Human, male, a beard, brown hair, found in Burgh de Rott"
../data/chatheads/2507.png,"Luthas: Human, male, a beard, brown hair, a mask, glasses, found in Musa Point"
../data/chatheads/2509.png,"Lutwidge: Human, male, a goatee, found in Myths' Guild"
../data/chatheads/2512.png,"Lyra: Human, female, unnatural hair, a hood, found in North-west of Port Phasmatys"
../data/chatheads/2513.png,"Mac: Human, male, a beard, blonde hair, found in Mac's island"
../data/chatheads/2516.png,"mad melvin96: Human, male, a beard, a helmet, glasses, found in Hallowed Sepulchre"
../data/chatheads/2517.png,"Mad skavid: Skavid, male, a mustache, a mask, found in Skavid caves"
../data/chatheads/2518.png,"Madam Sikaro: Human, female, unnatural hair, a hat, found in Ferox Enclave Dungeon"
../data/chatheads/2519.png,"Madame Caldarium: Human, female, a goatee, a helmet, glasses, found in Corsair Cove"
../data/chatheads/2520.png,"Madison: Human, female, brown hair, glasses, found in Port Roberts"
../data/chatheads/2521.png,"Maedhros: Elf, male, glasses, found in Grand Library"
../data/chatheads/2522.png,"Maeglin: Elf, male, glasses, found in Prifddinas"
../data/chatheads/2523.png,"Mag: Tortugan, a goatee, a mask, glasses, found in The Summer Shore"
../data/chatheads/2524.png,"Mage (easy): Human, female, unnatural hair, a hood, glasses, found in East of Paterdomus"
../data/chatheads/2525.png,"Mage of Zamorak: Human, male, a beard, red hair, glasses, found in South Wilderness mine"
../data/chatheads/2526.png,"Mage of Zamorak: Human, male, a cape, found in Ourania Cave"
../data/chatheads/2527.png,"Magic combat tutor: Human, female, brown hair, a hat, glasses, found in Lumbridge"
../data/chatheads/2528.png,"Magic Instructor: Human, male, a beard, unnatural hair, a hat, glasses, found in Tutorial Island"
../data/chatheads/2529.png,"Magnus Gram: Human, male, a beard, brown hair, found in Jatizso"
../data/chatheads/2530.png,"Mahtan: Elf, male, glasses, found in Prifddinas"
../data/chatheads/2531.png,"Maid: Human, female, found in Player-owned house or Servants' Guild"
../data/chatheads/2532.png,"Mairin: Merfolk, female, a mask, glasses, found in Underwater"
../data/chatheads/2533.png,"Maisa: Human, female, a beard, glasses, found in Sophanem Dungeon"
../data/chatheads/2534.png,"Major Attack: Human, male, a beard, a helmet, glasses, found in Barbarian Assault tutorial"
../data/chatheads/2535.png,"Major Collect: Human, male, a beard, a helmet, glasses, found in Barbarian Assault tutorial"
../data/chatheads/2536.png,"Major Defend: Human, male, a beard, a helmet, glasses, found in Barbarian Assault tutorial"
../data/chatheads/2537.png,"Major Heal: Human, male, a beard, a helmet, glasses, found in Barbarian Assault tutorial"
../data/chatheads/2538.png,"Makeover Mage: Human, a beard, brown hair, a hat, glasses, found in South-west of Falador"
../data/chatheads/2539.png,"Mako: Human, male, a beard, brown hair, a mask"
../data/chatheads/2540.png,"Malak: Vampyre, male, found in Hair of the Dog"
../data/chatheads/2541.png,"Malcolm: Ghost, male, glasses, found in Farm west of Port Phasmatys"
../data/chatheads/2544.png,"Male slave: Human, male, a beard, brown hair, glasses, found in Desert Mining Camp"
../data/chatheads/2547.png,"Malignius Mortifer: Human, male, a beard, a helmet, glasses, found in South of Falador"
../data/chatheads/2548.png,"Mallak quo Keran: Kahlith, a goatee, a mask, glasses, found in Mount Karuulm"
../data/chatheads/2549.png,"Mama: Human, female, glasses, found in Mos Le'Harmless"
../data/chatheads/2550.png,"Mamma Bufetta: Human, female, a beard, unnatural hair, glasses, found in Tai Bwo Wannai"
../data/chatheads/2551.png,"Man: Werewolf, male, glasses, found in Canifis"
../data/chatheads/2552.png,"Man: Human, male, found in Catacombs of Kourend"
../data/chatheads/2553.png,"Man: Human, male, found in Hosidius vinery"
../data/chatheads/2554.png,"Man: Human, a beard, unnatural hair, a mask, glasses, found in Morytania Spider Cave"
../data/chatheads/2556.png,"Man: Human, male, a beard, brown hair, found in The Warrens"
../data/chatheads/2557.png,"Man: Human, male, a beard, brown hair, a mask, glasses, found in West Ardougne"
../data/chatheads/2558.png,"Manauia: Human, female, brown hair, found in Darkfrost base camp"
../data/chatheads/2559.png,"Mandrith: Human, male, a beard, a helmet, glasses, found in Resource Area"
../data/chatheads/2560.png,"Mandy: Human, female, red hair, found in Mansion in a faraway island."
../data/chatheads/2562.png,"Manni the Reveller: Human, male, a beard, a mask, found in Rellekka Longhall Bar"
../data/chatheads/2564.png,"Marcellus: Human, male, glasses, found in Locus Oasis"
../data/chatheads/2565.png,"Marcus: Human, male, glasses, found in Auburnvale"
../data/chatheads/2566.png,"Marfet: Human, male, found in Varrock Museum"
../data/chatheads/2567.png,"Maria Gadderanks: Human, female, glasses, found in North Darkmeyer"
../data/chatheads/2568.png,"Maria Gunnars: Human, female, brown hair, a hood, glasses, found in Rellekka docks"
../data/chatheads/2569.png,"Mariah: Human, female, glasses, found in Hosidius"
../data/chatheads/2570.png,"Marika: Human, female, a hat, glasses, found in South Falador Farm"
../data/chatheads/2571.png,"Marina Kebbit-Monkfish: Merfolk, a goatee, brown hair, glasses, found in Varies"
../data/chatheads/2573.png,"Marisi: Human, female, brown hair, glasses, found in Hosidius"
../data/chatheads/2574.png,"Marissa: Human, female, red hair, found in Varrock Palace"
../data/chatheads/2575.png,"Marius: Human, male, a beard, brown hair, glasses, found in Burgh de Rott"
../data/chatheads/2576.png,"Marius: Human, male, red hair, found in ? (edit)"
../data/chatheads/2577.png,"Marius Giste: Human, male, a beard, found in Varrock Museum"
../data/chatheads/2578.png,"Mark: Human, male, found in Port Piscarilius"
../data/chatheads/2580.png,"Market Guard: a helmet, glasses, found in Port Roberts"
../data/chatheads/2581.png,"Market seller: Human, male, a beard, a helmet, glasses, found in Pollnivneach"
../data/chatheads/2582.png,"Markog: Dorgeshuun, male, unnatural hair, a hood, glasses, found in Dorgesh-Kaan market"
../data/chatheads/2584.png,"Marla: Human, female, glasses, found in Port Roberts"
../data/chatheads/2585.png,"Marley: Human, male, red hair, found in Edgeville , in the ruins south of bank"
../data/chatheads/2586.png,"Marlo: Human, male, a beard, brown hair, glasses, found in Varrock"
../data/chatheads/2587.png,"Marm: Tortugan, a goatee, a mask, glasses, found in Port Roberts"
../data/chatheads/2588.png,"Marmor quo Narga: Kahlith, a goatee, a mask, glasses, found in Mount Karuulm"
../data/chatheads/2589.png,"Marsha: Human, female, a beard, glasses, found in Blue Moon Inn"
../data/chatheads/2590.png,"Marten: Human, male, a goatee, found in Ferox Enclave"
../data/chatheads/2591.png,"Martha Rehnison: Human, female, found in West Ardougne"
../data/chatheads/2592.png,"Martin Holt: Human, male, a beard, glasses, found in Kingstown"
../data/chatheads/2593.png,"Martin the Master Gardener: Human, male, a beard, a hat, glasses, found in Draynor Village"
../data/chatheads/2594.png,"Martin Thwait: Human, male, brown hair, glasses, a cape, found in Rogues' Den"
../data/chatheads/2595.png,"Martina Scorsby: Human, female, a hat, found in Varrock church"
../data/chatheads/2597.png,"Marwolaeth Dawnsio: Elf, female, found in Gwenith"
../data/chatheads/2598.png,"Mary: Human, female, found in Varrock"
../data/chatheads/2599.png,"Mary: Human, female, blonde hair, found in Farm south of Farming Guild"
../data/chatheads/2600.png,"Mary: Human, female, found in Sinclair Mansion"
../data/chatheads/2601.png,"Masked Figure: Human, male, a beard, a hood, glasses, found in Port Roberts"
../data/chatheads/2603.png,"Master Chef: Human, male, a beard, found in Tutorial Island"
../data/chatheads/2604.png,"Master Crafter: Human, male, a mustache, glasses, found in Crafting Guild"
../data/chatheads/2605.png,"Master Farmer: Human, male, a beard, a hat, glasses, found in North of East Ardougne Draynor Village Farming Guild Hosidius"
../data/chatheads/2606.png,"Master fisher: Human, male, a beard, found in Fishing Guild"
../data/chatheads/2607.png,"Master Navigator: Human, male, a beard, a helmet, glasses, found in Tutorial Island"
../data/chatheads/2608.png,"Master smithing tutor: Human, male, a beard, found in Varrock"
../data/chatheads/2609.png,"Matilda: Human, female, blonde hair, found in Etceteria Market"
../data/chatheads/2610.png,"Matthew: Human, male, glasses, found in Thammaron's throne room"
../data/chatheads/2611.png,"Matthias: Human, male, a goatee, found in Piscatoris falconry area"
../data/chatheads/2612.png,"Mattimeo: Human, male, glasses, found in Fossil Island"
../data/chatheads/2613.png,"Mawnis Burowgar: Human, male, a goatee, a helmet, glasses, found in Neitiznot"
../data/chatheads/2614.png,"Mawrth: Elf, female, found in Lletya"
../data/chatheads/2615.png,"Mayor Hobb: Half Human /Half Sea slug, male, a hat, found in Witchaven"
../data/chatheads/2617.png,"Maz: Squirrel, female, a goatee, brown hair, a crown, glasses, found in Fossil Island"
../data/chatheads/2618.png,"Mazchna: Demon, male, a beard, red hair, a hood, glasses, found in Canifis"
../data/chatheads/2619.png,"Maze Guardian: Golem, a goatee, a helmet, glasses, found in Mage Training Arena"
../data/chatheads/2620.png,"Mazion: Human, male, found in Entrana sandpit"
../data/chatheads/2623.png,"Meaty Aura Logist: Troll, female, a goatee, brown hair, a helmet, glasses, found in Various"
../data/chatheads/2624.png,"Meddwl Ymlaen Llaw: Elf, female, found in North of Prifddinas"
../data/chatheads/2625.png,"Medium catalytic guardian: Rune guardian, a goatee, a hat, glasses, found in Temple of the Eye"
../data/chatheads/2626.png,"Medium elemental guardian: Rune guardian, a goatee, a hat, glasses, found in Temple of the Eye"
../data/chatheads/2627.png,"Medium ninja monkey: Monkey, a mask, glasses, found in Ape Atoll"
../data/chatheads/2628.png,"Meegle: Gnome, male, a beard, glasses, found in Tree Gnome Stronghold"
../data/chatheads/2629.png,"Megan: Human, female, red hair, a hat, glasses, found in North-east Falador"
../data/chatheads/2630.png,"Mehhar: Ghost, male, a helmet, glasses, found in Ruins of Ullek"
../data/chatheads/2631.png,"Meiyerditch citizen: Human, glasses, found in Meiyerditch"
../data/chatheads/2632.png,"Meiyerditch miner: Human, male, glasses, found in Meiyerditch mine"
../data/chatheads/2633.png,"Mekritus A'hara: Human, male, glasses, found in Meiyerditch"
../data/chatheads/2634.png,"Melana Moonlander: Human, female, blonde hair, glasses, found in Lunar Isle"
../data/chatheads/2635.png,"Melee combat tutor: Human, male, a beard, found in Lumbridge"
../data/chatheads/2636.png,"Meleti: Human, male, a beard, found in Library Historical Archive"
../data/chatheads/2637.png,"Melina: Undead, female, unnatural hair, a crown, glasses, found in Port Phasmatys"
../data/chatheads/2638.png,"Melvin: Human, male, a goatee, a helmet, glasses, found in Port Piscarilius"
../data/chatheads/2639.png,"Memory of Seren: a goatee, unnatural hair, a mask, glasses, found in Grand Library"
../data/chatheads/2640.png,"Menaphite Guard: Human, a beard, brown hair, a helmet, glasses, found in Menaphos Gate"
../data/chatheads/2641.png,"Menaphite Leader: Human, male, a beard, a helmet, glasses, a cape, found in Pollnivneach"
../data/chatheads/2642.png,"Mercenary: Human, male, a beard, brown hair, glasses, found in Ferox Enclave"
../data/chatheads/2643.png,"Mercenary: Human, female, brown hair, a hat, glasses, found in Port Roberts"
../data/chatheads/2644.png,"Mercenary: Human, male, a beard, brown hair, a helmet, glasses, found in Ver Sinhaza"
../data/chatheads/2645.png,"Mercy: Human, female, glasses, found in Motherlode Mine"
../data/chatheads/2646.png,"Meredith: Human, female, black hair, found in Grand Exchange"
../data/chatheads/2647.png,"Merlin: Human, male, a beard, unnatural hair, a hat, found in Camelot"
../data/chatheads/2648.png,"Mernia: Merfolk, female, glasses, found in Underwater"
../data/chatheads/2649.png,"Mernik: Dorgeshuun, female, glasses, found in Dorgesh-Kaan"
../data/chatheads/2651.png,"Meskhenet: Human, female, glasses, found in Nardah"
../data/chatheads/2652.png,"Messenger: Human, male, brown hair, glasses, found in Anywhere"
../data/chatheads/2653.png,"Messenger: Human, male, a beard, a hood, glasses, found in Anywhere"
../data/chatheads/2654.png,"Metarialus: Ghost, male, glasses, found in Port Phasmatys"
../data/chatheads/2655.png,"Meteora: Human, female, brown hair, glasses, found in Lunar Isle"
../data/chatheads/2656.png,"Metla: Dwarf, female, a beard, red hair, a helmet, found in Stonecutter Outpost"
../data/chatheads/2657.png,"Metzli, Teokan of Ranul: Human, female, brown hair, a helmet, glasses, found in Civitas illa Fortis , The Teomat"
../data/chatheads/2658.png,"Meztlan: Human, male, a goatee, a mask, glasses, found in Alchemical Society"
../data/chatheads/2659.png,"Mi-Gor: Zombie, male, a beard, a helmet, glasses, found in Harmony Island (until completion)"
../data/chatheads/2660.png,"Mia: Human, female, brown hair, glasses, found in Shayzien"
../data/chatheads/2661.png,"Miala: Human, male, a beard, a mask, glasses, found in East of Burgh de Rott"
../data/chatheads/2662.png,"Miazrqa: Human, female, blonde hair, a crown, found in Tower between Captured Temple and Ice Mountain"
../data/chatheads/2663.png,"Mihail: Human, male, a goatee, a mask, glasses, found in Burgh de Rott"
../data/chatheads/2664.png,"Mike: Human, male, a beard, a hood, glasses, found in Mos Le'Harmless"
../data/chatheads/2665.png,"Mikey: Human, male, a beard, a mask, found in South-east of Barbarian Village"
../data/chatheads/2666.png,"Miles: Human, male, a mustache, found in Anywhere random events can occur"
../data/chatheads/2667.png,"Milkee: Rabbit, male, a crown, glasses, found in Wester Island"
../data/chatheads/2668.png,"Milli Rehnison: Human, female, glasses, found in West Ardougne"
../data/chatheads/2669.png,"Millie Miller: Human, female, brown hair, glasses, found in Mill Lane Mill"
../data/chatheads/2670.png,"Miltog: Dorgeshuun, female, glasses, found in Dorgesh-Kaan"
../data/chatheads/2672.png,"Mimm: Gnome, female, a beard"
../data/chatheads/2674.png,"Mine cart driver: Human, male, brown hair, glasses, found in Desert Mining Camp"
../data/chatheads/2675.png,"Mine supervisor: Dwarf, male, a beard, a helmet, glasses, found in Lovakite mine , Great Kourend"
../data/chatheads/2676.png,"Miner: Human, male, found in Jatizso , Jatizso Mines"
../data/chatheads/2677.png,"Miner: Dwarf, male, a beard, a helmet, glasses, found in Motherlode Mine"
../data/chatheads/2678.png,"Miner: Dwarf, male, a beard, glasses, found in The Deeper Lode"
../data/chatheads/2679.png,"Miner Magnus: Human, male, a beard, glasses, found in Miscellania"
../data/chatheads/2682.png,"Minimus: Dwarf, a mustache, found in Fortis Colosseum entrance"
../data/chatheads/2683.png,"Mining Instructor: Human, male, a goatee, found in Tutorial Island"
../data/chatheads/2684.png,"Mining tutor: Human, male, a beard, a mask, glasses, found in Lumbridge Swamp training mine"
../data/chatheads/2687.png,"Miodvetnir: Dwarf, male, a beard, found in Keldagrim south-west mine"
../data/chatheads/2688.png,"Miriam: Dwarf, female, a goatee, unnatural hair, a hat, glasses, found in Lovakengj"
../data/chatheads/2689.png,"Miriel: Elf, female, found in Prifddinas"
../data/chatheads/2692.png,"Misdrievus Shadum: Vampyre, male, a goatee, a mask, found in West Darkmeyer"
../data/chatheads/2693.png,"Mishkal'un Dorn: Human, male, a hood, found in Tunnel of Chaos"
../data/chatheads/2694.png,"Miss Cheevers: Human, female, brown hair, a helmet, glasses, found in Temple Knight Training Grounds"
../data/chatheads/2695.png,"Miss Schism: Human, female, brown hair, glasses, found in Draynor Village"
../data/chatheads/2697.png,"Mistag: Dorgeshuun, male, a helmet, glasses, found in Dorgeshuun Mines"
../data/chatheads/2698.png,"Mithrellas: Elf, female, a helmet, glasses, found in Prifddinas"
../data/chatheads/2701.png,"Mizaru: Monkey, male, a helmet, glasses, found in Temple of Marimbo"
../data/chatheads/2704.png,"Mofina: Human, female, a goatee, unnatural hair, a hat, a cape, found in Arceuus church"
../data/chatheads/2705.png,"Mofina: Human, female, a goatee, unnatural hair, a hat, a cape, found in Lumbridge Castle"
../data/chatheads/2706.png,"Moggy: Dwarf, female, glasses, found in Lovakengj"
../data/chatheads/2708.png,"Mogre Guard: Mogre, male, a helmet, glasses, found in Mogre Camp"
../data/chatheads/2709.png,"Mogrim: Dwarf, male, a beard, a helmet, glasses, found in Shayzien"
../data/chatheads/2710.png,"Moldof: Human, male, a beard, blonde hair, found in Etceteria"
../data/chatheads/2712.png,"Molly: Human, female, found in Evil twin"
../data/chatheads/2714.png,"Monk: Human, male, found in Varrock"
../data/chatheads/2715.png,"Monk: Human, male, a beard, a helmet, found in Paterdomus Temple"
../data/chatheads/2716.png,"Monk: Human, male, found in Entrana"
../data/chatheads/2717.png,"Monk: Human, male, a hood, found in Harmony Island windmill"
../data/chatheads/2718.png,"Monk: Human, male, found in Lumbridge Swamp"
../data/chatheads/2719.png,"Monk of Entrana: Human, male, glasses, found in Port Sarim , Entrana"
../data/chatheads/2722.png,"Monkey: Monkey, a helmet, glasses, found in Magic carpets"
../data/chatheads/2723.png,"Monkey: Monkey, found in Ardougne Zoo"
../data/chatheads/2724.png,"Monkey: Monkey, found in Trouble Brewing"
../data/chatheads/2725.png,"Monkey Archer: Monkey, a mask, glasses, found in Tree Gnome Stronghold"
../data/chatheads/2726.png,"Monkey boy: Monkey, male, a helmet, glasses, found in Varrock"
../data/chatheads/2727.png,"Monkey Child: Monkey, male, a helmet, glasses, found in Ape Atoll"
../data/chatheads/2729.png,"Monkey minder: Human, male, a beard, brown hair, a hat, glasses, found in Ardougne Zoo"
../data/chatheads/2730.png,"Cow: Monkey , Cow, a goatee, a hat, found in Field south of the Champions' Guild"
../data/chatheads/2731.png,"Monkey on unicorn: Monkey , Unicorn, a beard, a helmet, glasses, found in North-west of Lumbridge Swamp"
../data/chatheads/2735.png,"Mora: Human, female, red hair, glasses"
../data/chatheads/2736.png,"Mord Gunnars: Human, male, a beard, a hood, found in Rellekka docks"
../data/chatheads/2737.png,"Mordan Nikazsi: Vampyre, male, a mask, glasses, found in South-east Darkmeyer"
../data/chatheads/2738.png,"Morgan: Human, male, found in Draynor Village"
../data/chatheads/2739.png,"Morgan Le Faye: Human, female, black hair, found in Keep Le Faye"
../data/chatheads/2740.png,"Morgiana: Human, female, unnatural hair, glasses, found in Uzer Oasis"
../data/chatheads/2741.png,"Mori: Human, female, a goatee, unnatural hair, a hat, found in Arceuus"
../data/chatheads/2742.png,"Morris: Human, male, a mustache, found in Hemenster"
../data/chatheads/2743.png,"Mort Nightshade: Vampyre, male, a cape, found in North Darkmeyer"
../data/chatheads/2744.png,"Mort'ton local: Human, glasses, found in Mort'ton"
../data/chatheads/2745.png,"Morten Holdstrom: Human, male, a goatee, brown hair, a hat, glasses, found in Neitiznot"
../data/chatheads/2746.png,"Mortina Daubenton: Vampyre, female, a goatee, red hair, a mask, a cape, found in North-west Darkmeyer"
../data/chatheads/2747.png,"Morvran: Elf, male, black hair, found in Tirannwn"
../data/chatheads/2748.png,"Mosol Rei: Human, male, a goatee, found in Entrance of Shilo Village"
../data/chatheads/2750.png,"Most of a Zombie: Zombie, male, glasses"
../data/chatheads/2751.png,"Mother: Troll, male, a goatee, a mask, glasses, found in Weiss"
../data/chatheads/2752.png,"Mother Mallum: Sea slug, female, red hair, a helmet, glasses, found in Under Witchaven"
../data/chatheads/2754.png,"Mountain Dwarf: Dwarf, male, a beard, found in Lumbridge dining hall"
../data/chatheads/2755.png,"Mountain Dwarf: Dwarf, male, a beard, found in Near White Wolf Mountain"
../data/chatheads/2758.png,"Mountain Guide: Human, male, a beard, glasses, found in Mount Quidamortem"
../data/chatheads/2759.png,"Mountain Guide: Human, male, found in Nemus Retreat"
../data/chatheads/2761.png,"Mounted terrorchick gnome: Gnome, male, a helmet, glasses, found in Wherever summoned"
../data/chatheads/2762.png,"Mourner: Elf, male, a beard, a helmet, glasses, found in West Ardougne"
../data/chatheads/2763.png,"Mourner: Elf, male, a beard, a helmet, glasses, found in Mourner Tunnels"
../data/chatheads/2764.png,"Mourner: Elf, male, a beard, a helmet, glasses, found in West Ardougne"
../data/chatheads/2766.png,"Movario: Human, male, a beard, a hood, a cape, found in Dorgesh-Kaan South Dungeon"
../data/chatheads/2767.png,"Moxi: unnatural hair, a crown, glasses, found in Amoxliatl"
../data/chatheads/2768.png,"Mr Face: Human, male, unnatural hair, a helmet, glasses, found in ? (edit)"
../data/chatheads/2769.png,"Mr. Mordaut: Dragon, male, a goatee, red hair, a mask, glasses, a cape, found in ScapeRune"
../data/chatheads/2770.png,"Ms. Hynn Terprett: Human, female, blonde hair, found in Temple Knight Training Grounds"
../data/chatheads/2771.png,"Mubariz: Human, male, a beard, found in Emir's Arena"
../data/chatheads/2776.png,"Munty: Dwarf, male, a beard, brown hair, glasses, found in Lovakengj"
../data/chatheads/2777.png,"Muphin: Muspah, a goatee, unnatural hair, a helmet, glasses, found in Phantom Muspah"
../data/chatheads/2778.png,"Murcaily: Human, male, glasses, found in Tai Bwo Wannai"
../data/chatheads/2779.png,"Murfet: Human, male, unnatural hair, glasses, found in Woodcutting Guild"
../data/chatheads/2780.png,"Murky Matt (runes): Human, male, a beard, brown hair, a hat, glasses, found in Grand Exchange"
../data/chatheads/2781.png,"Murky Pat: Human, male, a beard, brown hair, glasses, found in Lady Zay"
../data/chatheads/2783.png,"Murphy: Human, male, a beard, a helmet, glasses, found in Port Khazard"
../data/chatheads/2784.png,"Muruwoi: Monkey, male, a mask, glasses, found in Marim"
../data/chatheads/2785.png,"Museum guard: Human, male, brown hair, a hat, glasses, found in Varrock"
../data/chatheads/2787.png,"My Arm: Troll, male, a goatee, a hat, glasses, found in Troll Stronghold"
../data/chatheads/2788.png,"My Arm: Troll, male, a goatee, a hat, glasses, found in Al Kharid"
../data/chatheads/2789.png,"Myndill: Dwarf, male, a beard, found in Keldagrim"
../data/chatheads/2790.png,"Mysterious Adventurer: Human, male, a goatee, a helmet, glasses, found in Myths' Guild"
../data/chatheads/2791.png,"Mysterious Bandit: Human, a beard, a helmet, glasses, found in Ancient Vault"
../data/chatheads/2792.png,"Mysterious Figure: female, a goatee, a helmet, glasses, a cape, found in In front of the Ancient Vault"
../data/chatheads/2794.png,"Mysterious Old Man: Human, male, a beard, glasses, found in Anywhere"
../data/chatheads/2795.png,"Mysterious Stranger: Unknown, a beard, a hood, a cape, found in Ver Sinhaza"
../data/chatheads/2796.png,"Mysterious Stranger: Unknown, male, a beard, a hood, a cape, found in Hallowed Sepulchre"
../data/chatheads/2797.png,"Mysterious Voice: Unknown, female, unnatural hair, a crown, glasses, found in Mount Quidamortem"
../data/chatheads/2802.png,"Nahta: Dwarf, female, a beard, red hair, found in Cam Torum"
../data/chatheads/2803.png,"Naiatli: Human, female, glasses, found in Villa Lucens"
../data/chatheads/2804.png,"Nakasa Jovkai: Vampyre, female, a goatee, a mask, found in South-west Darkmeyer"
../data/chatheads/2805.png,"Nardah Banker: Human, male, a beard, a helmet, glasses, found in Nardah"
../data/chatheads/2806.png,"Nardok: Dorgeshuun, male, a mask, glasses, found in Dorgeshuun Mines"
../data/chatheads/2808.png,"Nasty Nick: Human, male, a mustache, a hat, found in West of Mistrock"
../data/chatheads/2809.png,"Natalidae Shadum: Vampyre, female, a goatee, a mask, found in South-west Darkmeyer"
../data/chatheads/2810.png,"Nathifa: Human, female, a helmet, glasses, found in Sophanem"
../data/chatheads/2811.png,"Natural historian: Human, male, a beard, a hat, glasses, found in Varrock Museum"
../data/chatheads/2812.png,"Natural Historian: Human, male, a beard, a hat, glasses, found in Mount Quidamortem"
../data/chatheads/2813.png,"Necrovarus: Ghost, male, a hood, glasses, found in The Ectofuntus temple north of Port Phasmatys"
../data/chatheads/2814.png,"Necto: Dwarf, male, a goatee, found in Mistrock"
../data/chatheads/2815.png,"Ned: Human, male, a goatee, a helmet, glasses, found in Draynor Village"
../data/chatheads/2816.png,"Ned: Human, male, a goatee, a helmet, glasses, found in Lady Lumbridge , Crandor"
../data/chatheads/2817.png,"Neferti the Camel: Camel, female, a goatee, a mask, glasses, found in Sophanem"
../data/chatheads/2818.png,"Neil: Human, male, a beard, glasses, found in Bandit Camp"
../data/chatheads/2819.png,"Neite: Cat, female, a helmet, found in • Sophanem • Burthorpe (after Dragon Slayer II)"
../data/chatheads/2820.png,"Nellas: Elf, female, found in Prifddinas"
../data/chatheads/2821.png,"Nelta of Ralos: male, brown hair, a helmet, glasses, found in ? (edit)"
../data/chatheads/2822.png,"Nelta of Ranul: male, brown hair, a helmet, glasses, found in ? (edit)"
../data/chatheads/2823.png,"Nemishka: Human, male, a goatee, black hair, found in Slepe"
../data/chatheads/2824.png,"Nenetl, Teoki of Ranul: Human, a goatee, unnatural hair, glasses, found in Crypt of Tonali"
../data/chatheads/2825.png,"Nerdanel: Elf, female, found in Prifddinas"
../data/chatheads/2826.png,"Nesty: Human, female, unnatural hair, found in Woodcutting Guild"
../data/chatheads/2827.png,"Netmaster Kellan: Human, male, a beard, a hat, glasses, found in Port Roberts"
../data/chatheads/2828.png,"Nevet: Human, female, brown hair, glasses, found in Varrock Square"
../data/chatheads/2829.png,"New Recruit Tony: Human, male, a beard, brown hair, glasses, found in Graveyard of Heroes"
../data/chatheads/2830.png,"Nexling: Nihil, a goatee, a helmet, glasses, found in Nex"
../data/chatheads/2831.png,"Echned Zekin: Ghost, male, a mask, glasses, found in Viyeldi Caves"
../data/chatheads/2832.png,"Nezketi: Human, male, glasses, found in Tal Teklan"
../data/chatheads/2833.png,"Nia: Elf, female, a helmet, glasses, found in Prifddinas"
../data/chatheads/2834.png,"Nicholas: Human, male, a beard, brown hair, a hat, found in Port Piscarilius"
../data/chatheads/2837.png,"Nickolaus: Human, male, a goatee, a hat, glasses, found in Eagles' Peak"
../data/chatheads/2838.png,"Nicoleta: Human, female, unnatural hair, glasses, found in Burgh de Rott"
../data/chatheads/2839.png,"Nid: Araxyte, a goatee, a hat, wings, found in Araxxor"
../data/chatheads/2840.png,"Nieve: Human, female, blonde hair, glasses, found in Tree Gnome Stronghold"
../data/chatheads/2841.png,"Nigel: Human, male, a beard, a hood, a cape, found in Lumbridge graveyard"
../data/chatheads/2844.png,"The Nightmare: Unknown, a goatee, a mask, found in Sisterhood Sanctuary"
../data/chatheads/2845.png,"Nikkie: Human, female, brown hair, a hat, found in Farming Guild"
../data/chatheads/2846.png,"Niles: Human, male, a mustache, found in Anywhere random events can occur"
../data/chatheads/2847.png,"Niloof: Dwarf, male, a beard, a helmet, glasses, found in Underground Pass"
../data/chatheads/2848.png,"Nimloth: Elf, female, brown hair, glasses, found in Prifddinas"
../data/chatheads/2849.png,"Nimrodel: Elf, female, found in Grand Library"
../data/chatheads/2850.png,"Nipper: Dorgeshuun, male, glasses, found in Dorgesh-Kaan"
../data/chatheads/2851.png,"Nirrie: Elemental, female, unnatural hair, a mask, glasses, found in Water Ravine Dungeon (A rope , ancestral key and the robes of elidinis are required to enter.)"
../data/chatheads/2853.png,"Nkuku: Human, male, a beard, glasses, found in Nardah"
../data/chatheads/2854.png,"No Crewmember: a goatee, a hood, a cape"
../data/chatheads/2855.png,"'No fingers': Human, male, a beard, a helmet, found in Tower of Life"
../data/chatheads/2856.png,"Noah: Human, male, a goatee, found in Varrock Square"
../data/chatheads/2857.png,"Noctillion Lugosi: Vampyre, male, a cape, found in West Darkmeyer"
../data/chatheads/2858.png,"Noella: Human, female, blonde hair, found in East Ardougne"
../data/chatheads/2859.png,"Nolar: Dwarf, male, a goatee, a hat, glasses, found in Keldagrim"
../data/chatheads/2860.png,"Nomad: Human, male, a beard, a mask, glasses, found in Isle of Souls"
../data/chatheads/2861.png,"Noodle: Penguin, male, a goatee, a helmet, glasses, found in Iceberg"
../data/chatheads/2862.png,"Noon: Gargoyle, a goatee, a hood, glasses, a cape, wings, found in Grotesque Guardians"
../data/chatheads/2863.png,"Nora T. Hagg: Human, female, found in Witch's house , Taverley"
../data/chatheads/2864.png,"Noranna Tytanin: Vampyre, female, a goatee, a mask, found in Daeyalt essence mine"
../data/chatheads/2865.png,"Norman: Human, male, a goatee, glasses, found in Falador"
../data/chatheads/2866.png,"Not Bob: Cat, male, found in Dream World"
../data/chatheads/2867.png,"Noterazzo: Human, male, a beard, found in Wilderness Bandit Camp"
../data/chatheads/2868.png,"Nova: Human, female, found in Outside the Tower of Ascension"
../data/chatheads/2869.png,"Novice: Human, male, a mustache, a hat, found in Arceuus church"
../data/chatheads/2871.png,"Nulodion: Dwarf, male, a beard, brown hair, found in Entrance to the Dwarven Mine on Ice Mountain"
../data/chatheads/2872.png,"Numpty: Dwarf, male, a beard, a helmet, glasses, found in Blast Furnace"
../data/chatheads/2873.png,"Nung: Mogre, male, a helmet, glasses, found in Mogre Camp"
../data/chatheads/2874.png,"Nurmof: Dwarf, male, a beard, found in Dwarven Mines"
../data/chatheads/2875.png,"Nurse Boubou: Human, female, brown hair, a hat, found in Shayzien Encampment"
../data/chatheads/2876.png,"Nurse Emma Gentsy: Human, female, found in Battlefront"
../data/chatheads/2877.png,"Nurse Inn'Juree: Human, female, found in Shayzien Encampment"
../data/chatheads/2878.png,"Nurse Sarah: Human, female, brown hair, glasses, found in West Ardougne"
../data/chatheads/2879.png,"Nurse Wooned: Human, female, brown hair, a hat, glasses, found in Shayzien Encampment"
../data/chatheads/2882.png,"Nylocas Queen: Nylocas / araxyte / vampyre tribrid, female, a goatee, a helmet, glasses, found in Ver Sinhaza"
../data/chatheads/2883.png,"Oaknock the Engineer: Gnome, male, glasses, found in Quest cutscene"
../data/chatheads/2884.png,"Oarswoman Olga: Werewolf, female, red hair, a hat, glasses, found in Before hiring: Burgh de Rott After hiring: The Pandemonium"
../data/chatheads/2885.png,"Oath Lord D'rows: Human, male, a beard, a hood, glasses, found in Sisterhood Sanctuary"
../data/chatheads/2886.png,"Oathbreaker B'ats: Human, male, a goatee, red hair, a hood, found in Sisterhood Sanctuary"
../data/chatheads/2887.png,"Oathbreaker E'piws: Human, male, a goatee, red hair, a hood, glasses, found in Sisterhood Sanctuary"
../data/chatheads/2888.png,"Oathbreaker M'als: Human, male, a goatee, red hair, a hood, found in Sisterhood Sanctuary"
../data/chatheads/2890.png,"Obli: Human, male, a goatee, found in Shilo Village"
../data/chatheads/2891.png,"Observatory assistant: Human, male, found in Observatory"
../data/chatheads/2892.png,"Observatory professor: Human, male, glasses, found in Observatory reception"
../data/chatheads/2893.png,"Ocean Man: male, blonde hair, a hat, glasses, found in Varies"
../data/chatheads/2895.png,"Ocuil: Human, a beard, brown hair, glasses, found in Auburn Valley"
../data/chatheads/2897.png,"Odd Mushroom: Troll, male, a goatee, a mask, glasses, found in Weiss"
../data/chatheads/2898.png,"Odd Old Man: Human, male, a beard, glasses, found in Silvarea"
../data/chatheads/2899.png,"Odd Stone: Troll, male, a goatee, a mask, found in Weiss"
../data/chatheads/2901.png,"Odmar: Dwarf, male, a beard, glasses, found in Keldagrim"
../data/chatheads/2902.png,"Odovacar: Human, male, a helmet, glasses, found in The Lair of Tarn Razorlor"
../data/chatheads/2903.png,"Odysseus: Cat, male, a mask, found in Cutscene during A Tail of Two Cats and Dragon Slayer II"
../data/chatheads/2904.png,"Og: Ogre, male, a beard, a helmet, glasses, found in North of Feldip Hills"
../data/chatheads/2905.png,"Ogre boat: Ogre, found in Karamja"
../data/chatheads/2906.png,"Ogre guard: Ogre, male, found in Gu'Tanoth"
../data/chatheads/2907.png,"Ogre guard: Ogre, male, found in Jiggig"
../data/chatheads/2908.png,"Ogre merchant: Ogre, male, found in Gu'Tanoth"
../data/chatheads/2910.png,"Ogre trader: Ogre, male, found in Gu'Tanoth"
../data/chatheads/2911.png,"Ogre trader: Ogre, male, found in Gu'Tanoth"
../data/chatheads/2912.png,"Okina: Human, male, unnatural hair, a hood, found in Kourend's Blood Altar"
../data/chatheads/2914.png,"Olaf Hradson: Human, male, a beard, glasses, found in North-east of Rellekka"
../data/chatheads/2915.png,"Olaf the Bard: Human, male, a beard, found in Rellekka"
../data/chatheads/2916.png,"Olbertus: Human, male, brown hair, a hat, glasses, found in Forthos Dungeon"
../data/chatheads/2917.png,"Old crone: Human, female, glasses, found in East of the Slayer Tower"
../data/chatheads/2918.png,"Old dwarf: Dwarf, male, a beard, glasses, found in Cliffs between the Lovakite mine and The Forsaken Tower"
../data/chatheads/2919.png,"Old Grog: Human, male, a beard, a helmet, glasses, found in The Pandemonium"
../data/chatheads/2920.png,"Old man: Human, male, a beard, a helmet, glasses, found in Ghost ship near Port Phasmatys"
../data/chatheads/2921.png,"Old man: Human, male, a beard, found in Shayzien"
../data/chatheads/2922.png,"Old Man Ral: Human, male, a beard, a hat, found in Meiyerditch"
../data/chatheads/2923.png,"Old Man Yarlo: Human, male, a beard, glasses, found in Varrock"
../data/chatheads/2924.png,"Oldak: Dorgeshuun, male, glasses, found in Dorgesh-Kaan"
../data/chatheads/2925.png,"Oli: Human, male, red hair, found in Civitas illa Fortis"
../data/chatheads/2926.png,"Olivia: Human, female, red hair, glasses, found in Draynor Village"
../data/chatheads/2927.png,"Ollie the Camel: Camel, male, a mustache, a helmet, glasses, found in Al Kharid"
../data/chatheads/2928.png,"Olmlet: Olm, a goatee, a hood, glasses, found in Chambers of Xeric"
../data/chatheads/2929.png,"Omart: Human, male, a beard, brown hair, found in East Ardougne"
../data/chatheads/2930.png,"One Eyed Rosalee: Human, female, red hair, a helmet, glasses, found in The Pandemonium"
../data/chatheads/2931.png,"Oneiromancer: Human, female, blonde hair, glasses, found in Lunar Isle"
../data/chatheads/2932.png,"Oobapohk: Monkey, male, a mask, found in Marim"
../data/chatheads/2933.png,"Oozing barrier: a goatee, a crown, glasses, found in Stronghold of Security , Pit of Pestilence"
../data/chatheads/2934.png,"Operator: Dwarf, female, brown hair, a helmet, glasses, found in Blast mine"
../data/chatheads/2935.png,"Oracle: Human, female, red hair, a mask, found in Ice Mountain"
../data/chatheads/2940.png,"Ordan: Dwarf, male, a beard, found in Keldagrim"
../data/chatheads/2941.png,"Oriana: Human, female, a beard, a mask, glasses, found in Civitas illa Fortis"
../data/chatheads/2942.png,"Ork: Ork, male, a beard, a mask, glasses, found in Zanaris"
../data/chatheads/2943.png,"Orlando Smith: Human, male, brown hair, a hat, glasses, found in Varrock Museum"
../data/chatheads/2945.png,"Oronwen: Elf, female, glasses, found in Lletya"
../data/chatheads/2946.png,"Oropher: Elf, male, unnatural hair, found in Prifddinas"
../data/chatheads/2947.png,"Orophin: Elf, male, glasses, found in Prifddinas"
../data/chatheads/2948.png,"Orrvor quo Maten: Kahlith, male, a goatee, a mask, glasses, found in Karuulm Slayer Dungeon"
../data/chatheads/2949.png,"Orsaga: brown hair, a hat, a cape, found in Hunter Guild"
../data/chatheads/2951.png,"Oscar: Human, male, found in Blue Moon Inn"
../data/chatheads/2952.png,"Osian: Elf, male, a beard, found in Prifddinas"
../data/chatheads/2953.png,"Osman: Human, male, a goatee, a hood, glasses, found in Al Kharid"
../data/chatheads/2954.png,"Osman: Human, male, a goatee, a hood, glasses, found in Al Kharid"
../data/chatheads/2956.png,"Ospak: Human, male, a beard, blonde hair, found in Rellekka Longhall Bar"
../data/chatheads/2958.png,"Osten: Human, male, a beard, a helmet, glasses, found in Shayzien"
../data/chatheads/2959.png,"Osvald: Human, male, a beard, brown hair, found in Miscellania and Etceteria Dungeon"
../data/chatheads/2960.png,"Oswald: Human, male, a beard, a helmet, found in Shayzien"
../data/chatheads/2961.png,"Oswallt: Elf, male, glasses, found in Prifddinas"
../data/chatheads/2962.png,"Other Half-Zombie: Zombie, male, a beard, a mask, glasses"
../data/chatheads/2963.png,"Otto Godblessed: Human, male, a beard, a mask, found in Otto's Grotto north of Baxtorian Falls"
../data/chatheads/2964.png,"Ouditor: Human, male, a goatee, a hat, found in Arceuus"
../data/chatheads/2965.png,"Overcharged catalytic guardian: Rune guardian, a goatee, a hat, glasses, found in Temple of the Eye"
../data/chatheads/2966.png,"Overcharged elemental guardian: Rune guardian, a goatee, a hat, glasses, found in Temple of the Eye"
../data/chatheads/2967.png,"Overgrown cat: Cat, a mask, glasses, found in Gertrude"
../data/chatheads/2968.png,"Overseer Khougo: Dwarf, male, a beard, found in Mistrock"
../data/chatheads/2970.png,"Oxi: Dwarf, male, a goatee, a hat, glasses, found in Keldagrim Rat Pits"
../data/chatheads/2971.png,"Oziach: Human, male, a mustache, glasses, found in North-west Edgeville"
../data/chatheads/2972.png,"Oziach: Human, male, a mustache, found in South of the Edgeville Monastery"
../data/chatheads/2973.png,"Oziach: Human, a mustache, glasses, found in Blue Moon Inn"
../data/chatheads/2974.png,"Pagida: Human, male, a mustache, a hat, found in Library Historical Archive"
../data/chatheads/2975.png,"Painted One: Human, male, a goatee, a mask, found in Slepe"
../data/chatheads/2978.png,"Palum: Human, female, brown hair, glasses, found in Christmas Factory"
../data/chatheads/2979.png,"Pandur Hosidius: Human, male, brown hair, glasses, found in Hosidius"
../data/chatheads/2980.png,"Panning guide: Human, male, found in Digsite"
../data/chatheads/2981.png,"Paola: Human, female, black hair, found in ? (edit)"
../data/chatheads/2982.png,"Parleying Preston: Human, male, a beard, brown hair, found in The Pandemonium"
../data/chatheads/2987.png,"Parroty Pete: Human, male, a beard, a helmet, glasses, found in Ardougne Zoo"
../data/chatheads/2988.png,"Party gnome: Gnome, female, unnatural hair, a hood, found in Al Kharid , Brimhaven , Catherby beach"
../data/chatheads/2989.png,"Party Pete: Human, male, found in Falador Party Room"
../data/chatheads/2991.png,"Party Pete: Human, male, a helmet, found in Falador Party Room"
../data/chatheads/2992.png,"Patchy: Human, male, a beard, brown hair, a hat, glasses, found in Mos Le'Harmless , near the bank"
../data/chatheads/2993.png,"Patrick: Human, male, a goatee, a hat, found in Ruins of Uzer"
../data/chatheads/2996.png,"Patty Seer: Human, female, found in Lumbridge Castle kitchen"
../data/chatheads/2997.png,"Patzi: Human, male, a goatee, a cape, found in Villa Lucens"
../data/chatheads/2998.png,"Paul: Human, male, a beard, red hair, found in Varrock"
../data/chatheads/2999.png,"Pauline Polaris: Human, female, blonde hair, glasses, found in Lunar Isle"
../data/chatheads/3000.png,"Pavo: Human, red hair, glasses, found in Villa Lucens"
../data/chatheads/3001.png,"Paws: Rabbit, a hood, glasses, found in Bunbridge"
../data/chatheads/3004.png,"Peasant: Human, male, a goatee, found in Fisher Realm"
../data/chatheads/3005.png,"Pebble: Troll, male, a goatee, a hood, found in Weiss"
../data/chatheads/3007.png,"Peer the Seer: Human, male, a beard, glasses, found in Rellekka"
../data/chatheads/3009.png,"Peksa: Human, male, a goatee, a helmet, glasses, found in Barbarian Village"
../data/chatheads/3011.png,"Pellem: Human, male, a beard, a helmet, glasses, found in Hunter Guild"
../data/chatheads/3012.png,"Penguin: Penguin, male, a beard, a helmet, found in Ardougne Zoo penguin pen, Iceberg"
../data/chatheads/3014.png,"Pennant: Elf, male, red hair, found in Prifddinas"
../data/chatheads/3015.png,"Pentyn: Human, male, a beard, found in Enakhra's Temple"
../data/chatheads/3016.png,"Penwie: Gnome, male, a hat, glasses, found in Karamja"
../data/chatheads/3017.png,"Perdie: Human, female, glasses, found in Port Roberts"
../data/chatheads/3018.png,"Perdu: Dwarf, male, a goatee, glasses, found in Lumbridge , Catherby , Grand Exchange , Falador , Ferox Enclave , Daimon's Crater"
../data/chatheads/3020.png,"Perrdur: Gnome, male, a beard, found in Grand Tree"
../data/chatheads/3021.png,"Perry: Human, female, unnatural hair, found in Woodcutting Guild"
../data/chatheads/3022.png,"Pescaling Pax: Penguin, male, a goatee, a crown, found in Iceberg"
../data/chatheads/3023.png,"Chaos Elemental Jr.: Chaos Elemental, a goatee, a crown, glasses, found in Chaos Elemental or Chaos Fanatic"
../data/chatheads/3024.png,"Dagannoth Prime Jr.: Dagannoth, a goatee, a helmet, glasses, found in Dagannoth Prime"
../data/chatheads/3025.png,"Dagannoth Rex Jr.: Dagannoth, a beard, a helmet, glasses, found in Dagannoth Rex"
../data/chatheads/3026.png,"Dagannoth Supreme Jr.: Dagannoth, a goatee, a helmet, glasses, found in Dagannoth Supreme"
../data/chatheads/3027.png,"Dark core: a beard, a helmet, found in Corporeal Beast"
../data/chatheads/3028.png,"General Graardor Jr.: Ourg, a goatee, a mask, glasses, found in General Graardor"
../data/chatheads/3029.png,"K'ril Tsutsaroth Jr.: Demon, a goatee, red hair, a mask, wings, found in K'ril Tsutsaroth"
../data/chatheads/3030.png,"Kraken: Cave kraken, a beard, a helmet, glasses, found in Kraken"
../data/chatheads/3031.png,"Kree'arra Jr.: Aviansie, a goatee, a helmet, glasses, wings, found in Kree'arra"
../data/chatheads/3032.png,"Penance Pet: Penance, a hat, glasses, found in Barbarian Assault high level gambles"
../data/chatheads/3034.png,"Smoke Devil: Thermonuclear smoke devil, a goatee, a crown, glasses, wings, found in Thermonuclear smoke devil"
../data/chatheads/3035.png,"Snakeling: Snake, a goatee, unnatural hair, a mask, glasses, wings, found in Zulrah"
../data/chatheads/3036.png,"Zilyana Jr.: Icyene, a goatee, red hair, a cape, found in Commander Zilyana"
../data/chatheads/3037.png,"Pete: Human, male, a beard, found in North of the Clock Tower"
../data/chatheads/3038.png,"Peter: Human, male, found in Fossil Island"
../data/chatheads/3040.png,"Petra Fiyed: Human, female, brown hair, glasses, found in Goblin Cave"
../data/chatheads/3041.png,"Petrified Pete: Human, male, a beard, a hat, glasses, found in Fossil Island"
../data/chatheads/3042.png,"Petrus: Human, male, glasses, found in Minotaurs' Rest"
../data/chatheads/3043.png,"Phabelle Bile: Human, female, a hood, glasses, found in Ferox Enclave"
../data/chatheads/3045.png,"Phantuwti Fanstuwi Farsight: Human, male, a beard, glasses, found in Seers' Village"
../data/chatheads/3046.png,"Pharaoh Kemesis: Human, male, a beard, a crown, glasses, a cape, found in Menaphos"
../data/chatheads/3047.png,"Pheasant: a goatee, a helmet, glasses, found in Forestry"
../data/chatheads/3049.png,"Phials: Human, male, a mustache, found in Rimmington"
../data/chatheads/3050.png,"Phileas Rimor: Human, male, a beard, glasses, found in Shayzien"
../data/chatheads/3051.png,"Philipe Carnillean: Human, male, found in East Ardougne"
../data/chatheads/3052.png,"Phillipa: Human, female, red hair, glasses, found in Leptoc Mansion, west of Varrock"
../data/chatheads/3053.png,"Philop: Human, male, found in Varrock"
../data/chatheads/3054.png,"Phingspet: Human, female, a hood, glasses, found in Varrock Sewers"
../data/chatheads/3056.png,"Phoebe Kay: Human, female, a hat, glasses, found in Ferox Enclave"
../data/chatheads/3057.png,"Phoenix: Phoenix, a goatee, a crown, glasses, wings, found in Reward Cart"
../data/chatheads/3058.png,"Phosani's Nightmare: Unknown, a goatee, a mask, found in Sisterhood Sanctuary"
../data/chatheads/3059.png,"Picaria: Human, female, brown hair, glasses, found in South-east of Sunset Coast"
../data/chatheads/3060.png,"'Picarron' Pete: Human, male, a beard, found in Lady Zay"
../data/chatheads/3061.png,"Pierre: Human, male, glasses, found in Sinclair Mansion grounds"
../data/chatheads/3062.png,"Pieve: Human, female, blonde hair, glasses, found in Asgarnian Ice Dungeon"
../data/chatheads/3066.png,"Piles: Human, male, a mustache, found in Resource Area"
../data/chatheads/3067.png,"Pilg: Ogre, male, found in Jiggig"
../data/chatheads/3068.png,"Pilgrim: Human, male, a beard, a hood, glasses, found in North of Mons Gratia"
../data/chatheads/3069.png,"Piliar: Human, male, a beard, glasses, found in Port Piscarilius"
../data/chatheads/3070.png,"Pillory Guard: Human, male, a beard, a helmet, glasses, found in Random Event"
../data/chatheads/3071.png,"Ping: Penguin, male, a goatee, a helmet, found in KGP Headquarters"
../data/chatheads/3072.png,"Pious Pete: Human, male, found in Candelight random event"
../data/chatheads/3073.png,"Pious Pete: Human, male, found in Realm of Memories"
../data/chatheads/3074.png,"Pipistrelle Draynar: Vampyre, female, a mustache, black hair, a mask, found in North-west Darkmeyer"
../data/chatheads/3075.png,"Pirate: Human, male, a helmet, glasses, found in Catacombs of Kourend"
../data/chatheads/3076.png,"Pirate: Human, a beard, a hood, glasses, found in Great Sound"
../data/chatheads/3077.png,"Pirate: Human, a helmet, glasses, found in Mos Le'Harmless"
../data/chatheads/3078.png,"Pirate: a helmet, glasses, found in Arrow Passage , Ardent Ocean"
../data/chatheads/3079.png,"Pirate: Human, a goatee, a helmet, glasses"
../data/chatheads/3081.png,"Pirate Jackie the Fruit: Human, female, found in Brimhaven Agility Arena entrance"
../data/chatheads/3082.png,"Pirate Pete: Human, male, a beard, a hood, glasses, found in Port Phasmatys , Braindeath Island"
../data/chatheads/3083.png,"Pizazz Hat: a goatee, a hat"
../data/chatheads/3090.png,"Poison Salesman: Human, male, red hair, glasses, found in Forester's Arms"
../data/chatheads/3094.png,"Polmafi Ferdygris: Human, male, a goatee, glasses, found in Myreque Hideout in Canifis , then in Burgh de Rott"
../data/chatheads/3095.png,"Pong: Penguin, male, a goatee, a helmet, found in KGP Headquarters"
../data/chatheads/3096.png,"Pontak: Human, male, a beard, a helmet, glasses, found in Rellekka"
../data/chatheads/3097.png,"Ponts the Bridgemaster: Human, male, a beard, glasses, found in Myths' Guild"
../data/chatheads/3098.png,"Poor looking man: Human, male, a goatee, glasses, found in Port Piscarilius"
../data/chatheads/3099.png,"Poor looking woman: Human, female, found in Port Piscarilius"
../data/chatheads/3100.png,"Porkai: Gnome, male, a hat, glasses, found in West of Tree Gnome Village"
../data/chatheads/3101.png,"Port master: female, brown hair, a helmet, glasses, found in Port Sarim"
../data/chatheads/3102.png,"Port Official: Human, male, a mustache, glasses, found in Port Piscarilius"
../data/chatheads/3103.png,"Port Wizard Paulie: Human, male, brown hair, a hat, found in ? (edit)"
../data/chatheads/3104.png,"Port Wizard Perrie: Human, female, blonde hair, a hat, found in Wherever a boat is recovered"
../data/chatheads/3105.png,"Port Wizard Peter: Human, male, a beard, a hat, found in Wherever a boat is recovered"
../data/chatheads/3106.png,"Port Wizard Petra: Human, female, brown hair, found in Wherever a boat is recovered"
../data/chatheads/3107.png,"Port worker: Human, male, a mustache, found in Port Piscarilius"
../data/chatheads/3110.png,"Portal of Death: a goatee, a mask, glasses, found in Stronghold of Security , Sepulchre of Death"
../data/chatheads/3111.png,"Portobello: Gnome, male, a beard, a helmet, glasses"
../data/chatheads/3114.png,"Postie Pete: Skeleton, male, glasses, a cape, found in See article"
../data/chatheads/3116.png,"Pox: Cat, male, a helmet, glasses, found in Varrock Rat Pits"
../data/chatheads/3118.png,"Praistan Ebola: Gnome, male, a beard, a hood, glasses, found in Brimhaven"
../data/chatheads/3120.png,"Prayer tutor: Human, female, unnatural hair, a hood, found in Lumbridge church"
../data/chatheads/3121.png,"Preacher: Goblin, male, a helmet, glasses, found in Goblin Temple"
../data/chatheads/3122.png,"Prescott: Human, a beard, a hat, found in Ruins of Camdozaal"
../data/chatheads/3123.png,"Preswylwyr Dall: Elf, female, glasses, found in Gwenith"
../data/chatheads/3125.png,"Priest: Human, male, a beard, a cape, found in East Ardougne"
../data/chatheads/3126.png,"Priest: Goblin, a crown, glasses, found in Goblin Cave"
../data/chatheads/3127.png,"Priest: Human, male, a beard, red hair, a hood, glasses, found in Great Temple"
../data/chatheads/3128.png,"Priest: Human, male, a beard, glasses, a cape, found in West Ardougne"
../data/chatheads/3129.png,"Priestess Zul-Gwenwynig: Elf, female, a goatee, black hair, found in Zul-Andra"
../data/chatheads/3131.png,"Primula: Gnome, female, unnatural hair, a hat, glasses, found in Myths' Guild"
../data/chatheads/3132.png,"Prince Ali: Human, male, glasses, found in Draynor Village jail"
../data/chatheads/3133.png,"Prince Ali: Human, male, glasses, found in Draynor Village jail"
../data/chatheads/3134.png,"Prince Black Dragon: Dragon, a goatee, a mask, wings, found in King Black Dragon"
../data/chatheads/3135.png,"Prince Brand: Human, male, found in Miscellania"
../data/chatheads/3136.png,"Prince Itzla Arkan: Human, male, a crown, glasses, found in Varrock Palace , The Teomat , Quetzacalli Gorge , Twilight Temple"
../data/chatheads/3137.png,"Princess Astrid: Human, female, found in Miscellania"
../data/chatheads/3138.png,"Prison Pete: Human, male, found in ScapeRune"
../data/chatheads/3139.png,"Prisoner: Human, male, found in Haunted Woods"
../data/chatheads/3141.png,"Prisoner: Human, male, brown hair, glasses, found in North Darkmeyer"
../data/chatheads/3142.png,"Prissy Scilla: Gnome, male, a beard, a hood, glasses, found in Tree Gnome Stronghold"
../data/chatheads/3143.png,"Private Paldo: Human, male, a beard, a helmet, glasses, found in Main room of the Barbarian Assault basement"
../data/chatheads/3144.png,"Private Paldon: Human, male, a beard, a helmet, glasses, found in Barbarian Assault Outside building and near rooms 5 and 6"
../data/chatheads/3145.png,"Private Pendron: Human, male, a beard, a helmet, glasses, found in Barbarian Assault Outside and near rooms 7 and 8"
../data/chatheads/3146.png,"Private Pierreb: Human, male, a beard, a helmet, glasses, found in Barbarian Assault outside and near rooms 9 and 10"
../data/chatheads/3147.png,"Probita: Human, female, unnatural hair, glasses, found in East Ardougne"
../data/chatheads/3148.png,"Professor Gracklebone: Gnome, male, found in Arceuus Library"
../data/chatheads/3149.png,"Professor Imblewyn: Gnome, male, a beard, red hair, glasses, found in Wizards' Guild"
../data/chatheads/3150.png,"Professor Manglethorp: Gnome, male, found in The Consortium"
../data/chatheads/3151.png,"Professor Oddenstein: Human, male, a goatee, found in Draynor Manor"
../data/chatheads/3152.png,"Professor Onglewip: Gnome, male, a beard, unnatural hair, a hood, glasses, found in Wizards' Tower"
../data/chatheads/3153.png,"Prosecutor: Human, male, found in Seers' Village courthouse"
../data/chatheads/3154.png,"Prospector Percy: Human, male, a beard, a hat, glasses, found in Motherlode Mine"
../data/chatheads/3155.png,"Protest Leader: Human, female, red hair, found in Kingstown"
../data/chatheads/3157.png,"Protester: Human, male, found in Varrock"
../data/chatheads/3163.png,"Pumpy: Dwarf, male, a beard, a helmet, glasses, found in Blast Furnace"
../data/chatheads/3168.png,"Purple Pewter Director: Dwarf, male, a beard, found in Keldagrim"
../data/chatheads/3169.png,"Purple Pewter Secretary: Dwarf, female, black hair, found in Keldagrim"
../data/chatheads/3176.png,"Pyromancer: Human, female, a goatee, red hair, a hood, found in Wintertodt prison"
../data/chatheads/3177.png,"Quartermaster: Human, male, glasses, found in Tyras Camp"
../data/chatheads/3178.png,"Queen Ellamaria: Human, female, brown hair, a crown, found in Varrock Palace garden"
../data/chatheads/3179.png,"Queen Sigrid: Human, female, brown hair, glasses, found in Castle of Etceteria"
../data/chatheads/3180.png,"Queen Zyanyi Arkan: Human, female, a crown, found in Kourend Castle , The Teomat (during cutscenes)"
../data/chatheads/3181.png,"Quest Guide: Human, male, a beard, glasses, found in Tutorial Island"
../data/chatheads/3183.png,"Quetzin: a goatee, unnatural hair, a mask, glasses, wings, found in Hunter Guild"
../data/chatheads/3184.png,"Quinton: Human, male, red hair, a crown, glasses, found in Blue Moon Inn"
../data/chatheads/3185.png,"Quiz Master: Human, male, a goatee, glasses, found in Random"
../data/chatheads/3187.png,"R0ck 5masher: Human, female, brown hair, glasses, found in The Node"
../data/chatheads/3191.png,"Rabbit: Rabbit, a hood, glasses, found in Eastern Falador , Rabbit Realm"
../data/chatheads/3194.png,"Rabbit Chef: Rabbit, glasses, found in Bunbridge Castle"
../data/chatheads/3197.png,"Rachael: Human, female, brown hair, glasses, found in Burthorpe Games Room"
../data/chatheads/3200.png,"Radigad Ponfit: Human, male, a beard, glasses, found in Myreque Hideout at Canifis , later at Burgh de Rott"
../data/chatheads/3201.png,"Radimus Erkle: Human, male, a beard, found in Legends' Guild"
../data/chatheads/3202.png,"Radu: Human, male, brown hair, glasses, found in Burgh de Rott"
../data/chatheads/3203.png,"Raeli: Dwarf, female, a hat, glasses, found in Port Piscarilius"
../data/chatheads/3204.png,"Raetul: Human, male, a beard, a helmet, glasses, found in Sophanem"
../data/chatheads/3205.png,"Ragnar: Human, male, a beard, found in Mountain Camp"
../data/chatheads/3207.png,"Rakkar: Human, male, a beard, found in Fishing Hamlet"
../data/chatheads/3208.png,"Ramara du Croissant: Human, female, found in Piscatoris Fishing Colony"
../data/chatheads/3209.png,"Ramarno: Imcando dwarf, male, a beard, a helmet, found in Ruins of Camdozaal"
../data/chatheads/3210.png,"Ramocean: Human, male, a beard, found in Hosidius"
../data/chatheads/3211.png,"Ranael: Human, female, a helmet, glasses, found in Al Kharid"
../data/chatheads/3212.png,"Randivor: Dwarf, male, a beard, a helmet, glasses, found in Keldagrim"
../data/chatheads/3213.png,"Ranged combat tutor: Human, female, red hair, found in Lumbridge"
../data/chatheads/3214.png,"Ranger: Human, male, a beard, a hood, glasses, found in Rune essence mine ( Cutscene only)"
../data/chatheads/3217.png,"Ranger (medium): Human, female, blonde hair, found in Paterdomus"
../data/chatheads/3219.png,"Ranging Guild Doorman: Human, male, a goatee, glasses, found in Ranging Guild"
../data/chatheads/3220.png,"Ranis Drakan: Vampyre, male, a mustache, a cape, found in Meiyerditch"
../data/chatheads/3221.png,"Rantz: Ogre, male, found in Feldip Hills"
../data/chatheads/3222.png,"Ranulph: Human, male, a mustache, a hat, found in Auburnvale"
../data/chatheads/3223.png,"Raqueel: Human, female, black hair, found in Clan Hall"
../data/chatheads/3224.png,"Rascally child: Human, found in Varrock"
../data/chatheads/3225.png,"Rashiliyia: Ghost, female, a helmet, glasses, found in Appears during the Shilo Village quest in various locations"
../data/chatheads/3226.png,"Rasolo: Human, male, a beard, brown hair, a hat, found in South of Baxtorian Falls"
../data/chatheads/3227.png,"Rassain: Human, male, a goatee, a hat, found in Arceuus"
../data/chatheads/3230.png,"Rat Burgiss: Human, male, a beard, found in North-west of Lumbridge Potato Farm"
../data/chatheads/3231.png,"Rauborn: Dwarf, male, a beard, glasses, found in Keldagrim Rat Pits"
../data/chatheads/3232.png,"Raulyn: Ghost, male, glasses, found in Slayer Tower basement"
../data/chatheads/3233.png,"Raum Urda-Stein: Human, male, a beard, a hood, glasses, found in Jatizso"
../data/chatheads/3234.png,"Raven: Bird, a helmet, found in Prifddinas"
../data/chatheads/3235.png,"Razmire Keelgan: Human, male, a beard, found in Mort'ton"
../data/chatheads/3237.png,"Razvan: Human, male, a goatee, a mask, found in Burgh de Rott"
../data/chatheads/3238.png,"Rebecca: Human, female, brown hair, glasses, found in Musa Point"
../data/chatheads/3241.png,"Rebel Scout: Elf, male, a beard, glasses, found in Outside Lletya"
../data/chatheads/3242.png,"Rebel Warrior: Elf, male, a beard, brown hair, glasses, found in Lletya Underground Pass"
../data/chatheads/3243.png,"Receptionist: Human, female, a mustache, glasses, found in Red Rock"
../data/chatheads/3244.png,"Recruiter: Human, male, a beard, found in West Ardougne"
../data/chatheads/3245.png,"Recruiter: Human, male, a beard, brown hair, a hat, found in Edgeville"
../data/chatheads/3246.png,"Red Axe Cat: Cat, male, found in Keldagrim , Red Axe base"
../data/chatheads/3247.png,"Red Axe Director: Dwarf, male, a beard, found in Keldagrim Palace"
../data/chatheads/3248.png,"Red Axe Secretary: Dwarf, male, a beard, found in Keldagrim"
../data/chatheads/3253.png,"Red Monkey: Monkey, a helmet, glasses, found in Trouble Brewing"
../data/chatheads/3260.png,"Redbeard Frank: Human, male, a beard, a hat, glasses, found in Port Sarim"
../data/chatheads/3261.png,"Reese: Elf, female, found in Prifddinas"
../data/chatheads/3262.png,"Reeso: Human, male, a beard, found in North-eastern Rellekka"
../data/chatheads/3263.png,"Ref: Human, male, found in Warriors' Guild"
../data/chatheads/3264.png,"Refugee: Human, male, a beard, brown hair, found in Ferox Enclave"
../data/chatheads/3265.png,"Regath: Human, male, unnatural hair, a hood, found in Arceuus"
../data/chatheads/3266.png,"Regent: Human, male, found in Central island of The Node"
../data/chatheads/3267.png,"Reggle, Master Coral Farmer: Squirrel, male, a goatee, a helmet, glasses, found in ? (edit)"
../data/chatheads/3268.png,"Reginald: Human, male, a beard, red hair, found in Kourend Woodland"
../data/chatheads/3269.png,"Regulus Cento: Human, male, a beard, brown hair, glasses, found in Misthalin"
../data/chatheads/3270.png,"Reinald: Dwarf, male, a beard, a helmet, glasses, found in Keldagrim"
../data/chatheads/3272.png,"Reinn: Human, male, brown hair, found in Miscellania and Etceteria Dungeon"
../data/chatheads/3273.png,"Reinn: Human, male, a beard, a helmet, glasses, found in Sunset Coast"
../data/chatheads/3274.png,"Reldak: Dorgeshuun, male, a hat, glasses, found in Dorgesh-Kaan"
../data/chatheads/3275.png,"Reldo: Human, male, a beard, glasses, found in Varrock Palace Library"
../data/chatheads/3276.png,"Relobo Blinyo (logs): Human, male, a goatee, found in Grand Exchange"
../data/chatheads/3277.png,"Remsai: Gnome, male, a beard, unnatural hair, a hood, found in Tree Gnome Village"
../data/chatheads/3278.png,"Remus Kaninus: Vampyre, male, glasses, a cape, found in North-east Darkmeyer"
../data/chatheads/3279.png,"Renata: Human, female, brown hair, glasses, found in Outer Fortis"
../data/chatheads/3280.png,"Renegade knight: Human, male, a mustache, a helmet, glasses, found in Keep Le Faye"
../data/chatheads/3283.png,"Researcher: Human, female, brown hair, glasses, found in Exam Centre"
../data/chatheads/3284.png,"Reshi: Human, male, red hair, glasses, found in Great Kourend"
../data/chatheads/3285.png,"Resistance Fighter: Human, male, a beard, a helmet, glasses, found in West Ardougne , Ardougne Castle"
../data/chatheads/3287.png,"Restless ghost: Ghost, male, a hat, glasses, found in Lumbridge graveyard"
../data/chatheads/3288.png,"Restless Goat: Goat, a crown, found in Bunbridge"
../data/chatheads/3289.png,"Retired sailor: Human, male, a beard, glasses, found in Ruins of Unkah"
../data/chatheads/3290.png,"Rewards Guardian: Golem, a beard, a crown, glasses, found in Mage Training Arena"
../data/chatheads/3291.png,"Rhazien: Human, male, a beard, a helmet, glasses, found in Etceteria"
../data/chatheads/3292.png,"Rhiannon: Elf, female, red hair, found in Prifddinas"
../data/chatheads/3294.png,"Rhoddwr Tan: Elf, male, red hair, found in North of Prifddinas"
../data/chatheads/3295.png,"Rhonen: Human, male, a beard, glasses, found in Hops patch north of McGrubor's Wood"
../data/chatheads/3296.png,"Rhyfel: Elf, male, glasses, found in Prifddinas"
../data/chatheads/3297.png,"Ribs: Human, male, a beard, found in The Pandemonium"
../data/chatheads/3298.png,"Richard: Human, male, blonde hair, glasses, found in Ardougne"
../data/chatheads/3299.png,"Richard: Human, male, found in Hosidius"
../data/chatheads/3300.png,"Richard: Human, male, a beard, a helmet, glasses, found in Edgeville"
../data/chatheads/3301.png,"Richard Flintmaul: Dwarf, male, a beard"
../data/chatheads/3302.png,"Rick: Human, male, a beard, a hat, found in Player-owned house or Servants' Guild"
../data/chatheads/3303.png,"Rick: Human, male, a goatee, a mask, glasses, found in Wizards' Tower"
../data/chatheads/3304.png,"Rick: Human, male, a beard, brown hair, glasses, found in Wizards' Tower 1 st floor [ UK ] 2 nd floor [ US ]"
../data/chatheads/3305.png,"Rick Turpentine: Human, male, a beard, a mask, glasses, found in Random"
../data/chatheads/3307.png,"Rid: Rabbit, found in Bunbridge"
../data/chatheads/3308.png,"Rift guardian: Rune guardian, a hood, found in Runecraft training"
../data/chatheads/3309.png,"Riki the sculptor's model: Dwarf, male, a beard, glasses, found in Keldagrim"
../data/chatheads/3310.png,"Rimae Sirsalis: Human, female, found in Lunar Isle"
../data/chatheads/3311.png,"Rind the gardener: Dwarf, male, a mustache, a hat, glasses, found in Keldagrim Palace Gardens"
../data/chatheads/3312.png,"Rinder: Human, a hat, found in Rabbit Hole"
../data/chatheads/3313.png,"Rionasta: Human, male, a beard, glasses, found in Tai Bwo Wannai"
../data/chatheads/3315.png,"Roachey: Human, male, a beard, a helmet, glasses, found in Fishing Guild"
../data/chatheads/3316.png,"Roavar: Werewolf, male, a goatee, found in Canifis"
../data/chatheads/3317.png,"Robert Boss: Human, male, a beard, found in Land's End"
../data/chatheads/3318.png,"Robert O'Reilly: Human, male, a beard, glasses, found in Port Piscarilius"
../data/chatheads/3319.png,"Robert the Strong: Human, male, a beard, found in Cutscene"
../data/chatheads/3320.png,"Robin: Human, male, a goatee, a helmet, found in The Green Ghost"
../data/chatheads/3321.png,"Robyn: Human, female, brown hair, glasses, found in Shayzien"
../data/chatheads/3322.png,"Rock Golem: Rock golem, a beard, a helmet, glasses, found in Mining training"
../data/chatheads/3324.png,"Rocky: Raccoon, a goatee, white grey hair, a mask, found in Thieving"
../data/chatheads/3329.png,"Rogue Guard: Human, male, a beard, a helmet, glasses, found in Rogues' Den"
../data/chatheads/3330.png,"Rohak: Dwarf, male, a beard, a helmet, glasses, found in Under White Wolf Mountain"
../data/chatheads/3331.png,"Rokuh: Human, male, a beard, glasses, found in Nardah"
../data/chatheads/3332.png,"Rolad: Dwarf, male, a beard, glasses, found in Entrance to Dwarven Mine at Ice Mountain"
../data/chatheads/3333.png,"Rolayne Twickit (hard): Human, male, a beard, found in Burgh de Rott"
../data/chatheads/3334.png,"Romeo: Human, male, found in Varrock Square"
../data/chatheads/3335.png,"Rometti: Gnome, male, found in Grand Tree , Tree Gnome Stronghold"
../data/chatheads/3336.png,"Romettini: Gnome, male, found in Catherby beach"
../data/chatheads/3337.png,"Romily Weaklax: Human, male, a beard, brown hair, a hat, glasses, found in Cooks' Guild"
../data/chatheads/3338.png,"Rommik: Human, male, a beard, brown hair, glasses, found in Rimmington"
../data/chatheads/3339.png,"Rommik: Human, a beard, brown hair, glasses, found in Blue Moon Inn"
../data/chatheads/3340.png,"Ron Gadderanks: Human, male, glasses, found in North Darkmeyer"
../data/chatheads/3341.png,"Ronan: Pixie, male, a mustache, glasses, found in Diango's Workshop"
../data/chatheads/3343.png,"Root: Troll, male, a goatee, a mask, glasses, found in Weiss"
../data/chatheads/3344.png,"Rory: Giant, male, a beard, a helmet, glasses, found in Warriors' Guild , basement"
../data/chatheads/3345.png,"Ros: Human, female, brown hair, glasses, found in Backwater"
../data/chatheads/3346.png,"Rosie: Human, female, brown hair, glasses, found in Farming Guild"
../data/chatheads/3347.png,"Rosie: Pixie, female, a beard, a hood, glasses, found in Diango's Workshop"
../data/chatheads/3348.png,"Ross: Human, male, a beard, found in East Ardougne"
../data/chatheads/3349.png,"Ross and Ben: Human, male, a beard, found in Port Piscarilius"
../data/chatheads/3350.png,"Rowdy dwarf: Dwarf, male, a beard, red hair, a helmet, found in Keldagrim"
../data/chatheads/3351.png,"Roy: Human, male, a beard, glasses, found in Slepe"
../data/chatheads/3352.png,"Roy jr.: Human, male, found in Kourend Woodland"
../data/chatheads/3354.png,"Ru Merald: Human, male, a beard, a hat, glasses, found in Tlati Rainforest"
../data/chatheads/3355.png,"Ruantun: Vampyre, male, a beard, a helmet, glasses, found in Draynor Sewers"
../data/chatheads/3358.png,"Rufus: Werewolf, male, found in Canifis"
../data/chatheads/3359.png,"Rufus: Human, male, glasses, found in Civitas illa Fortis"
../data/chatheads/3360.png,"Rug Merchant: Human, male, a goatee, red hair, a helmet, found in Shantay Pass"
../data/chatheads/3361.png,"Rug Station Attendant: Human, male, a goatee, red hair, a helmet, found in Menaphos"
../data/chatheads/3362.png,"Rum-dashed Ralph: Human, male, a beard, brown hair, found in The Storm Tempor"
../data/chatheads/3363.png,"Runa: Human, female, blonde hair, found in Miscellania and Etceteria Dungeon"
../data/chatheads/3367.png,"Runolf: Human, male, a beard, a hood, found in Miscellania Dungeon"
../data/chatheads/3368.png,"Runvastr: Dwarf, male, a beard, glasses, found in Keldagrim"
../data/chatheads/3371.png,"Saba: Human, male, a beard, found in In a cave near the Death Plateau"
../data/chatheads/3373.png,"Sabeil: Human, male, a beard, glasses, found in Emir's Arena"
../data/chatheads/3374.png,"Saboteur: Gnome, male, a beard, a hood, glasses"
../data/chatheads/3377.png,"Sabreen: Human, female, red hair, found in Emir's Arena"
../data/chatheads/3378.png,"Sacrifice: Gnome, male, found in Zul-Andra"
../data/chatheads/3380.png,"Sadwrn: Elf, male, glasses, found in Prifddinas"
../data/chatheads/3381.png,"Saeros: Elf, male, glasses, found in Prifddinas"
../data/chatheads/3382.png,"Saeth: Elf, female, found in Prifddinas"
../data/chatheads/3383.png,"Safalaan Hallow: Half Icyene , half human, male, found in Meiyerditch"
../data/chatheads/3384.png,"Safta Doc: Human, male, a beard, a helmet, glasses, found in Tai Bwo Wannai"
../data/chatheads/3385.png,"Sageguard Melacar: Demon, male, a goatee, brown hair, a mask, found in Yama's Lair"
../data/chatheads/3386.png,"Sageguard Vandred: Demon, male, a goatee, red hair, a mask, glasses, found in Yama's Lair"
../data/chatheads/3387.png,"Sagira: Dwarf, female, a beard, glasses, found in Keldagrim Rat Pits"
../data/chatheads/3388.png,"Sailing cat: Cat, male, a helmet, glasses, found in Player-owned boat"
../data/chatheads/3389.png,"Sailor: Human, male, a beard, a hood, found in Rellekka docks"
../data/chatheads/3390.png,"Sailor: Human, male, a beard, brown hair, found in Port Roberts"
../data/chatheads/3391.png,"Sailor: Human, male, brown hair, glasses, found in Red Rock"
../data/chatheads/3392.png,"Sailor: Human, male, a beard, a helmet, glasses, found in Ruins of Unkah"
../data/chatheads/3393.png,"Sailor: Human, male, a beard, brown hair, found in Cutscene"
../data/chatheads/3394.png,"Sailor: male, black hair, glasses, found in Varlamore"
../data/chatheads/3395.png,"Sailor Jakob: Human, male, a beard, a hat, found in Before hiring: Catherby After hiring: The Pandemonium"
../data/chatheads/3396.png,"Sakirth: Dragonkin, a goatee, a helmet, glasses, a cape, found in Lithkren Vault (cutscene)"
../data/chatheads/3399.png,"Salgant: Elf, male, glasses, found in Prifddinas"
../data/chatheads/3400.png,"Salius: Human, male, glasses, found in Salvager Overlook"
../data/chatheads/3401.png,"Salvager: Human, male, glasses, found in Salvager Overlook"
../data/chatheads/3402.png,"Sam: Human, male, a beard, glasses, found in Arceuus Library"
../data/chatheads/3403.png,"Sam: Human, female, blonde hair, glasses, found in Burthorpe Games Room"
../data/chatheads/3404.png,"Sam: Gnome, male, found in Christmas Factory"
../data/chatheads/3405.png,"Sam: Human, male, a beard, glasses, found in Wilderness , east of Dark Warriors' Fortress"
../data/chatheads/3406.png,"Samir: Human, male, a beard, glasses, found in Port Roberts"
../data/chatheads/3407.png,"Sammy Servil: Human, male, found in Fight Arena prison"
../data/chatheads/3408.png,"San Fan: Human, female, unnatural hair, glasses, found in Trouble Brewing"
../data/chatheads/3410.png,"Sandicrahb: Human, male, glasses, found in Hosidius"
../data/chatheads/3411.png,"Sandwich lady: Human, female, found in Random"
../data/chatheads/3413.png,"Sandwich lady: Human, female, found in ? (edit)"
../data/chatheads/3414.png,"Sandy: Human, male, a mustache, a helmet, glasses, found in Brimhaven"
../data/chatheads/3415.png,"Sanfew: Human, male, a beard, glasses, found in Taverley"
../data/chatheads/3416.png,"Sani Piliu: Human, female, black hair, found in Myreque 's base"
../data/chatheads/3417.png,"Saniboch: Human, male, glasses, found in Brimhaven Dungeon entrance"
../data/chatheads/3418.png,"Santa: Human, male, a beard, red hair, a hat, glasses, found in Falador"
../data/chatheads/3419.png,"Santa: Human, male, a beard, found in Various"
../data/chatheads/3422.png,"Santa's bodyguard: Human, male, a crown, glasses, found in White Knights' Castle"
../data/chatheads/3423.png,"Santa's scribe: Human, female, blonde hair, a helmet, glasses, found in The Nutcracker"
../data/chatheads/3425.png,"Santiri: Dwarf, male, a beard, found in Keldagrim"
../data/chatheads/3427.png,"Saradominist recruiter: Human, male, a goatee, glasses, a cape, found in Grand Exchange"
../data/chatheads/3428.png,"Sarah: Human, female, found in South Falador Farm"
../data/chatheads/3429.png,"Sarah: Human, female, found in South Falador Farm"
../data/chatheads/3430.png,"Sarah: Human, female, blonde hair, found in Varrock"
../data/chatheads/3431.png,"Sarah: Human, female, blonde hair, found in Port Piscarilius"
../data/chatheads/3432.png,"Sarah: Ghost, female, unnatural hair, a crown, glasses, found in Port Phasmatys"
../data/chatheads/3434.png,"Sarble: Gnome, female, a beard, found in Tree Gnome Stronghold"
../data/chatheads/3435.png,"Sarius Guile: Human, female, found in Meiyerditch"
../data/chatheads/3436.png,"Saro: Dwarf, male, a beard, a helmet, glasses, found in Keldagrim"
../data/chatheads/3437.png,"Sassilik: Human, female, found in Rellekka"
../data/chatheads/3438.png,"Sassilik: Human, female, found in Jatizso"
../data/chatheads/3439.png,"Saunders: Human, male, a beard, a helmet, glasses, found in ? (edit)"
../data/chatheads/3441.png,"Savant: Human, female, a hood, found in Unknown, spoken to via the Commorb"
../data/chatheads/3442.png,"Sawmill operator: Human, male, a beard, glasses, found in Lumber Yard"
../data/chatheads/3443.png,"Sawmill Operator: Human, male, glasses, found in Auburnvale"
../data/chatheads/3444.png,"Sawmill Operator: Elf, male, found in Prifddinas"
../data/chatheads/3445.png,"Sbott: Werewolf, male, a goatee, red hair, a helmet, found in Canifis"
../data/chatheads/3446.png,"Scabaras: Scarab, male, a goatee, a mask, glasses, found in Jaltevas Pyramid"
../data/chatheads/3447.png,"Scared skavid: Skavid, a mask, found in Skavid caves"
../data/chatheads/3448.png,"Scarg: Ogre, male, found in Chompy Marsh"
../data/chatheads/3449.png,"Scavvo: Human, male, a goatee, found in Champions' Guild"
../data/chatheads/3450.png,"Schoolboy: Human, male, glasses, found in Varrock Museum"
../data/chatheads/3451.png,"Schoolgirl: Human, female, brown hair, glasses, found in Varrock Museum"
../data/chatheads/3452.png,"Scorpia's offspring: Scorpion, a goatee, a hood, glasses, wings, found in Scorpia"
../data/chatheads/3456.png,"Scout: Human, male, a beard, a mask, glasses, found in Varrock"
../data/chatheads/3457.png,"Scout: Ghost, male, a beard, a helmet, glasses, found in East of Falador"
../data/chatheads/3458.png,"Scout: Human, male, a beard, a helmet, glasses, found in Ghorrock Dungeon"
../data/chatheads/3459.png,"Scout: Ghost, male, a beard, a mask, glasses, found in Shantay Pass"
../data/chatheads/3460.png,"Scout: Ghost, male, a beard, a hood, glasses, found in Tai Bwo Wannai"
../data/chatheads/3461.png,"Scout: Ghost, male, a goatee, found in South of Tree Gnome Stronghold"
../data/chatheads/3462.png,"Scrubfoot: Goblin, male, glasses, found in Scrubfoot's cave"
../data/chatheads/3464.png,"Scurry: a goatee, a mask, glasses, found in Scurrius"
../data/chatheads/3472.png,"Seaman Lorris: Human, male, unnatural hair, a helmet, glasses, found in Port Sarim"
../data/chatheads/3473.png,"Seaman Morris: Human, male, a helmet, glasses, found in The Pandemonium"
../data/chatheads/3474.png,"Seaman Thresnor: Human, male, unnatural hair, a helmet, glasses, found in Port Sarim"
../data/chatheads/3475.png,"Sebamo: Human, male, glasses, found in Auburnvale"
../data/chatheads/3476.png,"Secretary: Dwarf, female, a goatee, blonde hair, glasses"
../data/chatheads/3477.png,"Security Guard: a goatee, a helmet, glasses, found in Port Sarim jail"
../data/chatheads/3478.png,"Seddu: Human, male, a beard, glasses, found in Nardah"
../data/chatheads/3479.png,"Seer: Human, male, a beard, glasses, found in Seers' Village"
../data/chatheads/3480.png,"Seer: Dwarf, a beard, brown hair, a crown, found in Cam Torum"
../data/chatheads/3481.png,"Seer: Dwarf, female, blonde hair, a crown, found in The Darkfrost base camp"
../data/chatheads/3482.png,"Seia, Teoki of Ranul: a goatee, black hair, a helmet, glasses, found in Fortis Colosseum entrance"
../data/chatheads/3483.png,"Selena: Human, female, unnatural hair, a hat, glasses, found in Yanille"
../data/chatheads/3484.png,"Selene: Human, female, brown hair, a hat, glasses, found in Lunar Isle"
../data/chatheads/3485.png,"Selim: Human, male, a beard, brown hair, glasses, found in Al Kharid"
../data/chatheads/3486.png,"Selina Kebbit-Monkfish: Merfolk, blonde hair, found in Kraken Cove"
../data/chatheads/3487.png,"Seravel: Human, male, a beard, glasses, found in Shilo Village"
../data/chatheads/3488.png,"Sergeant: Human, male, a beard, glasses, found in Burthorpe"
../data/chatheads/3489.png,"Sergeant: a beard, red hair, a hat, glasses, found in Chasm of Fire entrance"
../data/chatheads/3490.png,"Sergeant: Human, male, a beard, a mask, glasses, found in Kebos Lowlands"
../data/chatheads/3491.png,"Sergeant Damien: Demon, male, a goatee, brown hair, a mask, found in Drill Demon random event"
../data/chatheads/3492.png,"Sergeant Mossfists: Goblin, male, a helmet, glasses, found in Lumbridge Swamp"
../data/chatheads/3493.png,"Sergeant Raymond: Human, male, a beard, found in Ghorrock Dungeon"
../data/chatheads/3494.png,"Sergeant Ricardo: Human, male, a goatee, a mask, glasses, found in Shayzien"
../data/chatheads/3495.png,"Sergeant Sambur: Human, male, a beard, a helmet, glasses, found in Barbarian Assault Waiting Rooms"
../data/chatheads/3496.png,"Sergeant Slimetoes: Goblin, male, a goatee, a helmet, glasses, found in Lumbridge Swamp"
../data/chatheads/3497.png,"Sergeant Tobyn: Human, male, glasses, found in Varrock Square"
../data/chatheads/3498.png,"Sergiu: Human, male, a beard, a mask, glasses, found in Burgh de Rott"
../data/chatheads/3499.png,"Sergius: Human, male, glasses, found in Twilight Temple"
../data/chatheads/3500.png,"Servant: Human, female, blonde hair, glasses, found in ScapeRune"
../data/chatheads/3502.png,"Servius, Teokan of Ralos: Human, male, red hair, a helmet, glasses, found in Crypt underneath Fortis temple, The Teomat , Sunrise Palace"
../data/chatheads/3503.png,"Seth: Human, male, glasses, found in Brimhaven"
../data/chatheads/3504.png,"Seth Groats: Human, male, a beard, found in Groats' farm"
../data/chatheads/3505.png,"Seth Groats: Human, male, a beard, found in Fred's farm"
../data/chatheads/3509.png,"Shadowy figure: Werewolf, male, a goatee, a helmet, glasses, a cape, found in Silvarea ( Cutscene only)"
../data/chatheads/3510.png,"Shady stranger: a hood, glasses, found in Draynor Village"
../data/chatheads/3511.png,"Shaeded Beast: a goatee, a mask, found in Forthos Dungeon"
../data/chatheads/3512.png,"Shamus: Leprechaun, male, a beard, red hair, a hat, found in Lumbridge Swamp"
../data/chatheads/3513.png,"Shanomi: Human, male, a beard, red hair, a hood, found in Warriors' Guild"
../data/chatheads/3514.png,"Shantay: Human, male, a beard, a helmet, glasses, found in Shantay Pass"
../data/chatheads/3515.png,"Shantay Guard: Human, male, found in Ruins of Unkah"
../data/chatheads/3516.png,"Shanty Claws: Werewolf, male, a goatee, red hair, a helmet, glasses, found in Musa Point during 2013 Christmas event"
../data/chatheads/3517.png,"Sharathteerk: Gargoyle, a goatee, a helmet, glasses, found in Zemouregal's Base"
../data/chatheads/3518.png,"Sharimika: Human, male, a beard, a helmet, found in Tai Bwo Wannai"
../data/chatheads/3521.png,"Shas: Human, male, glasses, found in Auburnvale"
../data/chatheads/3522.png,"Shayda: Human, female, found in Shayzien"
../data/chatheads/3523.png,"Shayzien Infiltrator: Human, male, found in Lizardman Temple"
../data/chatheads/3528.png,"Sheep: Penguin, male, a goatee, a helmet, found in Lumbridge sheep farm"
../data/chatheads/3529.png,"Sheep: Sheep, a hood, found in Zanaris"
../data/chatheads/3531.png,"Sherlock: Human, male, glasses, found in East of Sorcerer's Tower"
../data/chatheads/3532.png,"Sherpa: Human, male, found in ? (edit)"
../data/chatheads/3533.png,"Sheryl: Human, female, glasses, found in Shayzien"
../data/chatheads/3534.png,"Shield master: Human, male, a beard, a hood, glasses, found in Ranging Guild"
../data/chatheads/3535.png,"Shifty looking priest: Human, male, a beard, found in Varrock"
../data/chatheads/3536.png,"Shilop: Human, male, found in Varrock square"
../data/chatheads/3537.png,"Shipwright, found in ? (edit)"
../data/chatheads/3538.png,"Shipwright Sally: Human, female, brown hair, a hat, found in Musa Point"
../data/chatheads/3539.png,"Shipwright Sam: Human, male, a goatee, found in Port Sarim"
../data/chatheads/3540.png,"Shipwright Sarah: Human, female, black hair, found in Port Khazard"
../data/chatheads/3541.png,"Shipwright Sasha: Human, female, a beard, black hair, glasses, found in Land's End"
../data/chatheads/3542.png,"Shipwright Scott: Human, male, brown hair, found in Port Roberts"
../data/chatheads/3543.png,"Shipwright Seb: Human, glasses, found in Shipyard"
../data/chatheads/3544.png,"Shipwright Sennia: Human, female, brown hair, glasses, found in Civitas illa Fortis"
../data/chatheads/3545.png,"Shipwright Seth: Human, male, a goatee, glasses, found in Port Phasmatys"
../data/chatheads/3546.png,"Shipwright Sigrun: Human, female, blonde hair, found in Rellekka"
../data/chatheads/3547.png,"Shipwright Silas: Human, male, glasses, found in Aldarin"
../data/chatheads/3548.png,"Shipwright Silrien: Elf, female, unnatural hair, found in Prifddinas"
../data/chatheads/3549.png,"Shipwright Sophie: Human, female, red hair, found in Catherby"
../data/chatheads/3550.png,"Shipwright Soraya: Human, male, a goatee, found in Corsair Cove"
../data/chatheads/3551.png,"Shipwright Sornik: a beard, brown hair, a hat, found in Deepfin Point"
../data/chatheads/3552.png,"Shipwright Spencer: Human, male, brown hair, glasses, found in Port Piscarilius"
../data/chatheads/3553.png,"Shipwright Steve: Human, male, a beard, a helmet, glasses, found in Brimhaven"
../data/chatheads/3554.png,"Shipwright Sylvia: Human, brown hair, a hat, glasses, found in Red Rock"
../data/chatheads/3556.png,"Shipyard worker: a mustache, found in Ship Yard"
../data/chatheads/3557.png,"Shipyard Worker: Human, glasses, found in Shipyard"
../data/chatheads/3558.png,"Shiratti the Custodian: Human, female, a beard, a hood, glasses, found in Nardah"
../data/chatheads/3559.png,"Shop assistant: Human, female, brown hair, glasses, found in Al Kharid"
../data/chatheads/3560.png,"Shop assistant: Human, female, glasses, found in Edgeville"
../data/chatheads/3561.png,"Shop assistant: Human, female, glasses, found in Falador"
../data/chatheads/3562.png,"Shop assistant: Human, male, found in Lumbridge"
../data/chatheads/3563.png,"Shop assistant: Human, male, unnatural hair, glasses, found in Musa Point"
../data/chatheads/3564.png,"Shop assistant: Human, male, brown hair, glasses, found in Rimmington"
../data/chatheads/3565.png,"Shop assistant: Human, male, found in Varrock"
../data/chatheads/3566.png,"Shop assistant: Human, male, blonde hair, glasses, found in Varrock"
../data/chatheads/3567.png,"Shop keeper: Rabbit, a crown, glasses, found in Bunbridge"
../data/chatheads/3568.png,"Shop keeper: Human, male, glasses, found in Al Kharid"
../data/chatheads/3569.png,"Shop keeper: Human, male, a beard, glasses, found in Combat Training Camp"
../data/chatheads/3570.png,"Shop keeper: Human, male, glasses, found in Edgeville"
../data/chatheads/3571.png,"Shop keeper: Human, male, glasses, found in Falador"
../data/chatheads/3572.png,"Shop keeper: Human, male, found in Museum Camp"
../data/chatheads/3573.png,"Shop keeper: Human, male, found in Lumbridge"
../data/chatheads/3574.png,"Shop keeper: Human, male, glasses, found in Musa Point"
../data/chatheads/3575.png,"Shop keeper: Human, male, a goatee, found in Port Khazard"
../data/chatheads/3576.png,"Shop keeper: Human, male, a goatee, glasses, found in Rimmington"
../data/chatheads/3577.png,"Shop keeper: Human, male, glasses, found in The Warrens"
../data/chatheads/3578.png,"Shop keeper: Human, male, a beard, red hair, a hood, found in Varrock"
../data/chatheads/3579.png,"Shop keeper: Human, male, glasses, found in Varrock"
../data/chatheads/3580.png,"Shopkeeper: Human, female, brown hair, glasses, found in Aldarin"
../data/chatheads/3581.png,"Shopkeeper: Human, male, a beard, a helmet, glasses, found in Auburnvale"
../data/chatheads/3582.png,"Shopkeeper: Dwarf, a beard, brown hair, found in Cam Torum"
../data/chatheads/3583.png,"Shopkeeper: female, brown hair, found in Civitas illa Fortis"
../data/chatheads/3584.png,"Shopkeeper: female, brown hair, glasses, found in Kastori"
../data/chatheads/3585.png,"Shopkeeper: male, brown hair, glasses, found in Civitas illa Fortis"
../data/chatheads/3586.png,"Shopkeeper: Human, female, brown hair, found in Port Roberts"
../data/chatheads/3587.png,"Shopkeeper: Human, male, a beard, glasses, found in Quetzacalli Gorge"
../data/chatheads/3588.png,"Shopkeeper: Human, female, glasses, found in Salvager Overlook"
../data/chatheads/3589.png,"Shopkeeper: a beard, found in Sunset Coast"
../data/chatheads/3590.png,"Shopkeeper: brown hair, glasses, found in Tal Teklan"
../data/chatheads/3591.png,"Shura: Siren, female, unnatural hair, found in Sisterhood Sanctuary"
../data/chatheads/3592.png,"Siamun: Human, male, a beard, a helmet, glasses, found in Sophanem"
../data/chatheads/3593.png,"Sian: Elf, female, a helmet, glasses, found in Prifddinas"
../data/chatheads/3594.png,"Sid: Human, male, blonde hair, glasses, found in Mansion in a faraway island."
../data/chatheads/3595.png,"Siegfried Erkle: Human, male, a beard, found in 2 nd floor [ UK ] 3 rd floor [ US ] of Legends' Guild (west side)"
../data/chatheads/3596.png,"Sigbert the Adventurer: Human, male, a beard, brown hair, glasses, found in At the end of Yanille Agility Dungeon."
../data/chatheads/3597.png,"Sigismund: Human, male, a beard, red hair, found in Ferox Enclave"
../data/chatheads/3599.png,"Sigli the Huntsman: Human, male, a beard, a hood, glasses, found in Rellekka"
../data/chatheads/3600.png,"Sigmund: Human, male, a goatee, found in Lumbridge Castle"
../data/chatheads/3603.png,"Sigmund The Merchant: Human, male, a beard, brown hair, found in Rellekka market"
../data/chatheads/3604.png,"Signy: Human, female, found in Miscellania and Etceteria Dungeon"
../data/chatheads/3605.png,"Sigurd: Human, male, a goatee, brown hair, a mask, glasses, found in Barbarian Village"
../data/chatheads/3606.png,"Sil'as Dahcsnu: Human, male, a beard, glasses, found in Tunnel of Chaos north-east of Varrock"
../data/chatheads/3607.png,"Silia: Human, female, a beard, a mask, glasses, found in Tower of Ascension"
../data/chatheads/3608.png,"Silif: Human, male, a goatee, found in Black Knight Catacombs"
../data/chatheads/3609.png,"Silk merchant: Human, male, a goatee, found in East Ardougne , Great Kourend"
../data/chatheads/3610.png,"Silk Merchant: glasses, found in Civitas illa Fortis"
../data/chatheads/3611.png,"Silk trader: Human, male, a beard, a helmet, glasses, found in Al Kharid"
../data/chatheads/3612.png,"Silver Cog Director: Dwarf, male, a beard, glasses, found in Keldagrim"
../data/chatheads/3613.png,"Silver Cog Secretary: Dwarf, male, a beard, found in Keldagrim"
../data/chatheads/3614.png,"Silver merchant: Human, male, a goatee, brown hair, a mask, glasses, found in East Ardougne"
../data/chatheads/3616.png,"Simon: Human, male, a beard, brown hair, glasses, found in Chaos Temple (Wilderness)"
../data/chatheads/3617.png,"Simon: Human, male, a goatee, a helmet, glasses, found in Port Piscarilius"
../data/chatheads/3618.png,"Simon Templeton: Human, male, a hat, found in Agility Pyramid"
../data/chatheads/3619.png,"Simona: Human, female, a mask, found in Burgh de Rott"
../data/chatheads/3620.png,"Sin Seer: Human, female, a goatee, a crown, glasses, found in Seers' Village"
../data/chatheads/3621.png,"Sinclair Guard dog: Dog, a helmet, glasses, found in Sinclair Mansion"
../data/chatheads/3622.png,"Sinco Doar: Human, male, a beard, found in Varrock Museum"
../data/chatheads/3623.png,"Sinister Stranger: Vampyre, male, a goatee, a mask, glasses, found in Hemenster"
../data/chatheads/3624.png,"Sir Amik Varze: Human, male, a goatee, glasses, found in White Knights' Castle in Falador"
../data/chatheads/3625.png,"Sir Amik Varze: Human, male, a beard, a crown, found in White Knights' Castle in Falador"
../data/chatheads/3626.png,"Sir Bedivere: Human, male, a beard, found in Camelot"
../data/chatheads/3628.png,"Sir Gawain: Human, male, a goatee, found in Camelot"
../data/chatheads/3629.png,"Sir Kay: Human, male, a beard, a helmet, glasses, found in Camelot castle, courtyard"
../data/chatheads/3630.png,"Sir Kuam Ferentse: Human, male, a beard, a helmet, glasses, found in Temple Knight Training Grounds"
../data/chatheads/3631.png,"Sir Lancelot: Human, male, a goatee, found in Camelot"
../data/chatheads/3632.png,"Sir Lucan: Human, male, a beard, a helmet, glasses, found in Camelot"
../data/chatheads/3633.png,"Sir Palomedes: Human, male, a beard, brown hair, a helmet, glasses, found in Camelot"
../data/chatheads/3634.png,"Sir Pear Visor: Human, male, a beard, found in Old School Museum"
../data/chatheads/3635.png,"Sir Pelleas: Human, male, a goatee, a helmet, found in Camelot"
../data/chatheads/3636.png,"Sir Percival: Human, male, found in Fisher Realm"
../data/chatheads/3637.png,"Sir Prysin: Human, male, a goatee, a helmet, glasses, found in West side of Varrock Palace , ground floor [ UK ] 1 st floor [ US ]"
../data/chatheads/3638.png,"Sir Prysin: Human, a goatee, a helmet, glasses, found in Blue Moon Inn"
../data/chatheads/3639.png,"Sir Rebral: Human, male, a beard, found in Falador"
../data/chatheads/3640.png,"Sir Ren Itchood: Human, male, a beard, glasses, found in Temple Knight Training Grounds"
../data/chatheads/3641.png,"Sir Renitee: Human, male, glasses, found in White Knights' Castle in Falador 1 st floor [ UK ] 2 nd floor [ US ]"
../data/chatheads/3642.png,"Sir Spishyus: Human, male, a goatee, found in Temple Knight Training Grounds"
../data/chatheads/3643.png,"Sir Tiffy Cashien: Human, male, a beard, glasses, found in Falador Park"
../data/chatheads/3644.png,"Sir Tinley: Human, male, a beard, a mask, glasses, found in Temple Knight Training Grounds"
../data/chatheads/3645.png,"Sir Tristram: Human, male, a beard, a helmet, glasses, found in Camelot"
../data/chatheads/3646.png,"Sir Vyvin: Human, male, a goatee, a mask, glasses, found in The White Knights' Castle in Falador"
../data/chatheads/3647.png,"Sir Vyvin: Human, male, a goatee, red hair, a helmet, glasses, found in Falador"
../data/chatheads/3648.png,Siren
../data/chatheads/3649.png,"Sirsal Banker: Human, male, a goatee, found in Lunar Isle"
../data/chatheads/3650.png,"Sister Aseret: Human, female, a beard, a mask, glasses, found in Sisterhood Sanctuary"
../data/chatheads/3651.png,"Sister Naoj: Human, female, a beard, a mask, glasses, found in Sisterhood Sanctuary"
../data/chatheads/3652.png,"Sister Salohcin: Human, female, a beard, a mask, glasses, found in Sisterhood Sanctuary"
../data/chatheads/3653.png,"Sister Scarophia: Human, female, a hood, glasses, found in Ferox Enclave"
../data/chatheads/3654.png,"Sister Senga: Human, female, a goatee, a mask, found in Sisterhood Sanctuary"
../data/chatheads/3655.png,"Sister Sevi: Human, female, a goatee, a mask, found in Slepe"
../data/chatheads/3656.png,"Sister Soul Jar: Human, female, a beard, a hood, glasses, found in Soul Altar"
../data/chatheads/3657.png,"Sister Toen: Human, female, a goatee, a mask, found in Slepe"
../data/chatheads/3658.png,"Sister Yram: Human, female, a goatee, a mask, found in Slepe"
../data/chatheads/3659.png,"Sithaph: Dragonkin, a goatee, a helmet, glasses, a cape, found in Lithkren Vault (cutscene)"
../data/chatheads/3660.png,"Sithik Ints: Human, male, a beard, found in Yanille"
../data/chatheads/3661.png,"Skavid: Skavid, a mask, found in Skavid caves"
../data/chatheads/3669.png,"Skippy: Human, male, a goatee, brown hair, a hat, glasses, found in Rimmington coast"
../data/chatheads/3670.png,"Skotos: Demon, a goatee, a helmet, glasses, found in Skotizo"
../data/chatheads/3671.png,"Skrach Uglogwee: Ogre, male, found in Lumbridge Castle dining hall"
../data/chatheads/3672.png,"Skulgrimen: Human, male, a beard, brown hair, found in Rellekka"
../data/chatheads/3673.png,"Skuli Myrka: Human, male, a beard, a helmet, glasses, found in Jatizso"
../data/chatheads/3675.png,"Skullball Boss: Werewolf, male, a goatee, a mask, found in Werewolf Skullball , near Canifis"
../data/chatheads/3676.png,"Skullball Trainer: Werewolf, male, a goatee, a mask, found in Werewolf Skullball , west of Canifis"
../data/chatheads/3677.png,"Skully: Human, male, a goatee, brown hair, a hat, glasses, found in Ferox Enclave"
../data/chatheads/3680.png,"Slave: Human, male, glasses, found in Daeyalt essence mine"
../data/chatheads/3681.png,"Slave: Human, male, brown hair, glasses, found in Fight Arena"
../data/chatheads/3683.png,"Slave: Human, male, glasses, found in Underground Pass"
../data/chatheads/3684.png,"Sleeping Monkey: Monkey, male, a mask, glasses, found in Marim"
../data/chatheads/3686.png,"Sleve McDichael: Human, male, a goatee, brown hair, a hat, glasses, found in Tear of the Soul"
../data/chatheads/3687.png,"Slieve: Human, female, brown hair, glasses, found in Taverley Dungeon"
../data/chatheads/3688.png,"Slim Louie: Fairy, male, found in Zanaris throne room"
../data/chatheads/3690.png,"Sliske: Mahjarrat, male, a mustache, a mask, glasses"
../data/chatheads/3691.png,"Sloane: Human, male, a beard, brown hair, a helmet, glasses, found in Warriors' Guild"
../data/chatheads/3692.png,"Slug Hemligssen: Human, male, a beard, red hair, glasses, found in Neitiznot , behind the bank"
../data/chatheads/3694.png,"Small ninja monkey: Monkey, a mask, glasses, found in Ape Atoll"
../data/chatheads/3695.png,"Small zombie monkey: Monkey, a mask, glasses, found in Ape Atoll"
../data/chatheads/3697.png,"Smellytoes: Goblin, a crown, glasses, found in Goblin settlement"
../data/chatheads/3698.png,"Smiddi Ryak (hard): Human, female, red hair, glasses, found in Burgh de Rott"
../data/chatheads/3699.png,"Smith: Human, male, a beard, brown hair, a hat, glasses, found in Mos Le'Harmless docks"
../data/chatheads/3700.png,"Smithing apprentice: Human, male, found in Lumbridge"
../data/chatheads/3702.png,"Smoggy: Dwarf, male, a beard, brown hair, glasses, found in Hosidius"
../data/chatheads/3704.png,"Smokin' Joe: Dwarf, male, a goatee, glasses, found in Keldagrim"
../data/chatheads/3705.png,"Smol Heredit: a beard, a crown, glasses, found in Fortis Colosseum"
../data/chatheads/3706.png,"Smolcano: Demon, a goatee, a mask, glasses, found in Prifddinas"
../data/chatheads/3708.png,"Snailneck: Goblin, male, a beard, a mask, glasses, a cape, found in Lumbridge watermill"
../data/chatheads/3711.png,"Sneaky undead fowl: Bird, a helmet, glasses, found in Farm west of Port Phasmatys"
../data/chatheads/3715.png,"Snowball champion: Human, male, a beard, a helmet, glasses, found in ? (edit)"
../data/chatheads/3716.png,"Snowflake: Troll, female, a goatee, a mask, found in Weiss"
../data/chatheads/3719.png,"Soar Leader Pitri: Human, a beard, a crown, glasses, found in Hunters' Guild"
../data/chatheads/3720.png,"Sol Heredit: male, a beard, red hair, a helmet, glasses, found in Fortis Colosseum"
../data/chatheads/3721.png,"Soldier: Human, female, glasses, found in Battlefront"
../data/chatheads/3722.png,"Soldier: Human, male, a beard, glasses, found in Burthorpe"
../data/chatheads/3724.png,"Soldier: a beard, red hair, a hat, glasses, found in Chasm of Fire entrance"
../data/chatheads/3725.png,"Soldier: Human, male, brown hair, glasses, found in Death Plateau (south)"
../data/chatheads/3726.png,"Soldier: Human, male, a beard, a helmet, glasses, found in Northern Ocean"
../data/chatheads/3728.png,"Soldier: Human, male, a beard, a helmet, glasses, found in Shayzien"
../data/chatheads/3729.png,"Soldier: Human, male, a beard, a hat, glasses, found in Lizardman Canyon"
../data/chatheads/3732.png,"Soldier: Human, male, a beard, a helmet, glasses, found in Shayzien"
../data/chatheads/3734.png,"Soldier: Human, female, found in The Cloak and Stagger"
../data/chatheads/3735.png,"Solihib: Monkey, male, a mask, glasses, found in Marim"
../data/chatheads/3736.png,"Solztun: Ghost, male, a goatee, a hat, found in Stronghold of Security (bottom level)"
../data/chatheads/3737.png,"Sonalo: Dwarf, a beard, found in Cam Torum"
../data/chatheads/3739.png,"Sophanem Guard: Human, female, unnatural hair, a helmet, glasses, found in Sophanem"
../data/chatheads/3740.png,"Sophia Hughes: Human, female, found in Kourend Castle"
../data/chatheads/3741.png,"Sorceress: Human, female, a goatee, glasses, a cape, found in Al Kharid"
../data/chatheads/3742.png,"Sorcha: Pixie, female, glasses, found in Diango's Workshop"
../data/chatheads/3743.png,"Sorin: Human, male, found in Burgh de Rott"
../data/chatheads/3744.png,"Sorrn: Gnome, male"
../data/chatheads/3746.png,"Soup: a mustache, a hat, glasses, found in Sailing training"
../data/chatheads/3748.png,"Spang: Gnome, male, a helmet, found in Tree Gnome Stronghold"
../data/chatheads/3751.png,"Spectator: Vampyre, male, found in West Darkmeyer"
../data/chatheads/3752.png,"Spectator: Human, male, a beard, glasses, found in Fight Arena"
../data/chatheads/3753.png,"Spencer Brentwood: Human, male, a mustache, a helmet, glasses, found in The Zenith"
../data/chatheads/3754.png,"Sphinx: Sphinx, female, glasses, found in Sophanem"
../data/chatheads/3755.png,"Spice Merchant: glasses, found in Civitas illa Fortis"
../data/chatheads/3756.png,"Spice seller: Human, male, a beard, brown hair, glasses, found in East Ardougne"
../data/chatheads/3760.png,"Spike: female, glasses, found in Outer Fortis"
../data/chatheads/3764.png,"Spirit: a goatee, a mask, found in Rimmington church crypt"
../data/chatheads/3765.png,"Spirit Angler: Human, male, a goatee, a helmet, glasses, found in Ruins of Unkah"
../data/chatheads/3766.png,"Spirit Angler: Human, male, a goatee, brown hair, a hat, glasses, found in Ruins of Unkah"
../data/chatheads/3767.png,"Spirit of Scorpius: Ghost, male, a goatee, unnatural hair, a hat, found in Grave of Scorpius , south-west of Ardougne"
../data/chatheads/3768.png,"Spirit of Zadimus: Ghost, male, unnatural hair, a helmet, glasses, found in Tai Bwo Wannai , when burying Zadimus corpse ."
../data/chatheads/3770.png,"Spit goblin: Dorgeshuun, male, a mask, glasses, found in Southern Dorgesh-Kaan"
../data/chatheads/3775.png,"Spotter Virginia: Human, female, brown hair, a helmet, glasses, found in Before hiring: Ruins of Unkah After hiring: The Pandemonium"
../data/chatheads/3776.png,"Spria: Human, female, black hair, a hood, found in Draynor Village"
../data/chatheads/3778.png,"'Squawking' Steve Beanie: Human, male, a goatee, glasses, found in The Pandemonium"
../data/chatheads/3779.png,"Squire: Human, male, a beard, a helmet, glasses, found in White Knights' Castle"
../data/chatheads/3780.png,"Squire: Human, male, a beard, a helmet, glasses, found in Camelot castle"
../data/chatheads/3781.png,"Squire: Human, male, a beard, glasses, found in Civitas illa Fortis"
../data/chatheads/3782.png,"Squire: Human, male, a beard, a helmet, glasses, found in White Knights' Castle Crypt"
../data/chatheads/3783.png,"Squire (Intermediate): Human, male, a beard, glasses, found in Void Knight Outpost boat"
../data/chatheads/3784.png,"Squire (Novice): Human, female, brown hair, glasses, found in Void Knights' Outpost boat"
../data/chatheads/3785.png,"Squire (Veteran): Human, female, found in Void Knight Outpost boat"
../data/chatheads/3786.png,"Squire: Human, female, found in Void Knight Outpost"
../data/chatheads/3787.png,"Squire: Human, male, a beard, found in Void Knight Outpost"
../data/chatheads/3788.png,"Squire: Human, male, a beard, glasses, found in Void Knights' Outpost"
../data/chatheads/3789.png,"Squire: Human, male, glasses, found in Void Knight Outpost"
../data/chatheads/3790.png,"Squire: Human, male, a goatee, brown hair, a mask, glasses, found in Void Knight Outpost"
../data/chatheads/3791.png,"Squire: Human, male, a beard, found in Void Knight Outpost"
../data/chatheads/3793.png,"Squirrel: Squirrel, a goatee, brown hair, a crown, glasses, found in Fossil Island"
../data/chatheads/3794.png,"Squirrel: Troll, male, a goatee, a mask, glasses, found in Weiss"
../data/chatheads/3798.png,"Sraracha: Temple Spider, a goatee, a mask, glasses, found in Sarachnis"
../data/chatheads/3800.png,"Stanford: Human, male, a beard, glasses, found in Sinclair Mansion"
../data/chatheads/3801.png,"Stankers: Dwarf, male, a beard, a helmet, glasses, found in Coal Trucks"
../data/chatheads/3802.png,"Star Sprite: Star sprite, a mustache, a mask, glasses"
../data/chatheads/3804.png,"Steve: Human, male, unnatural hair, glasses, found in Stronghold Slayer Cave entrance"
../data/chatheads/3805.png,"'Sticky' Sanders: Human, male, a goatee, a helmet, glasses, found in Lady Zay"
../data/chatheads/3807.png,"Stonemason: Dwarf, male, a beard, a hat, glasses, found in Keldagrim"
../data/chatheads/3808.png,"Stonemason: Human, male, a beard, brown hair, a hat, glasses, found in Sophanem"
../data/chatheads/3812.png,"Stradius: Human, male, a beard, a helmet, glasses, found in Villa Lucens"
../data/chatheads/3816.png,"Strange Old Man: Human, male, a beard, unnatural hair, glasses, found in Barrows"
../data/chatheads/3819.png,"Stranger: Werewolf, male, a beard, brown hair, glasses, found in Hair of the Dog Tavern"
../data/chatheads/3820.png,"Straven: Human, male, found in South-east Varrock"
../data/chatheads/3826.png,"Street urchin: Human, male, found in Pollnivneach"
../data/chatheads/3827.png,"Strisath: Dragonkin, a goatee, a helmet, glasses, a cape, found in Lithkren Vault (cutscene)"
../data/chatheads/3828.png,"Strolgrum: Dwarf, male, found in World Wildlife Fund conservation area"
../data/chatheads/3829.png,"Strong catalytic guardian: Rune guardian, a goatee, a hat, glasses, found in Temple of the Eye"
../data/chatheads/3830.png,"Strong elemental guardian: Rune guardian, a goatee, a hat, glasses, found in Temple of the Eye"
../data/chatheads/3831.png,"Strong Ronny: Werewolf, male, found in Sisterhood Sanctuary"
../data/chatheads/3833.png,"Student: Human, male, blonde hair, glasses, found in Digsite"
../data/chatheads/3834.png,"Stuliette: Dwarf, female, a beard, a hat, glasses, found in Mount Quidamortem"
../data/chatheads/3835.png,"Stumpy: Dwarf, male, a beard, glasses, found in Blast Furnace"
../data/chatheads/3837.png,"Styrmir: Human, male, a beard, a mask, found in Rellekka Longhall Bar"
../data/chatheads/3838.png,"Sue: a mustache, unnatural hair, a helmet, glasses, found in Locus Oasis"
../data/chatheads/3839.png,"Sulisal: Human, male, a mustache, black hair, a helmet, glasses, found in Kastori"
../data/chatheads/3843.png,"Sune: Dwarf, male, a beard, a helmet, glasses, found in Keldagrim"
../data/chatheads/3849.png,"Supervisor Lalo: Human, male, a beard, a helmet, glasses, found in Alchemical Society lab"
../data/chatheads/3851.png,"Supreme Commander: Dwarf, male, a beard, glasses, found in Keldagrim"
../data/chatheads/3852.png,"Surgeon General Tafani: Human, female, brown hair, a hat, found in Emir's Arena"
../data/chatheads/3854.png,"Surok Magis: Human, male, a beard, a hat, glasses, found in Varrock Palace Library"
../data/chatheads/3855.png,"Survival Expert: Human, female, brown hair, found in Tutorial Island"
../data/chatheads/3856.png,"Suspect: Human, female, red hair, found in Evil twin"
../data/chatheads/3857.png,"Suspicious crate: Unknown, a helmet, glasses, found in Al Kharid"
../data/chatheads/3858.png,"Suspicious outsider: a hood, glasses, found in Draynor Village"
../data/chatheads/3859.png,"Suzie: Human, female, red hair, a hat, found in Varrock"
../data/chatheads/3860.png,"Svidi: Human, male, found in East of Rellekka"
../data/chatheads/3863.png,"Swamp Priest: Human, male, a goatee, a mask, glasses, found in Xeric's Shrine"
../data/chatheads/3870.png,"Swensen the Navigator: Human, male, a beard, found in Rellekka"
../data/chatheads/3871.png,"Sylas: Human, male, a beard, a hat, glasses, found in Taverley"
../data/chatheads/3872.png,"Sylvia: Human, female, brown hair, found in Blue Moon Inn"
../data/chatheads/3873.png,"Taala: Dwarf, female, a beard, brown hair, a helmet, found in Darkfrost base camp"
../data/chatheads/3874.png,"Tabbitha: Human, female, a beard, a helmet, glasses, a cape, found in Blue Moon Inn"
../data/chatheads/3876.png,"Taiman: Human, male, a goatee, a helmet, glasses, found in Ruins of Unkah"
../data/chatheads/3878.png,"Tamayu: Human, male, a helmet, glasses, found in Tai Bwo Wannai village"
../data/chatheads/3879.png,"Tamble: Gnome, male, a helmet, found in Tree Gnome Stronghold"
../data/chatheads/3880.png,"Tangleroot: Ent, a helmet, glasses, found in Farming training"
../data/chatheads/3882.png,"Tanner: Human, male, brown hair, glasses, found in Crafting Guild"
../data/chatheads/3883.png,"Tanya: Human, female, brown hair, glasses, found in Ruins of Uzer"
../data/chatheads/3884.png,"Tanya: Human, female, found in Slepe"
../data/chatheads/3889.png,"Tarfol quo Maten: Kahlith, male, a goatee, a mask, glasses, found in Karuulm Slayer Dungeon"
../data/chatheads/3890.png,"Taria: Human, female, brown hair, glasses, found in Rimmington"
../data/chatheads/3891.png,"Tarik: Human, male, a beard, a hat, glasses, found in Sophanem"
../data/chatheads/3892.png,"Tarn: Human, male, glasses, found in Tarn's Lair"
../data/chatheads/3893.png,"Tarquin: Human, male, a goatee, brown hair, a hat, found in Champions' Guild"
../data/chatheads/3894.png,"Tassie Slipcast: Human, female, red hair, found in Barbarian Village"
../data/chatheads/3895.png,"Tati: Dwarf, male, a beard, glasses, found in Keldagrim"
../data/chatheads/3896.png,"Tatie: Elf, female, black hair, found in Prifddinas"
../data/chatheads/3897.png,"Tau: Human, female, found in Falador"
../data/chatheads/3898.png,"Taxidermist: Werewolf, female, brown hair, a hat, glasses, found in Canifis"
../data/chatheads/3899.png,"Taylor: Human, male, a beard, brown hair, glasses, found in Farming Guild"
../data/chatheads/3900.png,"Tayten: Human, female, blonde hair, glasses, found in Mansion in a faraway island."
../data/chatheads/3901.png,"Taz: glasses, found in Outside Nemus Retreat"
../data/chatheads/3902.png,"Tea Seller: Human, male, a mustache, found in Varrock"
../data/chatheads/3903.png,"Teacher and pupil: Human, female, found in Varrock Museum"
../data/chatheads/3906.png,"Ted Rehnison: Human, male, a beard, found in West Ardougne"
../data/chatheads/3907.png,"Tegdak: Dorgeshuun, male, a hat, glasses, found in Dorgesh-Kaan"
../data/chatheads/3908.png,"Tegid: Human, male, a beard, glasses, found in Taverley"
../data/chatheads/3909.png,"Teicuh: Human, female, unnatural hair, glasses, found in Tal Teklan"
../data/chatheads/3910.png,"Telekinetic Guardian: Golem, a goatee, a helmet, glasses, found in Mage Training Arena"
../data/chatheads/3912.png,"Tenoch: Human, male, a beard, glasses, found in Tower of Ascension"
../data/chatheads/3915.png,"Tenzing: Human, male, a beard, found in Death Plateau"
../data/chatheads/3916.png,"Teodor: Human, male, brown hair, a hat, glasses, found in Burgh de Rott"
../data/chatheads/3920.png,"Terrorbird Guard 21: Engineered terrorbird, a goatee, a helmet, glasses, found in Cutscene"
../data/chatheads/3921.png,"Terrorbird Guard 72: Engineered terrorbird, a goatee, a helmet, glasses, found in Cutscene"
../data/chatheads/3923.png,"Terry Balando: Human, male, a beard, glasses, found in Exam Centre"
../data/chatheads/3924.png,"Tetra: Tortugan, a hat, glasses"
../data/chatheads/3925.png,"Teumo: Dwarf, male, a beard, a crown"
../data/chatheads/3926.png,"Thaerisk: Human, a beard, found in Taverley"
../data/chatheads/3927.png,"Thakkrad Sigmundson: Human, male, a beard, a helmet, glasses, found in Neitiznot"
../data/chatheads/3928.png,"The 'Wedge': Human, male, found in Camelot"
../data/chatheads/3929.png,"The Collector: Human, male, found in Varrock Museum"
../data/chatheads/3930.png,"The Disappointing Gelt: Human, male, a mask, found in Eastern Falador"
../data/chatheads/3931.png,"The Face: Human, female, found in Port Sarim"
../data/chatheads/3932.png,"The Fisher King: Human, male, a beard, found in Fisher Realm"
../data/chatheads/3933.png,"'The Guns': Human, male, a beard, a hat, found in Tower of Life"
../data/chatheads/3935.png,"The Lady of the Lake: Human, female, glasses, found in Taverley"
../data/chatheads/3937.png,"The Monkey's Aunt: Monkey, female, a helmet, glasses, found in Ape Atoll"
../data/chatheads/3938.png,"The Monkey's Uncle: Monkey, male, a mask, glasses, found in Roof of The Monkey's Aunt 's house"
../data/chatheads/3939.png,"The mouth of Clarence: Human, female, a goatee, glasses, found in Rabbit Hole"
../data/chatheads/3940.png,"The Sage: a beard, a helmet, glasses, a cape, found in Yama's Lair"
../data/chatheads/3941.png,"The Sage: Human, a goatee, a helmet, glasses, found in Lumbridge Castle"
../data/chatheads/3942.png,"The Sage: a goatee, a helmet, a cape, found in Lumbridge Castle"
../data/chatheads/3943.png,"The Sage: Unknown, a goatee, a helmet, glasses, a cape, found in Catherby"
../data/chatheads/3944.png,"The Sage: a goatee, red hair, a helmet, glasses, a cape, found in Lumbridge Castle"
../data/chatheads/3946.png,"Theodore Paxton: Human, male, brown hair, glasses, found in Red Rock"
../data/chatheads/3947.png,"Thessalia: Human, female, blonde hair, found in Varrock"
../data/chatheads/3948.png,"Thias Leacke: Human, male, found in Varrock Museum"
../data/chatheads/3949.png,"Thidrolda: Dwarf, female, glasses, found in World Wildlife Fund conservation area"
../data/chatheads/3950.png,"Thief: Human, male, a hood, found in Varrock"
../data/chatheads/3951.png,"Thief: Human, male, a beard, glasses, found in Grand Museum (cutscene)"
../data/chatheads/3952.png,"Thigo: Dwarf, male, a beard, glasses, found in Vatrachos Island"
../data/chatheads/3954.png,"Thingol: Elf, male, glasses, found in Prifddinas"
../data/chatheads/3955.png,"Thirus: Dwarf, male, a beard, found in Lovakengj"
../data/chatheads/3957.png,"Thomas: Human, male, found in West of the Champions' Guild"
../data/chatheads/3958.png,"Thomdril: Human, male, glasses, found in Great Kourend"
../data/chatheads/3959.png,"Thora: Human, female, brown hair, found in Miscellania and Etceteria Dungeon"
../data/chatheads/3960.png,"Thora the Barkeep: Human, female, blonde hair, found in Rellekka Longhall Bar"
../data/chatheads/3961.png,"Thordur: Dwarf, male, a beard, found in Dwarven Mines"
../data/chatheads/3962.png,"Thorgel: Dwarf, male, a beard, found in Temple of Light"
../data/chatheads/3963.png,"Thorkel Silkbeard: Human, male, a beard, found in Jatizso"
../data/chatheads/3964.png,"Thormac: Human, male, a beard, unnatural hair, a hat, found in Sorcerer's Tower"
../data/chatheads/3965.png,"Thorodin: Human, male, a beard, a helmet, glasses, found in Rellekka"
../data/chatheads/3966.png,"Thorodin: Dwarf, male, a beard, found in Miscellania and Etceteria Dungeon"
../data/chatheads/3968.png,"Thorvald the Warrior: Human, male, a beard, a helmet, glasses, found in Rellekka"
../data/chatheads/3969.png,"Thrander: Human, male, found in Realm of Memories"
../data/chatheads/3970.png,"Thumpy: Dwarf, male, a beard, a helmet, glasses, found in Blast Furnace"
../data/chatheads/3971.png,"Thurgo: Imcando dwarf, male, a beard, a helmet, glasses, found in Mudskipper Point , south of Port Sarim"
../data/chatheads/3972.png,"Thurid: Human, female, red hair, found in Sunset Coast"
../data/chatheads/3973.png,"Thyria: Human, female, a goatee, unnatural hair, a hat, a cape, found in Arceuus"
../data/chatheads/3974.png,"Tiadeche: Human, male, a helmet, glasses, found in Tai Bwo Wannai village"
../data/chatheads/3975.png,"Ticket dwarf: Dwarf, male, a beard, brown hair, a hat, glasses, found in In the train station in Keldagrim"
../data/chatheads/3976.png,"Ticket goblin: Dorgeshuun, male, a hat, glasses, found in Dorgesh-Kaan"
../data/chatheads/3977.png,"Ticket Merchant: Human, male, red hair, a hood, glasses, found in Ranging Guild"
../data/chatheads/3978.png,"Tide: Human, male, found in North of Prifddinas"
../data/chatheads/3980.png,"Tiles: Human, male, a goatee, a helmet, glasses, found in Bandit Camp"
../data/chatheads/3981.png,"Tilt: Troll, male, a goatee, a helmet, glasses, found in Pinball random event"
../data/chatheads/3982.png,"Tim: Human, male, a beard, glasses, found in Old School Museum"
../data/chatheads/3983.png,"Timallus: Human, male, found in Ruins of Unkah"
../data/chatheads/3984.png,"Timble: Gnome, male, a helmet, glasses, found in Tree Gnome Stronghold"
../data/chatheads/3985.png,"Timfraku: Human, male, a beard, a crown, glasses, found in Tai Bwo Wannai"
../data/chatheads/3987.png,"Tina: Human, female, found in Falador"
../data/chatheads/3988.png,"Tindar: Dorgeshuun, female, a hat, glasses, found in Dorgesh-Kaan market"
../data/chatheads/3989.png,"Tindel Marchant: Human, male, a goatee, found in Port Khazard"
../data/chatheads/3990.png,"Tinsay: Human, male, a beard, a crown, glasses, found in Tai Bwo Wannai village"
../data/chatheads/3991.png,"Tinse Torpe: Human, male, found in Varrock Museum"
../data/chatheads/3992.png,"Tiny Tempor: Sea Spirit, a goatee, a mask, glasses, found in Reward pool"
../data/chatheads/3993.png,"Tirrie: Elemental, female, unnatural hair, a mask, glasses, found in Water Ravine Dungeon"
../data/chatheads/3994.png,"Tizoro: Dwarf, male, a beard, found in Cam Torum"
../data/chatheads/3995.png,"Tjorvi: Human, male, a goatee, found in Miscellania and Etceteria Dungeon"
../data/chatheads/3996.png,"Toban: Ogre, male, a goatee, a mask, found in An island in the Feldip Hills"
../data/chatheads/3997.png,"Toby: Human, male, found in Varrock"
../data/chatheads/3998.png,"Toch: Human, a beard, brown hair, glasses, found in Auburn Valley"
../data/chatheads/3999.png,"Toci: Human, female, brown hair, glasses, found in Aldarin"
../data/chatheads/4000.png,"Tolna: Human, male, found in Tolna's rift"
../data/chatheads/4001.png,"Tom: Human, male, a beard, found in Christmas Factory"
../data/chatheads/4002.png,"Tomas Lawry: Human, male, a goatee, a mask, glasses, found in Port Piscarilius bank"
../data/chatheads/4003.png,"Tombar: Dwarf, male, a beard, glasses, found in Keldagrim West"
../data/chatheads/4004.png,"Tommy 2-times: Human, male, a beard, a helmet, glasses, found in Lady Zay"
../data/chatheads/4005.png,"Tonali Archer: Human, male, a goatee, a helmet, glasses, found in Crypt of Tonali"
../data/chatheads/4006.png,"Tonali Warrior: Human, male, red hair, a helmet, glasses, found in Crypt of Tonali"
../data/chatheads/4007.png,"Tool Leprechaun: Leprechaun, male, a beard, red hair, a hat, found in Various"
../data/chatheads/4008.png,"Tool Leprechaun: Leprechaun, male, red hair, a hat, glasses, found in Roof of the Troll Stronghold"
../data/chatheads/4009.png,"Toothy: Dwarf, male, a beard, glasses, found in Lovakengj"
../data/chatheads/4012.png,"Torbrund: Human, male, a beard, found in Rellekka Longhall Bar"
../data/chatheads/4013.png,"Torfinn: Human, male, a beard, a helmet, glasses, found in Rellekka"
../data/chatheads/4018.png,"Torrcs: Human, male, brown hair, found in Varrock Museum"
../data/chatheads/4019.png,"Torrell: Human, male, a beard, found in South of East Ardougne"
../data/chatheads/4021.png,"Tostig: Human, male, a goatee, a mask, glasses, found in Burthorpe"
../data/chatheads/4025.png,"Tourist, found in Civitas illa Fortis , Aldarin"
../data/chatheads/4026.png,"Tower Advisor: Human, male, a beard, a hood, found in Ranging Guild"
../data/chatheads/4027.png,"Tower Mage: Human, male, a mustache, a hat, found in Tower of Magic , Arceuus"
../data/chatheads/4028.png,"Town Crier: Human, male, a beard, glasses, found in Varrock"
../data/chatheads/4029.png,"Town Guard: Human, male, a beard, a helmet, glasses, found in Rellekka"
../data/chatheads/4031.png,"Clockwork cat: a goatee, a mask, glasses, found in Workshop"
../data/chatheads/4032.png,"Tracker gnome 1: Gnome, male, a beard, a hood, glasses, found in Battlefield"
../data/chatheads/4033.png,"Tracker gnome 2: Gnome, male, a beard, a hood, glasses, found in Battlefield"
../data/chatheads/4034.png,"Tracker gnome 3: Gnome, male, a beard, a hood, glasses, found in Battlefield"
../data/chatheads/4035.png,"Trade Referee: Dwarf, male, a goatee, glasses, found in Trade Octagon"
../data/chatheads/4036.png,"Trader: Dwarf, male, a beard, a helmet, glasses, found in Trade Octagon"
../data/chatheads/4037.png,"Trader: Dwarf, male, a beard, red hair, a helmet, glasses, found in Trade Octagon"
../data/chatheads/4038.png,"Trader: Dwarf, male, a beard, a helmet, found in Trade Octagon"
../data/chatheads/4039.png,"Trader: Dwarf, male, a beard, a helmet, found in Trade Octagon"
../data/chatheads/4040.png,"Trader: Dwarf, male, a beard, red hair, a helmet, glasses, found in Trade Octagon"
../data/chatheads/4041.png,"Trader: Dwarf, male, a beard, a helmet, glasses, found in Trade Octagon"
../data/chatheads/4042.png,"Trader: Dwarf, male, a beard, a helmet, glasses, found in Trade Octagon"
../data/chatheads/4043.png,"Trader: Dwarf, female, a goatee, a helmet, glasses, found in Trade Octagon"
../data/chatheads/4044.png,"Trader Crewmember: Human, female, glasses, found in Charter Ship locations"
../data/chatheads/4045.png,"Trader Crewmember: a goatee, brown hair, glasses, found in Rimmington Strait"
../data/chatheads/4046.png,"Trader Stan: Human, male, a goatee, a hat, found in The dock of Port Sarim"
../data/chatheads/4047.png,"Trader Sven: Human, male, found in Meiyerditch"
../data/chatheads/4048.png,"Tragacanth: Elf, male, a hood, glasses, found in Christmas Factory"
../data/chatheads/4050.png,"Trainer Nacklepen: Gnome, male, a hat, glasses, found in Tree Gnome Stronghold"
../data/chatheads/4051.png,"Tramp: Human, male, a beard, a helmet, found in Varrock"
../data/chatheads/4052.png,"Tramp: Human, male, brown hair, glasses, found in Varrock"
../data/chatheads/4053.png,"'Transmute' The Alchemist: Human, male, black hair, a hood, a cape, found in Outside of the Tower of Life"
../data/chatheads/4054.png,"Travelling merchant: Human, male, brown hair, a hat, glasses, found in Al Kharid"
../data/chatheads/4055.png,"Traxi: Dwarf, female, a goatee, unnatural hair, a hat, found in Hosidius"
../data/chatheads/4058.png,"Trefaji: Monkey, male, a helmet, glasses, found in Ape Atoll"
../data/chatheads/4060.png,"Treznor: Human, male, a beard, a helmet, glasses, found in Varrock"
../data/chatheads/4062.png,"Tribal Weapon Salesman: Human, male, a helmet, glasses, found in Ranging Guild"
../data/chatheads/4063.png,"Tristan: Human, male, a goatee, glasses"
../data/chatheads/4064.png,"Trobert: Human, male, found in Brimhaven"
../data/chatheads/4065.png,"Trogen Konungarde: Human, male, a beard, a helmet, glasses, found in Neitiznot Hall"
../data/chatheads/4067.png,"Troll: Troll, male, a goatee, a mask, glasses, found in Keldagrim"
../data/chatheads/4068.png,"Troll child: Troll, male, a goatee, a crown, glasses, found in Ice Path"
../data/chatheads/4069.png,"Troll father: Troll, male, a goatee, a crown, glasses, found in Ice Path"
../data/chatheads/4070.png,"Troll mother: Troll, female, a goatee, a crown, glasses, found in Ice Path"
../data/chatheads/4075.png,"Trossa: Human, male, a mustache, unnatural hair, a hat, found in North of Arceuus"
../data/chatheads/4076.png,"Trotters: Cat, a helmet, found in Varrock Sewers"
../data/chatheads/4077.png,"Trufitus: Human, male, a beard, glasses, found in Tai Bwo Wannai"
../data/chatheads/4079.png,"Tumeken's Guardian: Automaton, a beard, a mask, glasses, found in Tombs of Amascut"
../data/chatheads/4081.png,"Turael: Human, male, a beard, a hood, glasses, found in Burthorpe"
../data/chatheads/4083.png,"Turgall: Dorgeshuun, male, a helmet, glasses, found in Dorgesh-Kaan South Dungeon"
../data/chatheads/4084.png,"Turgok: Dorgeshuun, male, glasses, found in Dorgesh-Kaan market"
../data/chatheads/4085.png,"Turgon: Elf, male, glasses, found in Prifddinas"
../data/chatheads/4088.png,"Tutab: Monkey, male, a helmet, glasses, found in Ape Atoll"
../data/chatheads/4090.png,"Twiggy O'Korn: Human, female, red hair, glasses, found in South of Draynor Village bank"
../data/chatheads/4091.png,"Two-pints: Human, female, blonde hair, glasses, found in Flying Horse Inn , East Ardougne"
../data/chatheads/4092.png,"Tyke: Dorgeshuun, male, glasses, found in Dorgesh-Kaan"
../data/chatheads/4093.png,"Tynan: Human, male, a goatee, a helmet, found in Port Piscarilius"
../data/chatheads/4094.png,"Tyras guard: Human, male, found in Tyras Camp"
../data/chatheads/4095.png,"Tyss: Human, male, a mustache, a hat, found in Great Kourend"
../data/chatheads/4096.png,"Tzatelli: Human, male, a helmet, glasses"
../data/chatheads/4097.png,"TzHaar-Hur-Koz: TzHaar, a beard, a mask, glasses"
../data/chatheads/4098.png,"TzHaar-Hur-Lek: TzHaar, a beard, a helmet, glasses, found in Mor Ul Rek"
../data/chatheads/4099.png,"TzHaar-Hur-Rin: TzHaar, a beard, a helmet, glasses, found in Mor Ul Rek"
../data/chatheads/4100.png,"TzHaar-Hur-Tel: TzHaar, a beard, a helmet, glasses, found in Mor Ul Rek"
../data/chatheads/4101.png,"TzHaar-Hur-Zal: TzHaar, male, a beard, a helmet, glasses, found in Mor Ul Rek"
../data/chatheads/4102.png,"TzHaar-Ket-Keh: TzHaar, a goatee, red hair, a mask, glasses, found in Mor Ul Rek"
../data/chatheads/4103.png,"TzHaar-Ket-Rak: TzHaar, male, a helmet, glasses, a cape, found in Mor Ul Rek"
../data/chatheads/4104.png,"TzHaar-Ket-Yil: TzHaar, a mustache, a mask, glasses, found in Mor Ul Rek"
../data/chatheads/4105.png,"TzHaar-Ket-Zuh: TzHaar, a mustache, a mask, glasses, found in Mor Ul Rek"
../data/chatheads/4106.png,"TzHaar-Mej: TzHaar, a goatee, red hair, a mask, found in Mor Ul Rek"
../data/chatheads/4107.png,"TzHaar-Mej-Bal: TzHaar, a goatee, red hair, a mask, glasses, found in Mor Ul Rek"
../data/chatheads/4108.png,"TzHaar-Mej-Dir: TzHaar, a goatee, red hair, a mask, glasses, found in Mor Ul Rek"
../data/chatheads/4109.png,"TzHaar-Mej-Jal: TzHaar, a goatee, red hair, a mask, glasses, found in Mor Ul Rek"
../data/chatheads/4110.png,"TzHaar-Mej-Kah: TzHaar, a goatee, red hair, a mask, found in Mor Ul Rek"
../data/chatheads/4111.png,"TzHaar-Mej-Roh: TzHaar, a goatee, red hair, a mask, found in Mor Ul Rek"
../data/chatheads/4112.png,"Tziuhtla: Human, female, unnatural hair, a hood, found in Kastori"
../data/chatheads/4113.png,"TzRek-Jad: TzHaar, a goatee, a mask, found in TzHaar Fight Cave"
../data/chatheads/4114.png,"Ueman, Teoki of Ralos: a goatee, unnatural hair, a helmet, glasses, found in Fortis Colosseum"
../data/chatheads/4115.png,"Ug: Troll, male, a goatee, a crown, glasses, found in Troll Stronghold"
../data/chatheads/4116.png,"Uglug Nar: Ogre, male, found in Jiggig"
../data/chatheads/4118.png,"Ulifed: Dwarf, male, a beard, found in Keldagrim"
../data/chatheads/4119.png,"Ulina: Human, female, found in Christmas Factory"
../data/chatheads/4120.png,"Ulizius: Human, male, glasses, found in North of the gate leading to Mort Myre swamp ."
../data/chatheads/4121.png,"Ulsquire Shauncy: Human, male, a mustache, glasses, found in Mort'ton"
../data/chatheads/4127.png,"Undor: Dwarf, male, a beard, found in Wintertodt Camp"
../data/chatheads/4128.png,"Unferth: Human, male, found in Burthorpe"
../data/chatheads/4130.png,"Ungadulu: Human, male, a beard, a crown, glasses, found in ? (edit)"
../data/chatheads/4132.png,"Unicorn1337Kilr: Human, male, a goatee, a helmet, glasses, found in North-west of Lumbridge Swamp during 2021 Birthday event"
../data/chatheads/4135.png,"Upset easter egg hunter: Human, male, glasses, found in Varrock"
../data/chatheads/4136.png,"Ur-lun: Dorgeshuun, female, glasses, found in Dorgesh-Kaan"
../data/chatheads/4137.png,"Ur-meg: Dorgeshuun, female, glasses, found in Dorgesh-Kaan"
../data/chatheads/4138.png,"Ur-pel: Dorgeshuun, female, glasses, found in Dorgesh-Kaan"
../data/chatheads/4139.png,"Ur-taal: Dorgeshuun, female, glasses, found in Dorgesh-Kaan"
../data/chatheads/4140.png,"Ur-tag: Dorgeshuun, male, glasses, found in Dorgesh-Kaan"
../data/chatheads/4141.png,"Ur-vass: Dorgeshuun, male, glasses, found in Dorgesh-Kaan"
../data/chatheads/4142.png,"Ur-zek: Dorgeshuun, male, unnatural hair, glasses, found in Dorgesh-Kaan"
../data/chatheads/4143.png,"Urbi: Human, female, glasses, found in Sophanem"
../data/chatheads/4144.png,"Uri: Human, male, a mustache, a hat, a cape, found in Wherever an emote clue is completed"
../data/chatheads/4145.png,"Usi: Human, male, a beard, a hood, glasses, found in Nardah"
../data/chatheads/4146.png,"Utrec: Dwarf, male, a beard, found in Mining Guild"
../data/chatheads/4147.png,"Uurrak quo Narga: Kahlith, a goatee, a mask, glasses, found in Mount Karuulm"
../data/chatheads/4148.png,"Uwogo: Monkey, male, a mask, glasses, found in Marim"
../data/chatheads/4149.png,"V: Human, male, a beard, a helmet, glasses, found in Cutscene"
../data/chatheads/4150.png,"Vaeringk: Dwarf, male, a beard, a helmet, glasses, found in Keldagrim"
../data/chatheads/4151.png,"Vaire: Elf, female, found in Prifddinas"
../data/chatheads/4152.png,"Valaine: Human, female, blonde hair, found in Champions' Guild"
../data/chatheads/4153.png,"Valantay Eppel (medium): Human, male, a mustache, glasses, found in Burgh de Rott"
../data/chatheads/4155.png,"Valentin Rasputin: Vampyre, male, found in North Darkmeyer"
../data/chatheads/4156.png,"Valentina Diaemus: Vampyre, female, a goatee, red hair, a mask, a cape, found in West Darkmeyer"
../data/chatheads/4157.png,"Valeria: Human, female, a mask, found in Burgh de Rott"
../data/chatheads/4158.png,"Vallessia Dracyula: Vampyre, female, a goatee, a mask, found in North Darkmeyer"
../data/chatheads/4159.png,"Vallessia von Pitt: Vampyre, female, a goatee, found in North-east Darkmeyer"
../data/chatheads/4160.png,"Vampyre Juvenile: Vampyre, male, glasses, found in Ver Sinhaza"
../data/chatheads/4161.png,"Vampyre Juvinate: Vampyre, a mask, glasses, found in Daeyalt essence mine"
../data/chatheads/4162.png,"Vampyre Juvinate: Vampyre, a mask, glasses, found in Meiyerditch mine"
../data/chatheads/4164.png,"Vampyressa van Von: Vampyre, female, a goatee, a mask, found in North-east Darkmeyer"
../data/chatheads/4166.png,"Vampyrus Diaemus: Vampyre, male, a mask, found in North Darkmeyer"
../data/chatheads/4167.png,"Vanescula Drakan: Vampyre, female, a goatee, black hair, found in Meiyerditch"
../data/chatheads/4168.png,"Vanessa: Human, female, red hair, glasses, found in North of Catherby"
../data/chatheads/4169.png,"Vanligga Gastfrihet: Human, female, brown hair, a hood, found in Jatizso"
../data/chatheads/4170.png,"Vannah: Human, female, found in Hosidius"
../data/chatheads/4171.png,"Vannaka: Human, male, a beard, found in Edgeville Dungeon"
../data/chatheads/4172.png,"Vanstrom Klause: Vampyre, male, brown hair, a hood, found in Hair of the Dog"
../data/chatheads/4173.png,"Vardorvis' Head: Vampyre ( Strangled ), a beard, a helmet, glasses, found in Stranglewood Ritual Site"
../data/chatheads/4174.png,"Varrian Sobak: Vampyre, female, a goatee, found in North-west Darkmeyer"
../data/chatheads/4175.png,"Vasile: Human, male, a beard, brown hair, found in Burgh de Rott"
../data/chatheads/4176.png,"Vasquen: Human, male, a beard, brown hair, a hat, found in Lumbridge"
../data/chatheads/4179.png,"Veliaf Hurtz: Human, male, a mustache, black hair, a helmet, glasses, found in Under Canifis , Burgh de Rott"
../data/chatheads/4180.png,"Velorina: Ghost, female, unnatural hair, a crown, glasses, found in Port Phasmatys"
../data/chatheads/4181.png,"Velrak the explorer: Human, male, a beard, a mask, glasses, found in Taverley Dungeon"
../data/chatheads/4182.png,"Venenatis spiderling: Spider, a goatee, a helmet, wings, found in Venenatis"
../data/chatheads/4183.png,"Veos: Human, male, a beard, glasses, a cape, found in Port Sarim docks, Port Piscarilius , The Sheared Ram in Lumbridge"
../data/chatheads/4184.png,"Veos' Client: Unknown, male, a beard, found in Port Piscarilius"
../data/chatheads/4186.png,"Verak: Human, male, a mask, glasses, found in East of Burgh de Rott"
../data/chatheads/4187.png,"Vermundi: Dwarf, female, found in Keldagrim"
../data/chatheads/4188.png,"Veronica: Human, female, glasses, found in Draynor Manor"
../data/chatheads/4189.png,"Vertida Sefalatis: Human, male, glasses, found in Meiyerditch"
../data/chatheads/4190.png,"Verzik Vitur: Vampyre / Nylocas, female, a goatee, a cape, found in Ver Sinhaza"
../data/chatheads/4191.png,"Vestri: Dwarf, male, a beard, found in Near White Wolf Mountain"
../data/chatheads/4192.png,"Vet'ion Jr.: Skeleton, a goatee, a mask, found in Vet'ion"
../data/chatheads/4193.png,"Vial: Demon, a goatee, red hair, a mask, glasses, found in Yama's Lair"
../data/chatheads/4194.png,"Victor: Human, male, found in Burgh de Rott"
../data/chatheads/4195.png,"Victor: Human, male, black hair, found in Civitas illa Fortis"
../data/chatheads/4196.png,"Victoria Kebbit-Monkfish: Merfolk, found in South west of the Pandemonium"
../data/chatheads/4199.png,"Vigr: Dwarf, male, a beard, a hat, found in Keldagrim"
../data/chatheads/4200.png,"Vigroy: Human, male, a beard, glasses, found in Shilo Village"
../data/chatheads/4203.png,"Villa Guard: Human, a helmet, glasses, found in Villa Lucens"
../data/chatheads/4204.png,"Villager: Human, male, a beard, glasses, found in Pollnivneach"
../data/chatheads/4205.png,"Villia: Human, female, a goatee, unnatural hair, a hat, a cape, found in Arceuus Library"
../data/chatheads/4206.png,"Vincens: Human, male, glasses, found in Outer Fortis"
../data/chatheads/4207.png,"Vineyard foreman: Human, male, glasses, found in Moonrise Brewery and Winery"
../data/chatheads/4208.png,"Vineyard worker: Human, male, found in Aldarin"
../data/chatheads/4209.png,"Violetta Sanguine: Vampyre, female, a mustache, brown hair, a mask, found in Northern Darkmeyer"
../data/chatheads/4210.png,"Virilis: a helmet, glasses, found in Ralos' Rise"
../data/chatheads/4212.png,"Vlad Bechstein: Vampyre, male, a goatee, a mask, found in North-east Darkmeyer"
../data/chatheads/4213.png,"Vlad Diaemus: Vampyre, male, a mask, found in North-west Darkmeyer"
../data/chatheads/4214.png,"Vladimir: Human, male, brown hair, a mask, glasses, found in Burgh de Rott"
../data/chatheads/4215.png,"Voice of Yama: Demon, a goatee, a crown, found in Chasm of Fire"
../data/chatheads/4216.png,"Void Knight: Human, male, a beard, glasses, found in Void Knights' Outpost"
../data/chatheads/4218.png,"Volf Olafson: Human, male, a beard, brown hair, glasses, found in Rellekka"
../data/chatheads/4219.png,"Von van Von: Vampyre, male, a cape, found in South-west Darkmeyer"
../data/chatheads/4220.png,"Vonnetta Varnis: Vampyre, female, a goatee, a mask, found in North-east Darkmeyer"
../data/chatheads/4221.png,"Vorbio: Dwarf, a beard, glasses, found in ? (edit)"
../data/chatheads/4223.png,"Vorki: Undead blue dragon, a goatee, unnatural hair, a mask, glasses, wings, found in Vorkath"
../data/chatheads/4224.png,"Vormar Vakan: Vampyre, male, a mask, found in North-west Darkmeyer"
../data/chatheads/4225.png,"Vornas quo Maten: Kahlith, a goatee, a mask, glasses, found in Mount Karuulm"
../data/chatheads/4226.png,"Vortas quo Keran: Kahlith, a goatee, a mask, glasses, found in Mount Karuulm"
../data/chatheads/4227.png,"Vritra: Basilisk, a goatee, a helmet, glasses, wings, found in Island of Stone"
../data/chatheads/4228.png,"Vulcan Orvoros: Vampyre, male, a cape, found in Ver Sinhaza"
../data/chatheads/4229.png,"Vyre Orator: Vampyre, male, a goatee, a mask, glasses, found in Ver Sinhaza"
../data/chatheads/4230.png,"Vyrelady: Vampyre, female, a mustache, brown hair, a mask, found in Ver Sinhaza"
../data/chatheads/4231.png,"Vyrelord: Vampyre, male, found in Ver Sinhaza"
../data/chatheads/4232.png,"Vyrewatch: Vyrewatch, a goatee, a mask, glasses, found in Ver Sinhaza bank"
../data/chatheads/4234.png,"Waitress: Human, female, red hair, a hat, found in The Nutcracker"
../data/chatheads/4235.png,"Wally: Human, male, a beard, glasses, found in Varrock"
../data/chatheads/4236.png,"Wanderer: Feline, female, red hair, glasses, found in Outside of Sophanem"
../data/chatheads/4237.png,"Wandering Guard: Human, male, a helmet, glasses, found in Aldarin"
../data/chatheads/4238.png,"Wandering impling: Impling, male, a hat, glasses, found in Wheat field in Zanaris"
../data/chatheads/4240.png,"Warden: Human, female, a beard, a helmet, glasses, found in Civitas illa Fortis"
../data/chatheads/4241.png,"Warmhandz: Goblin, a helmet, found in Outside Lumbridge General Store"
../data/chatheads/4243.png,"Warrior: Human, male, a beard, brown hair, a mask, glasses, found in Lumbridge Swamp"
../data/chatheads/4244.png,"Watchtower Wizard: Human, male, unnatural hair, a hat, glasses, a cape, found in Yanille Watchtower"
../data/chatheads/4246.png,"Watson: Human, male, a mustache, a hat, found in Hosidius"
../data/chatheads/4248.png,"Waydar: Gnome, male, a beard, a helmet, glasses, found in Secret Hangar , Crash Island"
../data/chatheads/4249.png,"Waymottin: Gnome, male, a beard, a hood, found in Ape Atoll Dungeon"
../data/chatheads/4250.png,"Wayne: Human, male, a beard, found in Southern Falador"
../data/chatheads/4251.png,"Wayne: Human, male, a beard, found in Falador"
../data/chatheads/4252.png,"Weak catalytic guardian: Rune guardian, a goatee, a hat, glasses, found in Temple of the Eye"
../data/chatheads/4253.png,"Weak elemental guardian: Rune guardian, a goatee, a hat, glasses, found in Temple of the Eye"
../data/chatheads/4254.png,"Wealthy citizen: Human, female, brown hair, found in Bazaar"
../data/chatheads/4255.png,"Weapon poison salesman: Human, male, a beard, a hood, glasses, found in ? (edit)"
../data/chatheads/4257.png,"weast side49: Human, female, a beard, a helmet, glasses, found in Hallowed Sepulchre"
../data/chatheads/4258.png,"Weave: Human, found in Morytania Spider Cave"
../data/chatheads/4260.png,"Weird Old Man: Human, male, a beard, found in Outside the Kalphite Lair"
../data/chatheads/4262.png,"Well-dressed man: Human, male, found in Aldarin"
../data/chatheads/4263.png,"Wemund: Dwarf, male, a beard, a helmet, glasses, found in Keldagrim"
../data/chatheads/4264.png,"Wengra quo Sihar: Kahlith, a goatee, a mask, glasses, found in Mount Karuulm"
../data/chatheads/4265.png,"Werewolf: Werewolf, male, a goatee, a helmet, glasses, a cape, found in Darkmeyer"
../data/chatheads/4266.png,"Werewolf: Werewolf, male, a goatee, a helmet, glasses, a cape, found in Haunted Woods"
../data/chatheads/4267.png,"Werewolf: Werewolf, male, a goatee, a mask, found in Haunted Woods"
../data/chatheads/4268.png,"Wesley: Human, male, glasses, found in Nardah"
../data/chatheads/4269.png,"Weve: Human, male, found in Wyvern Cave"
../data/chatheads/4271.png,"Wheeler: Human, female, blonde hair, glasses, found in Rabbit Hole"
../data/chatheads/4273.png,"White Chisel Director: Dwarf, male, a beard, glasses, found in Keldagrim"
../data/chatheads/4274.png,"White Chisel Secretary: Dwarf, male, a beard, found in Keldagrim"
../data/chatheads/4283.png,"Will: Human, male, glasses, found in Port Sarim"
../data/chatheads/4285.png,"William: Human, male, a beard, brown hair, glasses, found in Red Dragon Isle"
../data/chatheads/4286.png,"Willow: Human, female, brown hair, glasses, found in South of Ice Mountain"
../data/chatheads/4287.png,"Wilough: Human, male, glasses, found in Varrock square"
../data/chatheads/4288.png,"Wily cat: Cat, a mask, found in Gertrude"
../data/chatheads/4290.png,"Winelda: Human, female, a hat, glasses, found in Temple of Ikov"
../data/chatheads/4291.png,"Wingstone: Gnome, male, a hat, glasses, found in Nardah"
../data/chatheads/4292.png,"Winkin: Gnome, male, a beard, a hood, found in Taverley"
../data/chatheads/4294.png,"Winter Soldier: Human, male, a beard, red hair, a hat, found in Wintertodt Camp"
../data/chatheads/4297.png,"Wise Old Man: Human, male, a beard, a mask, glasses, found in Draynor Village"
../data/chatheads/4299.png,"Wise Old Man: a beard, a mask, glasses, found in Land of Snow"
../data/chatheads/4300.png,"Wise Old Man: Human, male, a beard, a mask, glasses, found in Al Kharid"
../data/chatheads/4301.png,"Wiskit: Human, male, a mask, found in Aurel 's general store"
../data/chatheads/4302.png,"Wisp: Siren, a goatee, a helmet, glasses, found in The Whisperer"
../data/chatheads/4303.png,"Wistan: Human, male, a beard, found in Burthorpe"
../data/chatheads/4304.png,"Witch: Human, female, a hat, found in Draynor Manor"
../data/chatheads/4305.png,"Witch: Human, female, unnatural hair, a hat, found in Black Knights' Fortress"
../data/chatheads/4306.png,"Witch's cat: Cat, a mask, found in Underground Pass"
../data/chatheads/4307.png,"Witchaven villager: Human, male, a hat, glasses, found in Witchaven"
../data/chatheads/4308.png,"Wizard: Human, male, unnatural hair, a hat, glasses, found in Arceuus"
../data/chatheads/4310.png,"Wizard: Human, male, a beard, unnatural hair, a hat, glasses, found in Lumbridge Swamp"
../data/chatheads/4311.png,"Wizard: Human, male, a beard, unnatural hair, a hat, glasses, found in Watchtower"
../data/chatheads/4312.png,"Wizard Akutha: Human, male, found in Wizards' Guild"
../data/chatheads/4313.png,"Wizard Cromperty: Human, male, found in East Ardougne"
../data/chatheads/4314.png,"Wizard Distentor: Human, male, a beard, brown hair, a hat, found in Wizards' Guild"
../data/chatheads/4315.png,"Wizard Frumscone: Human, male, unnatural hair, a hat, glasses, found in Wizards' Guild basement"
../data/chatheads/4316.png,"Wizard Gary: Human, male, red hair, a hat, found in South Varrock"
../data/chatheads/4317.png,"Wizard Grayzag: Human, male, a beard, brown hair, a hat, found in Wizards' Tower 2 nd floor [ UK ] 3 rd floor [ US ]"
../data/chatheads/4318.png,"Wizard Jalarast: Human, female, a hat, found in Wizards' Tower"
../data/chatheads/4319.png,"Wizard Mizgog: Human, male, a beard, a helmet, glasses, a cape, found in Wizards' Tower 2 nd floor [ UK ] 3 rd floor [ US ]"
../data/chatheads/4320.png,"Wizard Persten: Human , Mahjarrat, female, unnatural hair, a hat, glasses, found in Oasis north of Al Kharid"
../data/chatheads/4321.png,"Wizard Sinina: Human, male, a beard, a helmet, glasses, a cape, found in Wizards' Guild"
../data/chatheads/4322.png,"Wizard Traiborn: Human, male, a beard, unnatural hair, glasses, a cape, found in Wizards' Tower 1 st floor [ UK ] 2 nd floor [ US ]"
../data/chatheads/4324.png,"Wolf: Human, male, a beard, white grey hair, a hood, glasses, a cape, found in Blue Moon Inn"
../data/chatheads/4325.png,"Wolfbone: Troll, male, a goatee, a hood, found in Troll Stronghold kitchen"
../data/chatheads/4326.png,"Woman: Human, blonde hair, found in Blue Moon Inn"
../data/chatheads/4328.png,"Woman: Human, female, found in The Warrens"
../data/chatheads/4329.png,"Woman: Human, female, blonde hair, glasses, found in Dorgeshuun Mines"
../data/chatheads/4330.png,"Woman-at-arms (hard): Human, female, a helmet, glasses, found in Paterdomus"
../data/chatheads/4331.png,"Wood Dryad: Dryad, female, glasses, found in Enchanted Valley"
../data/chatheads/4332.png,"Woodcutting Leprechaun: Leprechaun, a beard, a hat, found in Forestry events"
../data/chatheads/4334.png,"Woodsman tutor: Human, male, a beard, red hair, glasses, found in Lumbridge"
../data/chatheads/4336.png,"Worker: Dwarf, male, a goatee, found in Cam Torum"
../data/chatheads/4337.png,"Worker: Dwarf, male, a goatee, found in Mistrock mine"
../data/chatheads/4338.png,"Worker: Human, male, a beard, a helmet, glasses, found in Port Roberts"
../data/chatheads/4339.png,"Worker: Human, male, brown hair, glasses, found in Red Rock"
../data/chatheads/4340.png,"Worker: Human, male, glasses, found in Sophanem"
../data/chatheads/4341.png,"Worker: Dwarf, male, a goatee, found in Stonecutter Outpost"
../data/chatheads/4342.png,"Worker: Dwarf, a beard, brown hair, found in The Darkfrost"
../data/chatheads/4343.png,"Worker: Dwarf, male, a goatee, found in The Windbreaker , Quetzacalli Gorge"
../data/chatheads/4344.png,"Worker: male, brown hair, glasses, found in Varlamore"
../data/chatheads/4345.png,"Workman: Human, male, a beard, found in Falador"
../data/chatheads/4348.png,"Worm Tongue: Anteater, a mustache, a helmet, glasses, found in Colossal Wyrm Remains"
../data/chatheads/4349.png,"Worried Baker: Human, male, a goatee, found in Varrock"
../data/chatheads/4350.png,"Wounded soldier: Human, a beard, glasses, found in Infirmary"
../data/chatheads/4351.png,"Wounded soldier: Human, a beard, glasses, found in Battlefront"
../data/chatheads/4352.png,"Wurbel: Gnome, male, a beard, red hair, a helmet, glasses, found in Tree Gnome Stronghold"
../data/chatheads/4353.png,"WWF conservationist: Human, male, a helmet, glasses, found in Grand Exchange"
../data/chatheads/4354.png,"Wydin: Human, male, red hair, glasses, found in Port Sarim"
../data/chatheads/4355.png,"Wydin: Human, male, red hair, glasses"
../data/chatheads/4356.png,"Wyson the gardener: Human, male, a beard, found in Falador Park"
../data/chatheads/4357.png,"Wyson the gardener: Human, male, a beard, red hair, found in Falador"
../data/chatheads/4359.png,"Xamphur: Human, male, a goatee, a mask, glasses, a cape, found in Lizardman Temple"
../data/chatheads/4361.png,"Xi_plzPetDogz_xiX: Human, male, a goatee, found in South of Edgeville Monastery"
../data/chatheads/4362.png,"Xilo: Human, female, unnatural hair, glasses, found in Tlati Rainforest"
../data/chatheads/4363.png,"Xochitl: Human, female, unnatural hair, glasses, found in Tal Teklan"
../data/chatheads/4364.png,"Xocotla: Human, female, blonde hair, found in Villa Lucens"
../data/chatheads/4366.png,"Xopanatl, Teoki of Ralos: Human, brown hair, a crown, found in Crypt of Tonali"
../data/chatheads/4367.png,"Xorrah quo Sihar: Kahlith, a goatee, a mask, glasses, found in Mount Karuulm"
../data/chatheads/4368.png,"Yadech Strongarm: Human, male, a beard, a helmet, glasses, found in Warriors' Guild"
../data/chatheads/4369.png,"Yama: male, a goatee, a mask, glasses, found in Yama's Domain"
../data/chatheads/4370.png,"Yami: a goatee, a mask, found in Chasm of Fire"
../data/chatheads/4371.png,"Yanes: Undead, male, a beard, a mask, glasses, found in Western end of Lumbridge Swamp"
../data/chatheads/4372.png,"Yann the unlucky: Human, male, a helmet"
../data/chatheads/4373.png,"Yanni Salika: Human, male, a goatee, glasses, found in Shilo Village"
../data/chatheads/4374.png,"Yarnio: Dwarf, male, a beard, found in Cam Torum"
../data/chatheads/4375.png,"Yarsul: Dwarf, male, a goatee, found in Mining Guild"
../data/chatheads/4376.png,"Yeldive: Undead, male, a goatee, a mask, glasses, a cape, found in Western end of Lumbridge Swamp"
../data/chatheads/4377.png,"Yellow Fortune Director: Dwarf, female, a beard, glasses, found in Keldagrim"
../data/chatheads/4378.png,"Yellow Fortune Secretary: Dwarf, female, found in Keldagrim"
../data/chatheads/4383.png,"Yellow Snow: Troll, male, a goatee, a mask, found in Weiss"
../data/chatheads/4384.png,"Yenrab: Human, male, a goatee, found in Slepe"
../data/chatheads/4385.png,"Yewnock the Engineer: Gnome, male, glasses, found in Cutscene"
../data/chatheads/4386.png,"Ymladd: Elf, male, glasses, found in Prifddinas"
../data/chatheads/4388.png,"Yohnus: Human, male, a beard, glasses, found in Shilo Village"
../data/chatheads/4389.png,"Yolotli, Teoki of Ralos: Human, male, unnatural hair, a helmet, glasses, found in Varlamore"
../data/chatheads/4390.png,"Young 'un: Dorgeshuun, male, glasses, found in Dorgesh-Kaan"
../data/chatheads/4391.png,"Youngllef: Crystal hunllef, a goatee, unnatural hair, a crown, glasses, found in The Gauntlet"
../data/chatheads/4392.png,"Yrsa: Human, female, found in Rellekka"
../data/chatheads/4393.png,"Ysbeid: Elf, female, red hair, found in Prifddinas"
../data/chatheads/4394.png,"Ysgawyn: Elf, male, found in Lletya"
../data/chatheads/4395.png,"Ystwyth: Elf, female, red hair, glasses, found in Prifddinas"
../data/chatheads/4396.png,"Yulf Squecks: Gnome, male, a beard, a hood, glasses, found in Etceteria"
../data/chatheads/4397.png,"Yusuf: Human, male, a goatee, found in Corsair Cove"
../data/chatheads/4398.png,"Zaff: Human, male, a beard, glasses, found in Varrock"
../data/chatheads/4399.png,"Zahra: Human, female, a beard, a hood, glasses, found in Nardah"
../data/chatheads/4400.png,"Zahur: Human, female, a beard, glasses, found in Nardah"
../data/chatheads/4401.png,"Zahwa: Human, male, a goatee, a mask, glasses, found in Emir's Arena"
../data/chatheads/4402.png,"Zamorakian Acolyte: Human, male, glasses, a cape, found in Ferox Enclave"
../data/chatheads/4403.png,"Zamorakian recruiter: Human, female, found in Grand Exchange"
../data/chatheads/4404.png,"Zanaris choir: Human, male, a cape, found in Anywhere in the Lost City of Zanaris."
../data/chatheads/4405.png,"Zandar Horfyre: Human, male, a beard, glasses, found in Dark Wizards' Tower"
../data/chatheads/4406.png,"Zanik: Dorgeshuun, female, a crown, glasses, found in Dorgesh-Kaan , Lumbridge"
../data/chatheads/4409.png,"Zavistic Rarve: Human, male, a beard, unnatural hair, a hat, glasses, found in Wizards' Guild"
../data/chatheads/4410.png,"Zealot: Human, male, a beard, found in Abandoned Mine"
../data/chatheads/4414.png,"Zeke: Human, male, a beard, a helmet, glasses, a cape, found in Al Kharid"
../data/chatheads/4415.png,"Zeke: Human, male, a beard, a helmet, glasses, a cape, found in Lumbridge Castle ground floor [ UK ] 1 st floor [ US ]"
../data/chatheads/4416.png,"Zembo: Human, male, a goatee, found in Musa Point, Karamja"
../data/chatheads/4417.png,"Zemouregal: Mahjarrat, a beard, a mask, glasses, found in Zemouregal's Base"
../data/chatheads/4418.png,"Zenesha: Human, female, blonde hair, glasses, found in East Ardougne"
../data/chatheads/4419.png,"Zenkog: Dorgeshuun, female, glasses, found in Dorgesh-Kaan market"
../data/chatheads/4421.png,"Zimberfizz: Imp, male, a goatee, red hair, a mask, glasses, found in Isle of Souls"
../data/chatheads/4422.png,"Zombie: Zombie, male, glasses"
../data/chatheads/4425.png,"Zombie Head: Zombie, male, glasses, found in Lumbridge Swamp"
../data/chatheads/4427.png,"Zombie monk: Zombie, male, a mask, glasses, found in Harmony Island"
../data/chatheads/4428.png,"Zombie pirate: Undead, male, a beard, red hair, a hat, glasses, found in Shipwreck at Pyre Cove"
../data/chatheads/4430.png,"Zombie protester: Zombie, male, a goatee, a mask, glasses, found in Braindeath Island"
../data/chatheads/4432.png,"Zoo keeper: Human, male, a beard, brown hair, a hat, glasses, found in Ardougne Zoo"
../data/chatheads/4433.png,"Zooknock: Gnome, male, glasses, found in Ape Atoll Dungeon"
../data/chatheads/4434.png,"Zorgoth: Dragonkin, male, a goatee, a helmet, glasses, a cape, found in Lithkren"
../data/chatheads/4435.png,"Zul-Aniel: Human, male, a beard, brown hair, found in Zul-Andra"
../data/chatheads/4436.png,"Zul-Areth: Human, male, a beard, brown hair, found in Zul-Andra"
../data/chatheads/4437.png,"Zul-Cheray: Gnome, female, found in Zul-Andra"
../data/chatheads/4438.png,"Zul-Gutusolly: Gnome, male, found in Zul-Andra"
../data/chatheads/4439.png,"Zul-Onan: Human, male, a beard, found in Zul-Andra"
../data/chatheads/4440.png,"Zul-Urgish: Ogre, male, found in Zul-Andra"
../data/chatheads/4441.png,"Zuma: Human, male, brown hair, a helmet, glasses, found in Outside Cam Torum . Upstairs in The Teomat (post quest)"
